--
-- PostgreSQL database dump
--

-- Dumped from database version 10.1
-- Dumped by pg_dump version 10.1

-- Started on 2018-04-11 23:21:30

SET statement_timeout = 0;
SET lock_timeout = 0;
SET idle_in_transaction_session_timeout = 0;
SET client_encoding = 'UTF8';
SET standard_conforming_strings = on;
SET check_function_bodies = false;
SET client_min_messages = warning;
SET row_security = off;

DROP DATABASE aktivity;
--
-- TOC entry 3013 (class 1262 OID 25094)
-- Name: aktivity; Type: DATABASE; Schema: -; Owner: postgres
--

CREATE DATABASE aktivity WITH TEMPLATE = template0 ENCODING = 'UTF8' LC_COLLATE = 'Czech_Czechia.1250' LC_CTYPE = 'Czech_Czechia.1250';


ALTER DATABASE aktivity OWNER TO postgres;

\connect aktivity

SET statement_timeout = 0;
SET lock_timeout = 0;
SET idle_in_transaction_session_timeout = 0;
SET client_encoding = 'UTF8';
SET standard_conforming_strings = on;
SET check_function_bodies = false;
SET client_min_messages = warning;
SET row_security = off;

--
-- TOC entry 3014 (class 1262 OID 25094)
-- Dependencies: 3013
-- Name: aktivity; Type: COMMENT; Schema: -; Owner: postgres
--

COMMENT ON DATABASE aktivity IS 'Aktivity, rezeravce zdrojů, cestovní příkazy';


--
-- TOC entry 1 (class 3079 OID 12924)
-- Name: plpgsql; Type: EXTENSION; Schema: -; Owner: 
--

CREATE EXTENSION IF NOT EXISTS plpgsql WITH SCHEMA pg_catalog;


--
-- TOC entry 3017 (class 0 OID 0)
-- Dependencies: 1
-- Name: EXTENSION plpgsql; Type: COMMENT; Schema: -; Owner: 
--

COMMENT ON EXTENSION plpgsql IS 'PL/pgSQL procedural language';


SET search_path = public, pg_catalog;

--
-- TOC entry 521 (class 1247 OID 25095)
-- Name: _platido; Type: DOMAIN; Schema: public; Owner: postgres
--

CREATE DOMAIN _platido AS timestamp without time zone NOT NULL DEFAULT '2100-12-31 00:00:00'::timestamp without time zone;


ALTER DOMAIN _platido OWNER TO postgres;

--
-- TOC entry 3018 (class 0 OID 0)
-- Dependencies: 521
-- Name: DOMAIN _platido; Type: COMMENT; Schema: public; Owner: postgres
--

COMMENT ON DOMAIN _platido IS 'Plati DO';


--
-- TOC entry 522 (class 1247 OID 25096)
-- Name: _platiod; Type: DOMAIN; Schema: public; Owner: postgres
--

CREATE DOMAIN _platiod AS timestamp without time zone NOT NULL DEFAULT '2017-01-01 00:00:00'::timestamp without time zone;


ALTER DOMAIN _platiod OWNER TO postgres;

--
-- TOC entry 3019 (class 0 OID 0)
-- Dependencies: 522
-- Name: DOMAIN _platiod; Type: COMMENT; Schema: public; Owner: postgres
--

COMMENT ON DOMAIN _platiod IS 'Plati OD';


--
-- TOC entry 602 (class 1247 OID 25097)
-- Name: _popis; Type: DOMAIN; Schema: public; Owner: postgres
--

CREATE DOMAIN _popis AS text DEFAULT ' '::text;


ALTER DOMAIN _popis OWNER TO postgres;

--
-- TOC entry 3020 (class 0 OID 0)
-- Dependencies: 602
-- Name: DOMAIN _popis; Type: COMMENT; Schema: public; Owner: postgres
--

COMMENT ON DOMAIN _popis IS 'Popisne pole';


--
-- TOC entry 603 (class 1247 OID 25098)
-- Name: _timeinsert; Type: DOMAIN; Schema: public; Owner: postgres
--

CREATE DOMAIN _timeinsert AS timestamp without time zone NOT NULL DEFAULT now();


ALTER DOMAIN _timeinsert OWNER TO postgres;

--
-- TOC entry 3021 (class 0 OID 0)
-- Dependencies: 603
-- Name: DOMAIN _timeinsert; Type: COMMENT; Schema: public; Owner: postgres
--

COMMENT ON DOMAIN _timeinsert IS 'Cas zalozeni zaznamu';


--
-- TOC entry 604 (class 1247 OID 25099)
-- Name: _timemodify; Type: DOMAIN; Schema: public; Owner: postgres
--

CREATE DOMAIN _timemodify AS timestamp without time zone NOT NULL DEFAULT now();


ALTER DOMAIN _timemodify OWNER TO postgres;

--
-- TOC entry 3022 (class 0 OID 0)
-- Dependencies: 604
-- Name: DOMAIN _timemodify; Type: COMMENT; Schema: public; Owner: postgres
--

COMMENT ON DOMAIN _timemodify IS 'Cas posledni modifikace zaznamu';


--
-- TOC entry 605 (class 1247 OID 25100)
-- Name: _uzivatel; Type: DOMAIN; Schema: public; Owner: postgres
--

CREATE DOMAIN _uzivatel AS text DEFAULT "current_user"();


ALTER DOMAIN _uzivatel OWNER TO postgres;

--
-- TOC entry 3023 (class 0 OID 0)
-- Dependencies: 605
-- Name: DOMAIN _uzivatel; Type: COMMENT; Schema: public; Owner: postgres
--

COMMENT ON DOMAIN _uzivatel IS 'Uzivatel, ktery provedl posledni modifikaci';


--
-- TOC entry 213 (class 1255 OID 25101)
-- Name: settimemodify(); Type: FUNCTION; Schema: public; Owner: postgres
--

CREATE FUNCTION settimemodify() RETURNS trigger
    LANGUAGE plpgsql
    AS $$
BEGIN
	NEW.TimeModify:=now();
	NEW.UserModify:=user ;
	RETURN NEW;
END
$$;


ALTER FUNCTION public.settimemodify() OWNER TO postgres;

--
-- TOC entry 3024 (class 0 OID 0)
-- Dependencies: 213
-- Name: FUNCTION settimemodify(); Type: COMMENT; Schema: public; Owner: postgres
--

COMMENT ON FUNCTION settimemodify() IS 'Nastavi cas posledni modifikace zaznamu';


SET default_tablespace = '';

SET default_with_oids = false;

--
-- TOC entry 196 (class 1259 OID 25102)
-- Name: aktivity; Type: TABLE; Schema: public; Owner: postgres
--

CREATE TABLE aktivity (
    id uuid NOT NULL,
    idtypakt uuid,
    idoso uuid,
    komentar text,
    popis _popis,
    platiod _platiod,
    platido _platido,
    timeinsert _timeinsert,
    timemodify _timemodify,
    usermodify _uzivatel
);


ALTER TABLE aktivity OWNER TO postgres;

--
-- TOC entry 3025 (class 0 OID 0)
-- Dependencies: 196
-- Name: TABLE aktivity; Type: COMMENT; Schema: public; Owner: postgres
--

COMMENT ON TABLE aktivity IS 'Aktivita - základní tabulka, poskytující rezervacím a CP jednozančný ID';


--
-- TOC entry 3026 (class 0 OID 0)
-- Dependencies: 196
-- Name: COLUMN aktivity.id; Type: COMMENT; Schema: public; Owner: postgres
--

COMMENT ON COLUMN aktivity.id IS 'Identifikátor';


--
-- TOC entry 3027 (class 0 OID 0)
-- Dependencies: 196
-- Name: COLUMN aktivity.idtypakt; Type: COMMENT; Schema: public; Owner: postgres
--

COMMENT ON COLUMN aktivity.idtypakt IS 'Typ aktivity - cizí klíč';


--
-- TOC entry 3028 (class 0 OID 0)
-- Dependencies: 196
-- Name: COLUMN aktivity.idoso; Type: COMMENT; Schema: public; Owner: postgres
--

COMMENT ON COLUMN aktivity.idoso IS 'Vlastník akce - relace na tabulku osoby - cizi klic';


--
-- TOC entry 3029 (class 0 OID 0)
-- Dependencies: 196
-- Name: COLUMN aktivity.komentar; Type: COMMENT; Schema: public; Owner: postgres
--

COMMENT ON COLUMN aktivity.komentar IS 'Komentar k volnemu pouziti';


--
-- TOC entry 3030 (class 0 OID 0)
-- Dependencies: 196
-- Name: COLUMN aktivity.popis; Type: COMMENT; Schema: public; Owner: postgres
--

COMMENT ON COLUMN aktivity.popis IS 'Popis aktivity';


--
-- TOC entry 3031 (class 0 OID 0)
-- Dependencies: 196
-- Name: COLUMN aktivity.platiod; Type: COMMENT; Schema: public; Owner: postgres
--

COMMENT ON COLUMN aktivity.platiod IS 'Plati Od';


--
-- TOC entry 3032 (class 0 OID 0)
-- Dependencies: 196
-- Name: COLUMN aktivity.platido; Type: COMMENT; Schema: public; Owner: postgres
--

COMMENT ON COLUMN aktivity.platido IS 'Plati DO';


--
-- TOC entry 3033 (class 0 OID 0)
-- Dependencies: 196
-- Name: COLUMN aktivity.timeinsert; Type: COMMENT; Schema: public; Owner: postgres
--

COMMENT ON COLUMN aktivity.timeinsert IS 'Cas vlozeni zaznamu';


--
-- TOC entry 3034 (class 0 OID 0)
-- Dependencies: 196
-- Name: COLUMN aktivity.timemodify; Type: COMMENT; Schema: public; Owner: postgres
--

COMMENT ON COLUMN aktivity.timemodify IS 'Cas posledni zmeny zaznamu';


--
-- TOC entry 3035 (class 0 OID 0)
-- Dependencies: 196
-- Name: COLUMN aktivity.usermodify; Type: COMMENT; Schema: public; Owner: postgres
--

COMMENT ON COLUMN aktivity.usermodify IS 'Uzivatel, ktery posledni modifikoval zaznam.';


--
-- TOC entry 197 (class 1259 OID 25108)
-- Name: cesta; Type: TABLE; Schema: public; Owner: postgres
--

CREATE TABLE cesta (
    id uuid NOT NULL,
    idtypzdr uuid NOT NULL,
    idoso uuid NOT NULL,
    komentar text,
    zaloha numeric,
    popis _popis,
    platiod _platiod,
    platido _platido,
    timeinsert _timeinsert,
    timemodify _timemodify,
    usermodify _uzivatel
);


ALTER TABLE cesta OWNER TO postgres;

--
-- TOC entry 3036 (class 0 OID 0)
-- Dependencies: 197
-- Name: TABLE cesta; Type: COMMENT; Schema: public; Owner: postgres
--

COMMENT ON TABLE cesta IS 'Cesta - tabulka plánovaných a realizovaných cest';


--
-- TOC entry 3037 (class 0 OID 0)
-- Dependencies: 197
-- Name: COLUMN cesta.id; Type: COMMENT; Schema: public; Owner: postgres
--

COMMENT ON COLUMN cesta.id IS 'Identifikátor';


--
-- TOC entry 3038 (class 0 OID 0)
-- Dependencies: 197
-- Name: COLUMN cesta.idtypzdr; Type: COMMENT; Schema: public; Owner: postgres
--

COMMENT ON COLUMN cesta.idtypzdr IS 'Identifikátor typu zdroje cesty - cizi klic (vlak, auto, pěšky atd.)';


--
-- TOC entry 3039 (class 0 OID 0)
-- Dependencies: 197
-- Name: COLUMN cesta.idoso; Type: COMMENT; Schema: public; Owner: postgres
--

COMMENT ON COLUMN cesta.idoso IS 'ID osoby, která založila cestu';


--
-- TOC entry 3040 (class 0 OID 0)
-- Dependencies: 197
-- Name: COLUMN cesta.komentar; Type: COMMENT; Schema: public; Owner: postgres
--

COMMENT ON COLUMN cesta.komentar IS 'Komentar k volnemu pouziti';


--
-- TOC entry 3041 (class 0 OID 0)
-- Dependencies: 197
-- Name: COLUMN cesta.zaloha; Type: COMMENT; Schema: public; Owner: postgres
--

COMMENT ON COLUMN cesta.zaloha IS 'Záloha na cestu';


--
-- TOC entry 3042 (class 0 OID 0)
-- Dependencies: 197
-- Name: COLUMN cesta.popis; Type: COMMENT; Schema: public; Owner: postgres
--

COMMENT ON COLUMN cesta.popis IS 'Popis cesty';


--
-- TOC entry 3043 (class 0 OID 0)
-- Dependencies: 197
-- Name: COLUMN cesta.platiod; Type: COMMENT; Schema: public; Owner: postgres
--

COMMENT ON COLUMN cesta.platiod IS 'Plati Od';


--
-- TOC entry 3044 (class 0 OID 0)
-- Dependencies: 197
-- Name: COLUMN cesta.platido; Type: COMMENT; Schema: public; Owner: postgres
--

COMMENT ON COLUMN cesta.platido IS 'Plati DO';


--
-- TOC entry 3045 (class 0 OID 0)
-- Dependencies: 197
-- Name: COLUMN cesta.timeinsert; Type: COMMENT; Schema: public; Owner: postgres
--

COMMENT ON COLUMN cesta.timeinsert IS 'Cas vlozeni zaznamu';


--
-- TOC entry 3046 (class 0 OID 0)
-- Dependencies: 197
-- Name: COLUMN cesta.timemodify; Type: COMMENT; Schema: public; Owner: postgres
--

COMMENT ON COLUMN cesta.timemodify IS 'Cas posledni zmeny zaznamu';


--
-- TOC entry 3047 (class 0 OID 0)
-- Dependencies: 197
-- Name: COLUMN cesta.usermodify; Type: COMMENT; Schema: public; Owner: postgres
--

COMMENT ON COLUMN cesta.usermodify IS 'Uzivatel, ktery posledni modifikoval zaznam.';


--
-- TOC entry 198 (class 1259 OID 25114)
-- Name: dispecerhl; Type: TABLE; Schema: public; Owner: postgres
--

CREATE TABLE dispecerhl (
    id uuid NOT NULL,
    idoso uuid NOT NULL,
    idtypschv uuid NOT NULL,
    idtypzdr uuid NOT NULL,
    iddisphl uuid,
    popis _popis,
    platiod _platiod,
    platido _platido,
    timeinsert _timeinsert,
    timemodify _timemodify,
    usermodify _uzivatel
);


ALTER TABLE dispecerhl OWNER TO postgres;

--
-- TOC entry 3048 (class 0 OID 0)
-- Dependencies: 198
-- Name: TABLE dispecerhl; Type: COMMENT; Schema: public; Owner: postgres
--

COMMENT ON TABLE dispecerhl IS 'Seznam dispeceru v zavislosti na pozici (Vedouci, Dispecer, Zastupce) pro jaky zdroj';


--
-- TOC entry 3049 (class 0 OID 0)
-- Dependencies: 198
-- Name: COLUMN dispecerhl.id; Type: COMMENT; Schema: public; Owner: postgres
--

COMMENT ON COLUMN dispecerhl.id IS 'Identifikátor';


--
-- TOC entry 3050 (class 0 OID 0)
-- Dependencies: 198
-- Name: COLUMN dispecerhl.idoso; Type: COMMENT; Schema: public; Owner: postgres
--

COMMENT ON COLUMN dispecerhl.idoso IS 'ID dispecera z tabulky osob';


--
-- TOC entry 3051 (class 0 OID 0)
-- Dependencies: 198
-- Name: COLUMN dispecerhl.idtypschv; Type: COMMENT; Schema: public; Owner: postgres
--

COMMENT ON COLUMN dispecerhl.idtypschv IS 'ID na typ schvalovani napr. Dispecer,Vedouci odd,Tajemnik';


--
-- TOC entry 3052 (class 0 OID 0)
-- Dependencies: 198
-- Name: COLUMN dispecerhl.idtypzdr; Type: COMMENT; Schema: public; Owner: postgres
--

COMMENT ON COLUMN dispecerhl.idtypzdr IS 'ID na typ zdroje napr. osoba-podrizeny, monitor, zasedacka, ktere může řídit - schvalovat';


--
-- TOC entry 3053 (class 0 OID 0)
-- Dependencies: 198
-- Name: COLUMN dispecerhl.iddisphl; Type: COMMENT; Schema: public; Owner: postgres
--

COMMENT ON COLUMN dispecerhl.iddisphl IS 'ID nadrizeneho dispecera v pripade, že se nyní jedná o zástupce jinak NULL';


--
-- TOC entry 3054 (class 0 OID 0)
-- Dependencies: 198
-- Name: COLUMN dispecerhl.popis; Type: COMMENT; Schema: public; Owner: postgres
--

COMMENT ON COLUMN dispecerhl.popis IS 'Libovolny popis';


--
-- TOC entry 3055 (class 0 OID 0)
-- Dependencies: 198
-- Name: COLUMN dispecerhl.platiod; Type: COMMENT; Schema: public; Owner: postgres
--

COMMENT ON COLUMN dispecerhl.platiod IS 'Plati Od';


--
-- TOC entry 3056 (class 0 OID 0)
-- Dependencies: 198
-- Name: COLUMN dispecerhl.platido; Type: COMMENT; Schema: public; Owner: postgres
--

COMMENT ON COLUMN dispecerhl.platido IS 'Plati DO';


--
-- TOC entry 3057 (class 0 OID 0)
-- Dependencies: 198
-- Name: COLUMN dispecerhl.timeinsert; Type: COMMENT; Schema: public; Owner: postgres
--

COMMENT ON COLUMN dispecerhl.timeinsert IS 'Cas vlozeni zaznamu';


--
-- TOC entry 3058 (class 0 OID 0)
-- Dependencies: 198
-- Name: COLUMN dispecerhl.timemodify; Type: COMMENT; Schema: public; Owner: postgres
--

COMMENT ON COLUMN dispecerhl.timemodify IS 'Cas posledni zmeny zaznamu';


--
-- TOC entry 3059 (class 0 OID 0)
-- Dependencies: 198
-- Name: COLUMN dispecerhl.usermodify; Type: COMMENT; Schema: public; Owner: postgres
--

COMMENT ON COLUMN dispecerhl.usermodify IS 'Uzivatel, ktery posledni modifikoval zaznam.';


--
-- TOC entry 199 (class 1259 OID 25120)
-- Name: dispecerpol; Type: TABLE; Schema: public; Owner: postgres
--

CREATE TABLE dispecerpol (
    id uuid NOT NULL,
    iddisphl uuid NOT NULL,
    idoso uuid,
    idzdr uuid,
    popis _popis,
    platiod _platiod,
    platido _platido,
    timeinsert _timeinsert,
    timemodify _timemodify,
    usermodify _uzivatel
);


ALTER TABLE dispecerpol OWNER TO postgres;

--
-- TOC entry 3060 (class 0 OID 0)
-- Dependencies: 199
-- Name: TABLE dispecerpol; Type: COMMENT; Schema: public; Owner: postgres
--

COMMENT ON TABLE dispecerpol IS 'Seznam osob, které bude mít dispečer na starosti - podrizeni';


--
-- TOC entry 3061 (class 0 OID 0)
-- Dependencies: 199
-- Name: COLUMN dispecerpol.id; Type: COMMENT; Schema: public; Owner: postgres
--

COMMENT ON COLUMN dispecerpol.id IS 'Identifikátor';


--
-- TOC entry 3062 (class 0 OID 0)
-- Dependencies: 199
-- Name: COLUMN dispecerpol.iddisphl; Type: COMMENT; Schema: public; Owner: postgres
--

COMMENT ON COLUMN dispecerpol.iddisphl IS 'ID dispecera z tabulky dispecerhl';


--
-- TOC entry 3063 (class 0 OID 0)
-- Dependencies: 199
-- Name: COLUMN dispecerpol.idoso; Type: COMMENT; Schema: public; Owner: postgres
--

COMMENT ON COLUMN dispecerpol.idoso IS 'ID osoby podřízené';


--
-- TOC entry 3064 (class 0 OID 0)
-- Dependencies: 199
-- Name: COLUMN dispecerpol.idzdr; Type: COMMENT; Schema: public; Owner: postgres
--

COMMENT ON COLUMN dispecerpol.idzdr IS 'ID spravovaného zdroje';


--
-- TOC entry 3065 (class 0 OID 0)
-- Dependencies: 199
-- Name: COLUMN dispecerpol.platiod; Type: COMMENT; Schema: public; Owner: postgres
--

COMMENT ON COLUMN dispecerpol.platiod IS 'Platí Od';


--
-- TOC entry 3066 (class 0 OID 0)
-- Dependencies: 199
-- Name: COLUMN dispecerpol.platido; Type: COMMENT; Schema: public; Owner: postgres
--

COMMENT ON COLUMN dispecerpol.platido IS 'Platí Do';


--
-- TOC entry 3067 (class 0 OID 0)
-- Dependencies: 199
-- Name: COLUMN dispecerpol.timeinsert; Type: COMMENT; Schema: public; Owner: postgres
--

COMMENT ON COLUMN dispecerpol.timeinsert IS 'Čas vložení záznamu';


--
-- TOC entry 3068 (class 0 OID 0)
-- Dependencies: 199
-- Name: COLUMN dispecerpol.timemodify; Type: COMMENT; Schema: public; Owner: postgres
--

COMMENT ON COLUMN dispecerpol.timemodify IS 'Čas poslední změny záznamu';


--
-- TOC entry 3069 (class 0 OID 0)
-- Dependencies: 199
-- Name: COLUMN dispecerpol.usermodify; Type: COMMENT; Schema: public; Owner: postgres
--

COMMENT ON COLUMN dispecerpol.usermodify IS 'Uživatel, který poslední modifikoval záznam.';


--
-- TOC entry 200 (class 1259 OID 25126)
-- Name: email; Type: TABLE; Schema: public; Owner: postgres
--

CREATE TABLE email (
    id uuid NOT NULL,
    idakt uuid,
    idcest uuid,
    idrez uuid,
    iducast uuid,
    idoso uuid,
    smer integer DEFAULT 0 NOT NULL,
    email text,
    predmet text,
    popis _popis,
    platiod _platiod,
    platido _platido,
    timeinsert _timeinsert,
    timemodify _timemodify,
    usermodify _uzivatel
);


ALTER TABLE email OWNER TO postgres;

--
-- TOC entry 3070 (class 0 OID 0)
-- Dependencies: 200
-- Name: TABLE email; Type: COMMENT; Schema: public; Owner: postgres
--

COMMENT ON TABLE email IS 'Email - tabulka obsahuje emailovou komunikaci mezi aplikací a uživateli';


--
-- TOC entry 3071 (class 0 OID 0)
-- Dependencies: 200
-- Name: COLUMN email.id; Type: COMMENT; Schema: public; Owner: postgres
--

COMMENT ON COLUMN email.id IS 'Identifikátor';


--
-- TOC entry 3072 (class 0 OID 0)
-- Dependencies: 200
-- Name: COLUMN email.idakt; Type: COMMENT; Schema: public; Owner: postgres
--

COMMENT ON COLUMN email.idakt IS 'ID na tabulku aktivity - cizi klic';


--
-- TOC entry 3073 (class 0 OID 0)
-- Dependencies: 200
-- Name: COLUMN email.idcest; Type: COMMENT; Schema: public; Owner: postgres
--

COMMENT ON COLUMN email.idcest IS 'ID na tabulku cesty - cizi klic';


--
-- TOC entry 3074 (class 0 OID 0)
-- Dependencies: 200
-- Name: COLUMN email.idrez; Type: COMMENT; Schema: public; Owner: postgres
--

COMMENT ON COLUMN email.idrez IS 'ID na tabulku rezervaci - cizi klic';


--
-- TOC entry 3075 (class 0 OID 0)
-- Dependencies: 200
-- Name: COLUMN email.iducast; Type: COMMENT; Schema: public; Owner: postgres
--

COMMENT ON COLUMN email.iducast IS 'ID na tabulku ucastniku - cizi klic';


--
-- TOC entry 3076 (class 0 OID 0)
-- Dependencies: 200
-- Name: COLUMN email.idoso; Type: COMMENT; Schema: public; Owner: postgres
--

COMMENT ON COLUMN email.idoso IS 'ID na tabulku osob - cizi klic';


--
-- TOC entry 3077 (class 0 OID 0)
-- Dependencies: 200
-- Name: COLUMN email.smer; Type: COMMENT; Schema: public; Owner: postgres
--

COMMENT ON COLUMN email.smer IS '0=odchozí email, 1=příchozí email';


--
-- TOC entry 3078 (class 0 OID 0)
-- Dependencies: 200
-- Name: COLUMN email.email; Type: COMMENT; Schema: public; Owner: postgres
--

COMMENT ON COLUMN email.email IS 'Email odesilatele nebo příjemce';


--
-- TOC entry 3079 (class 0 OID 0)
-- Dependencies: 200
-- Name: COLUMN email.predmet; Type: COMMENT; Schema: public; Owner: postgres
--

COMMENT ON COLUMN email.predmet IS 'Předmět emailu';


--
-- TOC entry 3080 (class 0 OID 0)
-- Dependencies: 200
-- Name: COLUMN email.popis; Type: COMMENT; Schema: public; Owner: postgres
--

COMMENT ON COLUMN email.popis IS 'Popis log';


--
-- TOC entry 3081 (class 0 OID 0)
-- Dependencies: 200
-- Name: COLUMN email.platiod; Type: COMMENT; Schema: public; Owner: postgres
--

COMMENT ON COLUMN email.platiod IS 'Plati Od';


--
-- TOC entry 3082 (class 0 OID 0)
-- Dependencies: 200
-- Name: COLUMN email.platido; Type: COMMENT; Schema: public; Owner: postgres
--

COMMENT ON COLUMN email.platido IS 'Plati DO';


--
-- TOC entry 3083 (class 0 OID 0)
-- Dependencies: 200
-- Name: COLUMN email.timeinsert; Type: COMMENT; Schema: public; Owner: postgres
--

COMMENT ON COLUMN email.timeinsert IS 'Cas vlozeni zaznamu';


--
-- TOC entry 3084 (class 0 OID 0)
-- Dependencies: 200
-- Name: COLUMN email.timemodify; Type: COMMENT; Schema: public; Owner: postgres
--

COMMENT ON COLUMN email.timemodify IS 'Cas posledni zmeny zaznamu';


--
-- TOC entry 3085 (class 0 OID 0)
-- Dependencies: 200
-- Name: COLUMN email.usermodify; Type: COMMENT; Schema: public; Owner: postgres
--

COMMENT ON COLUMN email.usermodify IS 'Uzivatel, ktery posledni modifikoval zaznam.';


--
-- TOC entry 201 (class 1259 OID 25133)
-- Name: log; Type: TABLE; Schema: public; Owner: postgres
--

CREATE TABLE log (
    id uuid NOT NULL,
    tblid uuid,
    tblname text,
    idakt uuid,
    idzdr uuid,
    idcest uuid,
    idrez uuid,
    iducast uuid,
    idoso uuid,
    popis _popis,
    platiod _platiod,
    platido _platido,
    timeinsert _timeinsert,
    timemodify _timemodify,
    usermodify _uzivatel
);


ALTER TABLE log OWNER TO postgres;

--
-- TOC entry 3086 (class 0 OID 0)
-- Dependencies: 201
-- Name: TABLE log; Type: COMMENT; Schema: public; Owner: postgres
--

COMMENT ON TABLE log IS 'Log - tabulka logujici aktivity nad ruznymi tabulkami';


--
-- TOC entry 3087 (class 0 OID 0)
-- Dependencies: 201
-- Name: COLUMN log.id; Type: COMMENT; Schema: public; Owner: postgres
--

COMMENT ON COLUMN log.id IS 'Identifikátor';


--
-- TOC entry 3088 (class 0 OID 0)
-- Dependencies: 201
-- Name: COLUMN log.tblid; Type: COMMENT; Schema: public; Owner: postgres
--

COMMENT ON COLUMN log.tblid IS 'Jedinečný identifikátory záznamu v tabulce';


--
-- TOC entry 3089 (class 0 OID 0)
-- Dependencies: 201
-- Name: COLUMN log.tblname; Type: COMMENT; Schema: public; Owner: postgres
--

COMMENT ON COLUMN log.tblname IS 'Název tabulky, do které patří identifikátor uuid';


--
-- TOC entry 3090 (class 0 OID 0)
-- Dependencies: 201
-- Name: COLUMN log.idakt; Type: COMMENT; Schema: public; Owner: postgres
--

COMMENT ON COLUMN log.idakt IS 'ID na tabulku aktivity - cizi klic';


--
-- TOC entry 3091 (class 0 OID 0)
-- Dependencies: 201
-- Name: COLUMN log.idzdr; Type: COMMENT; Schema: public; Owner: postgres
--

COMMENT ON COLUMN log.idzdr IS 'ID na tabulku zdroje - cizi klic';


--
-- TOC entry 3092 (class 0 OID 0)
-- Dependencies: 201
-- Name: COLUMN log.idcest; Type: COMMENT; Schema: public; Owner: postgres
--

COMMENT ON COLUMN log.idcest IS 'ID na tabulku cesty - cizi klic';


--
-- TOC entry 3093 (class 0 OID 0)
-- Dependencies: 201
-- Name: COLUMN log.idrez; Type: COMMENT; Schema: public; Owner: postgres
--

COMMENT ON COLUMN log.idrez IS 'ID na tabulku rezervaci - cizi klic';


--
-- TOC entry 3094 (class 0 OID 0)
-- Dependencies: 201
-- Name: COLUMN log.iducast; Type: COMMENT; Schema: public; Owner: postgres
--

COMMENT ON COLUMN log.iducast IS 'ID na tabulku ucastniku - cizi klic';


--
-- TOC entry 3095 (class 0 OID 0)
-- Dependencies: 201
-- Name: COLUMN log.idoso; Type: COMMENT; Schema: public; Owner: postgres
--

COMMENT ON COLUMN log.idoso IS 'ID na tabulku osob - cizi klic';


--
-- TOC entry 3096 (class 0 OID 0)
-- Dependencies: 201
-- Name: COLUMN log.popis; Type: COMMENT; Schema: public; Owner: postgres
--

COMMENT ON COLUMN log.popis IS 'Popis log';


--
-- TOC entry 3097 (class 0 OID 0)
-- Dependencies: 201
-- Name: COLUMN log.platiod; Type: COMMENT; Schema: public; Owner: postgres
--

COMMENT ON COLUMN log.platiod IS 'Plati Od';


--
-- TOC entry 3098 (class 0 OID 0)
-- Dependencies: 201
-- Name: COLUMN log.platido; Type: COMMENT; Schema: public; Owner: postgres
--

COMMENT ON COLUMN log.platido IS 'Plati DO';


--
-- TOC entry 3099 (class 0 OID 0)
-- Dependencies: 201
-- Name: COLUMN log.timeinsert; Type: COMMENT; Schema: public; Owner: postgres
--

COMMENT ON COLUMN log.timeinsert IS 'Cas vlozeni zaznamu';


--
-- TOC entry 3100 (class 0 OID 0)
-- Dependencies: 201
-- Name: COLUMN log.timemodify; Type: COMMENT; Schema: public; Owner: postgres
--

COMMENT ON COLUMN log.timemodify IS 'Cas posledni zmeny zaznamu';


--
-- TOC entry 3101 (class 0 OID 0)
-- Dependencies: 201
-- Name: COLUMN log.usermodify; Type: COMMENT; Schema: public; Owner: postgres
--

COMMENT ON COLUMN log.usermodify IS 'Uzivatel, ktery posledni modifikoval zaznam.';


--
-- TOC entry 202 (class 1259 OID 25139)
-- Name: osoba; Type: TABLE; Schema: public; Owner: postgres
--

CREATE TABLE osoba (
    id uuid NOT NULL,
    name text,
    password text,
    extid integer,
    komentar text,
    skupina text DEFAULT 'USER'::text NOT NULL,
    email text DEFAULT '@mukrnov.cz'::text,
    popis _popis,
    platiod _platiod,
    platido _platido,
    timeinsert _timeinsert,
    timemodify _timemodify,
    usermodify _uzivatel
);


ALTER TABLE osoba OWNER TO postgres;

--
-- TOC entry 3102 (class 0 OID 0)
-- Dependencies: 202
-- Name: TABLE osoba; Type: COMMENT; Schema: public; Owner: postgres
--

COMMENT ON TABLE osoba IS 'Seznam osob
- jméno a heslo bude použito pro autorizaci';


--
-- TOC entry 3103 (class 0 OID 0)
-- Dependencies: 202
-- Name: COLUMN osoba.id; Type: COMMENT; Schema: public; Owner: postgres
--

COMMENT ON COLUMN osoba.id IS 'Identifikátor';


--
-- TOC entry 3104 (class 0 OID 0)
-- Dependencies: 202
-- Name: COLUMN osoba.name; Type: COMMENT; Schema: public; Owner: postgres
--

COMMENT ON COLUMN osoba.name IS 'Jméno osoby - uživatele';


--
-- TOC entry 3105 (class 0 OID 0)
-- Dependencies: 202
-- Name: COLUMN osoba.password; Type: COMMENT; Schema: public; Owner: postgres
--

COMMENT ON COLUMN osoba.password IS 'Heslo osoby-uživatele uloženo v SHA-256';


--
-- TOC entry 3106 (class 0 OID 0)
-- Dependencies: 202
-- Name: COLUMN osoba.extid; Type: COMMENT; Schema: public; Owner: postgres
--

COMMENT ON COLUMN osoba.extid IS 'ID na externí tabulku s uživatelskými daty';


--
-- TOC entry 3107 (class 0 OID 0)
-- Dependencies: 202
-- Name: COLUMN osoba.komentar; Type: COMMENT; Schema: public; Owner: postgres
--

COMMENT ON COLUMN osoba.komentar IS 'Komentar k volnemu pouziti';


--
-- TOC entry 3108 (class 0 OID 0)
-- Dependencies: 202
-- Name: COLUMN osoba.skupina; Type: COMMENT; Schema: public; Owner: postgres
--

COMMENT ON COLUMN osoba.skupina IS 'Skupina oprávnění pro JdbcRealmAktivity';


--
-- TOC entry 3109 (class 0 OID 0)
-- Dependencies: 202
-- Name: COLUMN osoba.email; Type: COMMENT; Schema: public; Owner: postgres
--

COMMENT ON COLUMN osoba.email IS 'Emailova schranka osoby';


--
-- TOC entry 3110 (class 0 OID 0)
-- Dependencies: 202
-- Name: COLUMN osoba.popis; Type: COMMENT; Schema: public; Owner: postgres
--

COMMENT ON COLUMN osoba.popis IS 'Prijmeni, jmeno, titul';


--
-- TOC entry 3111 (class 0 OID 0)
-- Dependencies: 202
-- Name: COLUMN osoba.platiod; Type: COMMENT; Schema: public; Owner: postgres
--

COMMENT ON COLUMN osoba.platiod IS 'Plati Od';


--
-- TOC entry 3112 (class 0 OID 0)
-- Dependencies: 202
-- Name: COLUMN osoba.platido; Type: COMMENT; Schema: public; Owner: postgres
--

COMMENT ON COLUMN osoba.platido IS 'Plati DO';


--
-- TOC entry 3113 (class 0 OID 0)
-- Dependencies: 202
-- Name: COLUMN osoba.timeinsert; Type: COMMENT; Schema: public; Owner: postgres
--

COMMENT ON COLUMN osoba.timeinsert IS 'Cas vlozeni zaznamu';


--
-- TOC entry 3114 (class 0 OID 0)
-- Dependencies: 202
-- Name: COLUMN osoba.timemodify; Type: COMMENT; Schema: public; Owner: postgres
--

COMMENT ON COLUMN osoba.timemodify IS 'Cas posledni zmeny zaznamu';


--
-- TOC entry 3115 (class 0 OID 0)
-- Dependencies: 202
-- Name: COLUMN osoba.usermodify; Type: COMMENT; Schema: public; Owner: postgres
--

COMMENT ON COLUMN osoba.usermodify IS 'Uzivatel, ktery posledni modifikoval zaznam.';


--
-- TOC entry 203 (class 1259 OID 25147)
-- Name: rezervace; Type: TABLE; Schema: public; Owner: postgres
--

CREATE TABLE rezervace (
    id uuid NOT NULL,
    idakt uuid,
    idcest uuid,
    idzdr uuid NOT NULL,
    komentar text,
    popis _popis,
    platiod _platiod,
    platido _platido,
    timeinsert _timeinsert,
    timemodify _timemodify,
    usermodify _uzivatel
);


ALTER TABLE rezervace OWNER TO postgres;

--
-- TOC entry 3116 (class 0 OID 0)
-- Dependencies: 203
-- Name: TABLE rezervace; Type: COMMENT; Schema: public; Owner: postgres
--

COMMENT ON TABLE rezervace IS 'Rezervace - tabulka rezervaci';


--
-- TOC entry 3117 (class 0 OID 0)
-- Dependencies: 203
-- Name: COLUMN rezervace.id; Type: COMMENT; Schema: public; Owner: postgres
--

COMMENT ON COLUMN rezervace.id IS 'Identifikátor';


--
-- TOC entry 3118 (class 0 OID 0)
-- Dependencies: 203
-- Name: COLUMN rezervace.idakt; Type: COMMENT; Schema: public; Owner: postgres
--

COMMENT ON COLUMN rezervace.idakt IS 'Identifikátor aktivity - cizi klic (muze byt i NULL=bez aktivity)';


--
-- TOC entry 3119 (class 0 OID 0)
-- Dependencies: 203
-- Name: COLUMN rezervace.idcest; Type: COMMENT; Schema: public; Owner: postgres
--

COMMENT ON COLUMN rezervace.idcest IS 'Identifikátor cesty - cizi klic (muze byt i NULL=bez cesty)';


--
-- TOC entry 3120 (class 0 OID 0)
-- Dependencies: 203
-- Name: COLUMN rezervace.idzdr; Type: COMMENT; Schema: public; Owner: postgres
--

COMMENT ON COLUMN rezervace.idzdr IS 'Identifikátor rezervovaneho zdroje - cizi klic ';


--
-- TOC entry 3121 (class 0 OID 0)
-- Dependencies: 203
-- Name: COLUMN rezervace.komentar; Type: COMMENT; Schema: public; Owner: postgres
--

COMMENT ON COLUMN rezervace.komentar IS 'Komentar k volnemu pouziti';


--
-- TOC entry 3122 (class 0 OID 0)
-- Dependencies: 203
-- Name: COLUMN rezervace.popis; Type: COMMENT; Schema: public; Owner: postgres
--

COMMENT ON COLUMN rezervace.popis IS 'Popis rezervace';


--
-- TOC entry 3123 (class 0 OID 0)
-- Dependencies: 203
-- Name: COLUMN rezervace.platiod; Type: COMMENT; Schema: public; Owner: postgres
--

COMMENT ON COLUMN rezervace.platiod IS 'Plati Od';


--
-- TOC entry 3124 (class 0 OID 0)
-- Dependencies: 203
-- Name: COLUMN rezervace.platido; Type: COMMENT; Schema: public; Owner: postgres
--

COMMENT ON COLUMN rezervace.platido IS 'Plati DO';


--
-- TOC entry 3125 (class 0 OID 0)
-- Dependencies: 203
-- Name: COLUMN rezervace.timeinsert; Type: COMMENT; Schema: public; Owner: postgres
--

COMMENT ON COLUMN rezervace.timeinsert IS 'Cas vlozeni zaznamu';


--
-- TOC entry 3126 (class 0 OID 0)
-- Dependencies: 203
-- Name: COLUMN rezervace.timemodify; Type: COMMENT; Schema: public; Owner: postgres
--

COMMENT ON COLUMN rezervace.timemodify IS 'Cas posledni zmeny zaznamu';


--
-- TOC entry 3127 (class 0 OID 0)
-- Dependencies: 203
-- Name: COLUMN rezervace.usermodify; Type: COMMENT; Schema: public; Owner: postgres
--

COMMENT ON COLUMN rezervace.usermodify IS 'Uzivatel, ktery posledni modifikoval zaznam.';


--
-- TOC entry 204 (class 1259 OID 25153)
-- Name: schvaleni; Type: TABLE; Schema: public; Owner: postgres
--

CREATE TABLE schvaleni (
    id uuid NOT NULL,
    idoso uuid NOT NULL,
    idcest uuid,
    iducast uuid,
    idrez uuid,
    stav integer DEFAULT 0,
    uroven integer DEFAULT 0 NOT NULL,
    komentar text,
    popis _popis,
    platiod _platiod,
    platido _platido,
    timeinsert _timeinsert,
    timemodify _timemodify,
    usermodify _uzivatel
);


ALTER TABLE schvaleni OWNER TO postgres;

--
-- TOC entry 3128 (class 0 OID 0)
-- Dependencies: 204
-- Name: TABLE schvaleni; Type: COMMENT; Schema: public; Owner: postgres
--

COMMENT ON TABLE schvaleni IS 'Tabulka schvalovatelu cesty, uživatelů a rezervací';


--
-- TOC entry 3129 (class 0 OID 0)
-- Dependencies: 204
-- Name: COLUMN schvaleni.id; Type: COMMENT; Schema: public; Owner: postgres
--

COMMENT ON COLUMN schvaleni.id IS 'Identifikátor';


--
-- TOC entry 3130 (class 0 OID 0)
-- Dependencies: 204
-- Name: COLUMN schvaleni.idoso; Type: COMMENT; Schema: public; Owner: postgres
--

COMMENT ON COLUMN schvaleni.idoso IS 'ID osoby schvalovatele z tabulky osoby';


--
-- TOC entry 3131 (class 0 OID 0)
-- Dependencies: 204
-- Name: COLUMN schvaleni.idcest; Type: COMMENT; Schema: public; Owner: postgres
--

COMMENT ON COLUMN schvaleni.idcest IS 'ID cesty, kterou schvalovatel schvaluje';


--
-- TOC entry 3132 (class 0 OID 0)
-- Dependencies: 204
-- Name: COLUMN schvaleni.iducast; Type: COMMENT; Schema: public; Owner: postgres
--

COMMENT ON COLUMN schvaleni.iducast IS 'ID - odkaz na tabulku účastníků cesty';


--
-- TOC entry 3133 (class 0 OID 0)
-- Dependencies: 204
-- Name: COLUMN schvaleni.idrez; Type: COMMENT; Schema: public; Owner: postgres
--

COMMENT ON COLUMN schvaleni.idrez IS 'ID - odkaz na tabulku rezervaci';


--
-- TOC entry 3134 (class 0 OID 0)
-- Dependencies: 204
-- Name: COLUMN schvaleni.stav; Type: COMMENT; Schema: public; Owner: postgres
--

COMMENT ON COLUMN schvaleni.stav IS '0=nezpracováno
1=schváleno
2=zamítnuto';


--
-- TOC entry 3135 (class 0 OID 0)
-- Dependencies: 204
-- Name: COLUMN schvaleni.uroven; Type: COMMENT; Schema: public; Owner: postgres
--

COMMENT ON COLUMN schvaleni.uroven IS 'Uroven schvaleni
0=žádná
1=zástupce
2=vedoucí';


--
-- TOC entry 3136 (class 0 OID 0)
-- Dependencies: 204
-- Name: COLUMN schvaleni.komentar; Type: COMMENT; Schema: public; Owner: postgres
--

COMMENT ON COLUMN schvaleni.komentar IS 'Komentar k volnemu pouziti';


--
-- TOC entry 3137 (class 0 OID 0)
-- Dependencies: 204
-- Name: COLUMN schvaleni.popis; Type: COMMENT; Schema: public; Owner: postgres
--

COMMENT ON COLUMN schvaleni.popis IS 'Popis zdroje';


--
-- TOC entry 3138 (class 0 OID 0)
-- Dependencies: 204
-- Name: COLUMN schvaleni.platiod; Type: COMMENT; Schema: public; Owner: postgres
--

COMMENT ON COLUMN schvaleni.platiod IS 'Plati Od';


--
-- TOC entry 3139 (class 0 OID 0)
-- Dependencies: 204
-- Name: COLUMN schvaleni.platido; Type: COMMENT; Schema: public; Owner: postgres
--

COMMENT ON COLUMN schvaleni.platido IS 'Plati DO';


--
-- TOC entry 3140 (class 0 OID 0)
-- Dependencies: 204
-- Name: COLUMN schvaleni.timeinsert; Type: COMMENT; Schema: public; Owner: postgres
--

COMMENT ON COLUMN schvaleni.timeinsert IS 'Cas vlozeni zaznamu';


--
-- TOC entry 3141 (class 0 OID 0)
-- Dependencies: 204
-- Name: COLUMN schvaleni.timemodify; Type: COMMENT; Schema: public; Owner: postgres
--

COMMENT ON COLUMN schvaleni.timemodify IS 'Cas posledni zmeny zaznamu';


--
-- TOC entry 3142 (class 0 OID 0)
-- Dependencies: 204
-- Name: COLUMN schvaleni.usermodify; Type: COMMENT; Schema: public; Owner: postgres
--

COMMENT ON COLUMN schvaleni.usermodify IS 'Uzivatel, ktery posledni modifikoval zaznam.';


--
-- TOC entry 205 (class 1259 OID 25161)
-- Name: skupina; Type: TABLE; Schema: public; Owner: postgres
--

CREATE TABLE skupina (
    id uuid NOT NULL,
    name text,
    skupina text,
    popis _popis,
    platiod _platiod,
    platido _platido,
    timeinsert _timeinsert,
    timemodify _timemodify,
    usermodify _uzivatel
);


ALTER TABLE skupina OWNER TO postgres;

--
-- TOC entry 3143 (class 0 OID 0)
-- Dependencies: 205
-- Name: TABLE skupina; Type: COMMENT; Schema: public; Owner: postgres
--

COMMENT ON TABLE skupina IS 'Seznam skupin oprávnění pro JdbcRealmAktivity';


--
-- TOC entry 3144 (class 0 OID 0)
-- Dependencies: 205
-- Name: COLUMN skupina.id; Type: COMMENT; Schema: public; Owner: postgres
--

COMMENT ON COLUMN skupina.id IS 'Identifikátor';


--
-- TOC entry 3145 (class 0 OID 0)
-- Dependencies: 205
-- Name: COLUMN skupina.name; Type: COMMENT; Schema: public; Owner: postgres
--

COMMENT ON COLUMN skupina.name IS 'Jméno osoby - uživatele';


--
-- TOC entry 3146 (class 0 OID 0)
-- Dependencies: 205
-- Name: COLUMN skupina.skupina; Type: COMMENT; Schema: public; Owner: postgres
--

COMMENT ON COLUMN skupina.skupina IS 'Skupina oprávnění pro JdbcRealmAktivity';


--
-- TOC entry 3147 (class 0 OID 0)
-- Dependencies: 205
-- Name: COLUMN skupina.popis; Type: COMMENT; Schema: public; Owner: postgres
--

COMMENT ON COLUMN skupina.popis IS 'Popis skupiny';


--
-- TOC entry 3148 (class 0 OID 0)
-- Dependencies: 205
-- Name: COLUMN skupina.platiod; Type: COMMENT; Schema: public; Owner: postgres
--

COMMENT ON COLUMN skupina.platiod IS 'Plati Od';


--
-- TOC entry 3149 (class 0 OID 0)
-- Dependencies: 205
-- Name: COLUMN skupina.platido; Type: COMMENT; Schema: public; Owner: postgres
--

COMMENT ON COLUMN skupina.platido IS 'Plati DO';


--
-- TOC entry 3150 (class 0 OID 0)
-- Dependencies: 205
-- Name: COLUMN skupina.timeinsert; Type: COMMENT; Schema: public; Owner: postgres
--

COMMENT ON COLUMN skupina.timeinsert IS 'Cas vlozeni zaznamu';


--
-- TOC entry 3151 (class 0 OID 0)
-- Dependencies: 205
-- Name: COLUMN skupina.timemodify; Type: COMMENT; Schema: public; Owner: postgres
--

COMMENT ON COLUMN skupina.timemodify IS 'Cas posledni zmeny zaznamu';


--
-- TOC entry 3152 (class 0 OID 0)
-- Dependencies: 205
-- Name: COLUMN skupina.usermodify; Type: COMMENT; Schema: public; Owner: postgres
--

COMMENT ON COLUMN skupina.usermodify IS 'Uzivatel, ktery posledni modifikoval zaznam.';


--
-- TOC entry 206 (class 1259 OID 25167)
-- Name: typaktivity; Type: TABLE; Schema: public; Owner: postgres
--

CREATE TABLE typaktivity (
    id uuid NOT NULL,
    typakt integer,
    popis _popis,
    platiod _platiod,
    platido _platido,
    timeinsert _timeinsert,
    timemodify _timemodify,
    usermodify _uzivatel
);


ALTER TABLE typaktivity OWNER TO postgres;

--
-- TOC entry 3153 (class 0 OID 0)
-- Dependencies: 206
-- Name: TABLE typaktivity; Type: COMMENT; Schema: public; Owner: postgres
--

COMMENT ON TABLE typaktivity IS 'Číselník typů aktivity
0 - služební cesta
1 - pouze rezervace zdroje';


--
-- TOC entry 3154 (class 0 OID 0)
-- Dependencies: 206
-- Name: COLUMN typaktivity.id; Type: COMMENT; Schema: public; Owner: postgres
--

COMMENT ON COLUMN typaktivity.id IS 'ID typu aktivity';


--
-- TOC entry 3155 (class 0 OID 0)
-- Dependencies: 206
-- Name: COLUMN typaktivity.typakt; Type: COMMENT; Schema: public; Owner: postgres
--

COMMENT ON COLUMN typaktivity.typakt IS 'Typ aktivity';


--
-- TOC entry 3156 (class 0 OID 0)
-- Dependencies: 206
-- Name: COLUMN typaktivity.popis; Type: COMMENT; Schema: public; Owner: postgres
--

COMMENT ON COLUMN typaktivity.popis IS 'Popis typu aktivity';


--
-- TOC entry 3157 (class 0 OID 0)
-- Dependencies: 206
-- Name: COLUMN typaktivity.platiod; Type: COMMENT; Schema: public; Owner: postgres
--

COMMENT ON COLUMN typaktivity.platiod IS 'Plati Od';


--
-- TOC entry 3158 (class 0 OID 0)
-- Dependencies: 206
-- Name: COLUMN typaktivity.platido; Type: COMMENT; Schema: public; Owner: postgres
--

COMMENT ON COLUMN typaktivity.platido IS 'Plati DO';


--
-- TOC entry 3159 (class 0 OID 0)
-- Dependencies: 206
-- Name: COLUMN typaktivity.timeinsert; Type: COMMENT; Schema: public; Owner: postgres
--

COMMENT ON COLUMN typaktivity.timeinsert IS 'Cas vlozeni zaznamu';


--
-- TOC entry 3160 (class 0 OID 0)
-- Dependencies: 206
-- Name: COLUMN typaktivity.timemodify; Type: COMMENT; Schema: public; Owner: postgres
--

COMMENT ON COLUMN typaktivity.timemodify IS 'Cas posledni zmeny zaznamu';


--
-- TOC entry 3161 (class 0 OID 0)
-- Dependencies: 206
-- Name: COLUMN typaktivity.usermodify; Type: COMMENT; Schema: public; Owner: postgres
--

COMMENT ON COLUMN typaktivity.usermodify IS 'Uzivatel, ktery posledni modifikoval zaznam.';


--
-- TOC entry 207 (class 1259 OID 25173)
-- Name: typschv; Type: TABLE; Schema: public; Owner: postgres
--

CREATE TABLE typschv (
    id uuid NOT NULL,
    typschv text DEFAULT ' '::text NOT NULL,
    popis _popis,
    platiod _platiod,
    platido _platido,
    timeinsert _timeinsert,
    timemodify _timemodify,
    usermodify _uzivatel
);


ALTER TABLE typschv OWNER TO postgres;

--
-- TOC entry 3162 (class 0 OID 0)
-- Dependencies: 207
-- Name: TABLE typschv; Type: COMMENT; Schema: public; Owner: postgres
--

COMMENT ON TABLE typschv IS 'Číselník typů schvalovani
A - administrator
T - tajemnik
VO - vedouci odboru 
Vodd - vedouci odboru
Z - zastupce
D - dispecer';


--
-- TOC entry 3163 (class 0 OID 0)
-- Dependencies: 207
-- Name: COLUMN typschv.id; Type: COMMENT; Schema: public; Owner: postgres
--

COMMENT ON COLUMN typschv.id IS 'ID typu schvalovani';


--
-- TOC entry 3164 (class 0 OID 0)
-- Dependencies: 207
-- Name: COLUMN typschv.typschv; Type: COMMENT; Schema: public; Owner: postgres
--

COMMENT ON COLUMN typschv.typschv IS 'Číselník typů schvalovani
A - administrator
T - tajemnik
VO - vedouci odboru 
Vodd - vedouci odboru
Z - zastupce
D - dispecer';


--
-- TOC entry 3165 (class 0 OID 0)
-- Dependencies: 207
-- Name: COLUMN typschv.popis; Type: COMMENT; Schema: public; Owner: postgres
--

COMMENT ON COLUMN typschv.popis IS 'Popis typu schvalovani';


--
-- TOC entry 3166 (class 0 OID 0)
-- Dependencies: 207
-- Name: COLUMN typschv.platiod; Type: COMMENT; Schema: public; Owner: postgres
--

COMMENT ON COLUMN typschv.platiod IS 'Plati Od';


--
-- TOC entry 3167 (class 0 OID 0)
-- Dependencies: 207
-- Name: COLUMN typschv.platido; Type: COMMENT; Schema: public; Owner: postgres
--

COMMENT ON COLUMN typschv.platido IS 'Plati DO';


--
-- TOC entry 3168 (class 0 OID 0)
-- Dependencies: 207
-- Name: COLUMN typschv.timeinsert; Type: COMMENT; Schema: public; Owner: postgres
--

COMMENT ON COLUMN typschv.timeinsert IS 'Cas vlozeni zaznamu';


--
-- TOC entry 3169 (class 0 OID 0)
-- Dependencies: 207
-- Name: COLUMN typschv.timemodify; Type: COMMENT; Schema: public; Owner: postgres
--

COMMENT ON COLUMN typschv.timemodify IS 'Cas posledni zmeny zaznamu';


--
-- TOC entry 3170 (class 0 OID 0)
-- Dependencies: 207
-- Name: COLUMN typschv.usermodify; Type: COMMENT; Schema: public; Owner: postgres
--

COMMENT ON COLUMN typschv.usermodify IS 'Uzivatel, ktery posledni modifikoval zaznam.';


--
-- TOC entry 208 (class 1259 OID 25180)
-- Name: typucast; Type: TABLE; Schema: public; Owner: postgres
--

CREATE TABLE typucast (
    id uuid NOT NULL,
    typucast integer,
    popis _popis,
    platiod _platiod,
    platido _platido,
    timeinsert _timeinsert,
    timemodify _timemodify,
    usermodify _uzivatel
);


ALTER TABLE typucast OWNER TO postgres;

--
-- TOC entry 3171 (class 0 OID 0)
-- Dependencies: 208
-- Name: TABLE typucast; Type: COMMENT; Schema: public; Owner: postgres
--

COMMENT ON TABLE typucast IS 'Číselník typů ucatniku
0 - ridic 1 - spolujezdec 2-organizator 3-ucatnik';


--
-- TOC entry 3172 (class 0 OID 0)
-- Dependencies: 208
-- Name: COLUMN typucast.id; Type: COMMENT; Schema: public; Owner: postgres
--

COMMENT ON COLUMN typucast.id IS 'ID typu ucatnika';


--
-- TOC entry 3173 (class 0 OID 0)
-- Dependencies: 208
-- Name: COLUMN typucast.typucast; Type: COMMENT; Schema: public; Owner: postgres
--

COMMENT ON COLUMN typucast.typucast IS 'Typ ucatnika 0 - ridic 1 - spolujezdec 2-organizator 3-ucatnik ';


--
-- TOC entry 3174 (class 0 OID 0)
-- Dependencies: 208
-- Name: COLUMN typucast.popis; Type: COMMENT; Schema: public; Owner: postgres
--

COMMENT ON COLUMN typucast.popis IS 'Popis typu ucatnika';


--
-- TOC entry 3175 (class 0 OID 0)
-- Dependencies: 208
-- Name: COLUMN typucast.platiod; Type: COMMENT; Schema: public; Owner: postgres
--

COMMENT ON COLUMN typucast.platiod IS 'Plati Od';


--
-- TOC entry 3176 (class 0 OID 0)
-- Dependencies: 208
-- Name: COLUMN typucast.platido; Type: COMMENT; Schema: public; Owner: postgres
--

COMMENT ON COLUMN typucast.platido IS 'Plati DO';


--
-- TOC entry 3177 (class 0 OID 0)
-- Dependencies: 208
-- Name: COLUMN typucast.timeinsert; Type: COMMENT; Schema: public; Owner: postgres
--

COMMENT ON COLUMN typucast.timeinsert IS 'Cas vlozeni zaznamu';


--
-- TOC entry 3178 (class 0 OID 0)
-- Dependencies: 208
-- Name: COLUMN typucast.timemodify; Type: COMMENT; Schema: public; Owner: postgres
--

COMMENT ON COLUMN typucast.timemodify IS 'Cas posledni zmeny zaznamu';


--
-- TOC entry 3179 (class 0 OID 0)
-- Dependencies: 208
-- Name: COLUMN typucast.usermodify; Type: COMMENT; Schema: public; Owner: postgres
--

COMMENT ON COLUMN typucast.usermodify IS 'Uzivatel, ktery posledni modifikoval zaznam.';


--
-- TOC entry 209 (class 1259 OID 25186)
-- Name: typzdroje; Type: TABLE; Schema: public; Owner: postgres
--

CREATE TABLE typzdroje (
    id uuid NOT NULL,
    typzdr integer,
    cesta integer,
    rezervace integer,
    osoba integer,
    popis _popis,
    platiod _platiod,
    platido _platido,
    timeinsert _timeinsert,
    timemodify _timemodify,
    usermodify _uzivatel
);


ALTER TABLE typzdroje OWNER TO postgres;

--
-- TOC entry 3180 (class 0 OID 0)
-- Dependencies: 209
-- Name: TABLE typzdroje; Type: COMMENT; Schema: public; Owner: postgres
--

COMMENT ON TABLE typzdroje IS 'Číselník typů zdrojů
0 - vozidla
1 - místnosti
2 - dopravní prostředky jiné
3 - výpočetní technika 
4 - ostatní';


--
-- TOC entry 3181 (class 0 OID 0)
-- Dependencies: 209
-- Name: COLUMN typzdroje.id; Type: COMMENT; Schema: public; Owner: postgres
--

COMMENT ON COLUMN typzdroje.id IS 'ID typu zdroje';


--
-- TOC entry 3182 (class 0 OID 0)
-- Dependencies: 209
-- Name: COLUMN typzdroje.typzdr; Type: COMMENT; Schema: public; Owner: postgres
--

COMMENT ON COLUMN typzdroje.typzdr IS 'Typ zdroje';


--
-- TOC entry 3183 (class 0 OID 0)
-- Dependencies: 209
-- Name: COLUMN typzdroje.cesta; Type: COMMENT; Schema: public; Owner: postgres
--

COMMENT ON COLUMN typzdroje.cesta IS 'Zdroj je mozne pouzit na cestu 0/1 (pesky, kolo, vlak, autobus, auto)';


--
-- TOC entry 3184 (class 0 OID 0)
-- Dependencies: 209
-- Name: COLUMN typzdroje.rezervace; Type: COMMENT; Schema: public; Owner: postgres
--

COMMENT ON COLUMN typzdroje.rezervace IS 'Zdroj je mozne rezervovat 0/1';


--
-- TOC entry 3185 (class 0 OID 0)
-- Dependencies: 209
-- Name: COLUMN typzdroje.osoba; Type: COMMENT; Schema: public; Owner: postgres
--

COMMENT ON COLUMN typzdroje.osoba IS 'Zdroj je osoba 0/1 - hodnota se vyuziva u dispeceru, co se ma nabidnout';


--
-- TOC entry 3186 (class 0 OID 0)
-- Dependencies: 209
-- Name: COLUMN typzdroje.popis; Type: COMMENT; Schema: public; Owner: postgres
--

COMMENT ON COLUMN typzdroje.popis IS 'Popis typu zdroje';


--
-- TOC entry 3187 (class 0 OID 0)
-- Dependencies: 209
-- Name: COLUMN typzdroje.platiod; Type: COMMENT; Schema: public; Owner: postgres
--

COMMENT ON COLUMN typzdroje.platiod IS 'Plati Od';


--
-- TOC entry 3188 (class 0 OID 0)
-- Dependencies: 209
-- Name: COLUMN typzdroje.platido; Type: COMMENT; Schema: public; Owner: postgres
--

COMMENT ON COLUMN typzdroje.platido IS 'Plati DO';


--
-- TOC entry 3189 (class 0 OID 0)
-- Dependencies: 209
-- Name: COLUMN typzdroje.timeinsert; Type: COMMENT; Schema: public; Owner: postgres
--

COMMENT ON COLUMN typzdroje.timeinsert IS 'Cas vlozeni zaznamu';


--
-- TOC entry 3190 (class 0 OID 0)
-- Dependencies: 209
-- Name: COLUMN typzdroje.timemodify; Type: COMMENT; Schema: public; Owner: postgres
--

COMMENT ON COLUMN typzdroje.timemodify IS 'Cas posledni zmeny zaznamu';


--
-- TOC entry 3191 (class 0 OID 0)
-- Dependencies: 209
-- Name: COLUMN typzdroje.usermodify; Type: COMMENT; Schema: public; Owner: postgres
--

COMMENT ON COLUMN typzdroje.usermodify IS 'Uzivatel, ktery posledni modifikoval zaznam.';


--
-- TOC entry 210 (class 1259 OID 25192)
-- Name: ucastnik; Type: TABLE; Schema: public; Owner: postgres
--

CREATE TABLE ucastnik (
    id uuid NOT NULL,
    idoso uuid NOT NULL,
    idtypucast uuid,
    idcest uuid,
    popis _popis,
    platiod _platiod,
    platido _platido,
    timeinsert _timeinsert,
    timemodify _timemodify,
    usermodify _uzivatel
);


ALTER TABLE ucastnik OWNER TO postgres;

--
-- TOC entry 3192 (class 0 OID 0)
-- Dependencies: 210
-- Name: TABLE ucastnik; Type: COMMENT; Schema: public; Owner: postgres
--

COMMENT ON TABLE ucastnik IS 'ucastnik - tabulka ucastniku';


--
-- TOC entry 3193 (class 0 OID 0)
-- Dependencies: 210
-- Name: COLUMN ucastnik.id; Type: COMMENT; Schema: public; Owner: postgres
--

COMMENT ON COLUMN ucastnik.id IS 'Identifikátor';


--
-- TOC entry 3194 (class 0 OID 0)
-- Dependencies: 210
-- Name: COLUMN ucastnik.idoso; Type: COMMENT; Schema: public; Owner: postgres
--

COMMENT ON COLUMN ucastnik.idoso IS 'Identifikátor osoby - cizi klic';


--
-- TOC entry 3195 (class 0 OID 0)
-- Dependencies: 210
-- Name: COLUMN ucastnik.idtypucast; Type: COMMENT; Schema: public; Owner: postgres
--

COMMENT ON COLUMN ucastnik.idtypucast IS 'Odkaz na ciselnik typu ucatniku';


--
-- TOC entry 3196 (class 0 OID 0)
-- Dependencies: 210
-- Name: COLUMN ucastnik.idcest; Type: COMMENT; Schema: public; Owner: postgres
--

COMMENT ON COLUMN ucastnik.idcest IS 'Odkaz na cestu';


--
-- TOC entry 3197 (class 0 OID 0)
-- Dependencies: 210
-- Name: COLUMN ucastnik.popis; Type: COMMENT; Schema: public; Owner: postgres
--

COMMENT ON COLUMN ucastnik.popis IS 'Popis cesty';


--
-- TOC entry 3198 (class 0 OID 0)
-- Dependencies: 210
-- Name: COLUMN ucastnik.platiod; Type: COMMENT; Schema: public; Owner: postgres
--

COMMENT ON COLUMN ucastnik.platiod IS 'Plati Od';


--
-- TOC entry 3199 (class 0 OID 0)
-- Dependencies: 210
-- Name: COLUMN ucastnik.platido; Type: COMMENT; Schema: public; Owner: postgres
--

COMMENT ON COLUMN ucastnik.platido IS 'Plati DO';


--
-- TOC entry 3200 (class 0 OID 0)
-- Dependencies: 210
-- Name: COLUMN ucastnik.timeinsert; Type: COMMENT; Schema: public; Owner: postgres
--

COMMENT ON COLUMN ucastnik.timeinsert IS 'Cas vlozeni zaznamu';


--
-- TOC entry 3201 (class 0 OID 0)
-- Dependencies: 210
-- Name: COLUMN ucastnik.timemodify; Type: COMMENT; Schema: public; Owner: postgres
--

COMMENT ON COLUMN ucastnik.timemodify IS 'Cas posledni zmeny zaznamu';


--
-- TOC entry 3202 (class 0 OID 0)
-- Dependencies: 210
-- Name: COLUMN ucastnik.usermodify; Type: COMMENT; Schema: public; Owner: postgres
--

COMMENT ON COLUMN ucastnik.usermodify IS 'Uzivatel, ktery posledni modifikoval zaznam.';


--
-- TOC entry 211 (class 1259 OID 25198)
-- Name: zdroj; Type: TABLE; Schema: public; Owner: postgres
--

CREATE TABLE zdroj (
    id uuid NOT NULL,
    idtypzdr uuid NOT NULL,
    idoso uuid NOT NULL,
    spz text,
    komentar text,
    kapacita integer,
    popis _popis,
    platiod _platiod,
    platido _platido,
    timeinsert _timeinsert,
    timemodify _timemodify,
    usermodify _uzivatel
);


ALTER TABLE zdroj OWNER TO postgres;

--
-- TOC entry 3203 (class 0 OID 0)
-- Dependencies: 211
-- Name: TABLE zdroj; Type: COMMENT; Schema: public; Owner: postgres
--

COMMENT ON TABLE zdroj IS 'Zdroj - tabulka zdroju, vozidla a ostatni';


--
-- TOC entry 3204 (class 0 OID 0)
-- Dependencies: 211
-- Name: COLUMN zdroj.id; Type: COMMENT; Schema: public; Owner: postgres
--

COMMENT ON COLUMN zdroj.id IS 'Identifikátor';


--
-- TOC entry 3205 (class 0 OID 0)
-- Dependencies: 211
-- Name: COLUMN zdroj.idtypzdr; Type: COMMENT; Schema: public; Owner: postgres
--

COMMENT ON COLUMN zdroj.idtypzdr IS 'Identifikátor typu zdroje - cizi klic';


--
-- TOC entry 3206 (class 0 OID 0)
-- Dependencies: 211
-- Name: COLUMN zdroj.idoso; Type: COMMENT; Schema: public; Owner: postgres
--

COMMENT ON COLUMN zdroj.idoso IS 'Identifikátor osoby, svazane s vozidlem - vetsinou podnikovy ridic';


--
-- TOC entry 3207 (class 0 OID 0)
-- Dependencies: 211
-- Name: COLUMN zdroj.spz; Type: COMMENT; Schema: public; Owner: postgres
--

COMMENT ON COLUMN zdroj.spz IS 'SPZ vozidla';


--
-- TOC entry 3208 (class 0 OID 0)
-- Dependencies: 211
-- Name: COLUMN zdroj.komentar; Type: COMMENT; Schema: public; Owner: postgres
--

COMMENT ON COLUMN zdroj.komentar IS 'Komentar k volnemu pouziti';


--
-- TOC entry 3209 (class 0 OID 0)
-- Dependencies: 211
-- Name: COLUMN zdroj.kapacita; Type: COMMENT; Schema: public; Owner: postgres
--

COMMENT ON COLUMN zdroj.kapacita IS 'Kapacita zdroje (pocet cestujicich, kapacita zasedacky, ap. )';


--
-- TOC entry 3210 (class 0 OID 0)
-- Dependencies: 211
-- Name: COLUMN zdroj.popis; Type: COMMENT; Schema: public; Owner: postgres
--

COMMENT ON COLUMN zdroj.popis IS 'Popis zdroje';


--
-- TOC entry 3211 (class 0 OID 0)
-- Dependencies: 211
-- Name: COLUMN zdroj.platiod; Type: COMMENT; Schema: public; Owner: postgres
--

COMMENT ON COLUMN zdroj.platiod IS 'Plati Od';


--
-- TOC entry 3212 (class 0 OID 0)
-- Dependencies: 211
-- Name: COLUMN zdroj.platido; Type: COMMENT; Schema: public; Owner: postgres
--

COMMENT ON COLUMN zdroj.platido IS 'Plati DO';


--
-- TOC entry 3213 (class 0 OID 0)
-- Dependencies: 211
-- Name: COLUMN zdroj.timeinsert; Type: COMMENT; Schema: public; Owner: postgres
--

COMMENT ON COLUMN zdroj.timeinsert IS 'Cas vlozeni zaznamu';


--
-- TOC entry 3214 (class 0 OID 0)
-- Dependencies: 211
-- Name: COLUMN zdroj.timemodify; Type: COMMENT; Schema: public; Owner: postgres
--

COMMENT ON COLUMN zdroj.timemodify IS 'Cas posledni zmeny zaznamu';


--
-- TOC entry 3215 (class 0 OID 0)
-- Dependencies: 211
-- Name: COLUMN zdroj.usermodify; Type: COMMENT; Schema: public; Owner: postgres
--

COMMENT ON COLUMN zdroj.usermodify IS 'Uzivatel, ktery posledni modifikoval zaznam.';


--
-- TOC entry 2993 (class 0 OID 25102)
-- Dependencies: 196
-- Data for Name: aktivity; Type: TABLE DATA; Schema: public; Owner: postgres
--

INSERT INTO aktivity (id, idtypakt, idoso, komentar, popis, platiod, platido, timeinsert, timemodify, usermodify) VALUES ('c2d29867-3d0b-d497-9191-18a9d8ee7830', NULL, NULL, NULL, 'Služební cesta', '2018-01-01 00:00:00', '2100-12-31 00:00:00', '2017-05-03 21:06:43.394', '2017-05-04 13:35:23.578', 'postgres');
INSERT INTO aktivity (id, idtypakt, idoso, komentar, popis, platiod, platido, timeinsert, timemodify, usermodify) VALUES ('c2d29867-3d0b-d497-9191-18a9d8ee7835', NULL, NULL, NULL, 'Seminář GDPR', '2018-01-01 00:00:00', '2099-02-01 00:00:00', '2017-05-04 13:42:33.016', '2017-05-04 14:19:23.356', 'postgres');


--
-- TOC entry 2994 (class 0 OID 25108)
-- Dependencies: 197
-- Data for Name: cesta; Type: TABLE DATA; Schema: public; Owner: postgres
--



--
-- TOC entry 2995 (class 0 OID 25114)
-- Dependencies: 198
-- Data for Name: dispecerhl; Type: TABLE DATA; Schema: public; Owner: postgres
--



--
-- TOC entry 2996 (class 0 OID 25120)
-- Dependencies: 199
-- Data for Name: dispecerpol; Type: TABLE DATA; Schema: public; Owner: postgres
--



--
-- TOC entry 2997 (class 0 OID 25126)
-- Dependencies: 200
-- Data for Name: email; Type: TABLE DATA; Schema: public; Owner: postgres
--



--
-- TOC entry 2998 (class 0 OID 25133)
-- Dependencies: 201
-- Data for Name: log; Type: TABLE DATA; Schema: public; Owner: postgres
--

INSERT INTO log (id, tblid, tblname, idakt, idzdr, idcest, idrez, iducast, idoso, popis, platiod, platido, timeinsert, timemodify, usermodify) VALUES ('153e93f8-6085-4a50-8c83-1d703fa29a70', '153e93f8-6085-4a50-8c83-1d703fa29a70', 'dispecerhl', NULL, NULL, NULL, NULL, NULL, NULL, ' ', '2017-01-01 00:00:00', '2100-12-31 00:00:00', '2018-01-04 13:36:18.309', '2018-01-04 13:36:18.309', 'postgres');


--
-- TOC entry 2999 (class 0 OID 25139)
-- Dependencies: 202
-- Data for Name: osoba; Type: TABLE DATA; Schema: public; Owner: postgres
--

INSERT INTO osoba (id, name, password, extid, komentar, skupina, email, popis, platiod, platido, timeinsert, timemodify, usermodify) VALUES ('1084df82-f209-4fe4-af0a-fe77dd5836bf', 'fojtik', '5972cfe0a8582558fdb9d97f83e380aa', 165, '', 'USER', 'ffojtik@mukrnov.cz', 'Fojtík František, ThMgr.', '2017-01-01 14:22:56.884', '2100-12-31 14:22:56.884', '2017-08-17 14:23:14.045', '2017-11-24 12:29:30.367', 'postgres');
INSERT INTO osoba (id, name, password, extid, komentar, skupina, email, popis, platiod, platido, timeinsert, timemodify, usermodify) VALUES ('72378bf4-f712-49a5-922b-e2dd545cdb96', 'herelova', '3dbacfd76b0a040ccad1eacb20def4c8', 166, '', 'USER', 'zherelova@mukrnov.cz', 'Herelová Zdena', '2017-01-01 14:22:56.884', '2100-12-31 14:22:56.884', '2017-08-17 14:23:14.144', '2017-11-24 12:29:30.367', 'postgres');
INSERT INTO osoba (id, name, password, extid, komentar, skupina, email, popis, platiod, platido, timeinsert, timemodify, usermodify) VALUES ('f5a615f1-6afb-4eea-81ef-208d42c08058', 'hranec', '08c874946846307c45c078cd5931dddc', 167, '', 'USER', 'jhranec@mukrnov.cz', 'Hranec Josef, Ing.', '2017-01-01 14:22:56.884', '2100-12-31 14:22:56.884', '2017-08-17 14:23:14.245', '2017-11-24 12:29:30.367', 'postgres');
INSERT INTO osoba (id, name, password, extid, komentar, skupina, email, popis, platiod, platido, timeinsert, timemodify, usermodify) VALUES ('b5164366-0109-4533-980e-1c7d23d2a585', 'jatzkova', '85e6b1d7fa6ce70509e510e727befd8c', 169, '', 'USER', 'djatzkova@mukrnov.cz', 'Jatzková Dagmar, Bc. DiS.', '2017-01-01 14:22:56.884', '2100-12-31 14:22:56.884', '2017-08-17 14:23:14.344', '2017-11-24 12:29:30.367', 'postgres');
INSERT INTO osoba (id, name, password, extid, komentar, skupina, email, popis, platiod, platido, timeinsert, timemodify, usermodify) VALUES ('e077b9e7-b145-4147-9c08-dd3f12a16d76', 'knoppova', 'fcde7ea30e3607b3e0ad26ab60ed5b56', 170, '', 'USER', 'lknoppova@mukrnov.cz', 'Knoppová Lenka', '2017-01-01 14:22:56.884', '2100-12-31 14:22:56.884', '2017-08-17 14:23:14.446', '2017-11-24 12:29:30.367', 'postgres');
INSERT INTO osoba (id, name, password, extid, komentar, skupina, email, popis, platiod, platido, timeinsert, timemodify, usermodify) VALUES ('ccd41989-1daa-4037-af0e-2b8d4bd16d24', 'kolarova', '407e175a4e9bbd6c1c2650bda2bacf19', 58, '', 'USER', 'skolarova@mukrnov.cz', 'Kolářová Světlana', '2017-01-01 14:22:56.884', '2100-12-31 14:22:56.884', '2017-08-17 14:23:18.507', '2017-11-24 12:29:30.367', 'postgres');
INSERT INTO osoba (id, name, password, extid, komentar, skupina, email, popis, platiod, platido, timeinsert, timemodify, usermodify) VALUES ('5b194dee-49f6-4700-8c08-35123d5f3853', 'lantova', 'e10adc3949ba59abbe56e057f20f883e', 62, '', 'USER', 'dlantova@mukrnov.cz', 'Lantová Dagmar', '2017-01-01 14:22:56.884', '2100-12-31 14:22:56.884', '2017-08-17 14:23:18.607', '2017-11-24 12:29:30.367', 'postgres');
INSERT INTO osoba (id, name, password, extid, komentar, skupina, email, popis, platiod, platido, timeinsert, timemodify, usermodify) VALUES ('86b38b61-7591-4aa1-97f9-49fcdde9aeaa', 'sedlackova', '38f093f7d5fb12eed3e53490f1ea0f28', 64, '', 'USER', 'asedlackova@mukrnov.cz', 'Sedláčková Alena', '2017-01-01 14:22:56.884', '2100-12-31 14:22:56.884', '2017-08-17 14:23:18.707', '2017-11-24 12:29:30.367', 'postgres');
INSERT INTO osoba (id, name, password, extid, komentar, skupina, email, popis, platiod, platido, timeinsert, timemodify, usermodify) VALUES ('612294bd-1a7f-4632-a21a-e7177a2e17d6', 'sebelova', '3755d125ca8e3170e69ae44ebf54d8e7', 65, '', 'USER', 'dsebelova@mukrnov.cz', 'Šebelová Daša', '2017-01-01 14:22:56.884', '2100-12-31 14:22:56.884', '2017-08-17 14:23:18.807', '2017-11-24 12:29:30.367', 'postgres');
INSERT INTO osoba (id, name, password, extid, komentar, skupina, email, popis, platiod, platido, timeinsert, timemodify, usermodify) VALUES ('84a01552-2495-4562-97d6-23dc5b77b4ab', 'klusova', '338bd015fbbcc892bd733b67623cb731', 70, '', 'USER', 'sklusova@mukrnov.cz', 'Klusová Simona', '2017-01-01 14:22:56.884', '2100-12-31 14:22:56.884', '2017-08-17 14:23:18.907', '2017-11-24 12:29:30.367', 'postgres');
INSERT INTO osoba (id, name, password, extid, komentar, skupina, email, popis, platiod, platido, timeinsert, timemodify, usermodify) VALUES ('08ff7d87-dc86-4945-b176-15797609fa41', 'musilova', 'a13df554dec7a6b7ad4e7adecbbf36a3', 71, '', 'USER', 'mmusilova@mukrnov.cz', 'Musilová Marcela', '2017-01-01 14:22:56.884', '2100-12-31 14:22:56.884', '2017-08-17 14:23:19.008', '2017-11-24 12:29:30.367', 'postgres');
INSERT INTO osoba (id, name, password, extid, komentar, skupina, email, popis, platiod, platido, timeinsert, timemodify, usermodify) VALUES ('af01de84-545b-4d3b-a7a5-6db0203b5028', 'pyszkova', '66274b3c7cf5c9bba2d48d9f6b3db4b3', 72, '', 'USER', 'rpyszkova@mukrnov.cz', 'Pyszková Romana, Mgr.', '2017-01-01 14:22:56.884', '2100-12-31 14:22:56.884', '2017-08-17 14:23:19.107', '2017-11-24 12:29:30.367', 'postgres');
INSERT INTO osoba (id, name, password, extid, komentar, skupina, email, popis, platiod, platido, timeinsert, timemodify, usermodify) VALUES ('3e682f00-8259-42eb-ab1c-3909c2e180aa', 'reminkova', 'a4d9d0542719eb69cae78e98d6650cf9', 74, '', 'USER', 'kreminkova@mukrnov.cz', 'Řemínková Kateřina', '2017-01-01 14:22:56.884', '2100-12-31 14:22:56.884', '2017-08-17 14:23:19.208', '2017-11-24 12:29:30.367', 'postgres');
INSERT INTO osoba (id, name, password, extid, komentar, skupina, email, popis, platiod, platido, timeinsert, timemodify, usermodify) VALUES ('3886f5dc-0750-4e77-9860-f253fc928f50', 'canova', 'da63586c8e4bfc904f1d33b0dc6d4827', 86, '', 'USER', 'zcanova@mukrnov.cz', 'Čáňová Zdeňka', '2017-01-01 14:22:56.884', '2100-12-31 14:22:56.884', '2017-08-17 14:23:19.328', '2017-11-24 12:29:30.367', 'postgres');
INSERT INTO osoba (id, name, password, extid, komentar, skupina, email, popis, platiod, platido, timeinsert, timemodify, usermodify) VALUES ('ded6f3a6-cf4d-4446-bd72-1b2812af3dbb', 'kotas', 'a2124e097376598419dcdbab51906daa', 87, '', 'USER', 'akotas@mukrnov.cz', 'Kotas Aleš, Ing.', '2017-01-01 14:22:56.884', '2100-12-31 14:22:56.884', '2017-08-17 14:23:19.427', '2017-11-24 12:29:30.367', 'postgres');
INSERT INTO osoba (id, name, password, extid, komentar, skupina, email, popis, platiod, platido, timeinsert, timemodify, usermodify) VALUES ('8e4a8215-0378-4735-bd93-b6385a3a6047', 'kubalova', 'fccbce33643556ee698db7d599853a1f', 88, '', 'USER', 'pkubalova@mukrnov.cz', 'Kubalová Pavlína', '2017-01-01 14:22:56.884', '2100-12-31 14:22:56.884', '2017-08-17 14:23:19.528', '2017-11-24 12:29:30.367', 'postgres');
INSERT INTO osoba (id, name, password, extid, komentar, skupina, email, popis, platiod, platido, timeinsert, timemodify, usermodify) VALUES ('af488394-9fef-433e-8717-0ce8398e1ef8', 'sarmanova', '3dc7aa37e7714f5752ee1275dc205f52', 89, '', 'USER', 'zsarmanova@mukrnov.cz', 'Šarmanová Zdena, Ing.', '2017-01-01 14:22:56.884', '2100-12-31 14:22:56.884', '2017-08-17 14:23:19.628', '2017-11-24 12:29:30.367', 'postgres');
INSERT INTO osoba (id, name, password, extid, komentar, skupina, email, popis, platiod, platido, timeinsert, timemodify, usermodify) VALUES ('044f978b-f745-4091-be3d-a7ffc985872a', 'babusova', 'e10adc3949ba59abbe56e057f20f883e', 94, '', 'USER', 'jbabusova@mukrnov.cz', 'Babušová Jana', '2017-01-01 14:22:56.884', '2100-12-31 14:22:56.884', '2017-08-17 14:23:19.727', '2017-11-24 12:29:30.367', 'postgres');
INSERT INTO osoba (id, name, password, extid, komentar, skupina, email, popis, platiod, platido, timeinsert, timemodify, usermodify) VALUES ('493e203f-08f1-4ea5-8db1-6aa3985db50e', 'herynkova', 'e10adc3949ba59abbe56e057f20f883e', 95, '', 'USER', 'jherynkova@mukrnov.cz', 'Herynková Jaroslava', '2017-01-01 14:22:56.884', '2100-12-31 14:22:56.884', '2017-08-17 14:23:19.827', '2017-11-24 12:29:30.367', 'postgres');
INSERT INTO osoba (id, name, password, extid, komentar, skupina, email, popis, platiod, platido, timeinsert, timemodify, usermodify) VALUES ('388c7961-00f9-4cc3-a65a-bcd6a90803c1', 'krcmarikova', 'e10adc3949ba59abbe56e057f20f883e', 97, '', 'USER', 'jkrcmarikova@mukrnov.cz', 'Krčmaříková Jana', '2017-01-01 14:22:56.884', '2100-12-31 14:22:56.884', '2017-08-17 14:23:19.929', '2017-11-24 12:29:30.367', 'postgres');
INSERT INTO osoba (id, name, password, extid, komentar, skupina, email, popis, platiod, platido, timeinsert, timemodify, usermodify) VALUES ('718dfe2a-aea7-4525-a550-d4358c09fa15', 'admin', '21232f297a57a5a743894a0e4a801fc3', NULL, '', 'USER', NULL, 'Administrátor', '2017-01-01 00:00:00', '2100-12-31 00:00:00', '2017-05-27 00:25:57.201', '2017-11-24 12:29:30.367', 'postgres');
INSERT INTO osoba (id, name, password, extid, komentar, skupina, email, popis, platiod, platido, timeinsert, timemodify, usermodify) VALUES ('ec885396-92f5-4d7f-bff8-aa86f0e5a1af', 'rozansky', 'a97627a64a0142fdecad93ea5ff1c219', 389, '', 'USER', 'frozansky@mukrnov.cz', 'Rožanský Filip, Bc.', '2017-01-01 14:22:56.884', '2100-12-31 14:22:56.884', '2017-08-17 14:23:29.104', '2017-11-24 12:29:30.367', 'postgres');
INSERT INTO osoba (id, name, password, extid, komentar, skupina, email, popis, platiod, platido, timeinsert, timemodify, usermodify) VALUES ('6dd51724-2fee-417e-b4da-8f368b6e0c77', 'chudicky', 'a14e74f9db30eb3a5729356985fc7c92', 399, '', 'USER', 'schudicky@mukrnov.cz', 'Chudický Stanislav', '2017-01-01 14:22:56.884', '2100-12-31 14:22:56.884', '2017-08-17 14:23:29.205', '2017-11-24 12:29:30.367', 'postgres');
INSERT INTO osoba (id, name, password, extid, komentar, skupina, email, popis, platiod, platido, timeinsert, timemodify, usermodify) VALUES ('89627179-4a44-445f-8d36-e75c3fb5c91d', 'ANONYMOUS', '294de3557d9d00b3d2d8a1e6aab028cf', NULL, '', 'USER', NULL, 'ANONYMOUS', '2017-01-01 00:00:00', '2100-12-31 00:00:00', '2017-06-13 23:02:10.519', '2017-11-24 12:29:30.367', 'postgres');
INSERT INTO osoba (id, name, password, extid, komentar, skupina, email, popis, platiod, platido, timeinsert, timemodify, usermodify) VALUES ('35677ee6-bf8a-4ac0-a4cf-f87c90dac421', 'muzikova', '36caf5121ba1babe1db3490664e973cd', 252, '', 'USER', 'pmuzikova@muzikova.cz', 'Mužíková Petra, Ing.', '2017-01-01 14:22:56.884', '2100-12-31 14:22:56.884', '2017-08-17 14:23:31.321', '2017-11-24 12:29:30.367', 'postgres');
INSERT INTO osoba (id, name, password, extid, komentar, skupina, email, popis, platiod, platido, timeinsert, timemodify, usermodify) VALUES ('e22a616c-9e02-4252-b690-6060b1f2d407', 'vitkoval', '9c6f9c4cefbfbb2344e17ea9e92ce1cb', 255, '', 'USER', 'lvitkova@mukrnov.cz', 'Vítková Lucie, Ing.', '2017-01-01 14:22:56.884', '2100-12-31 14:22:56.884', '2017-08-17 14:23:31.421', '2017-11-24 12:29:30.367', 'postgres');
INSERT INTO osoba (id, name, password, extid, komentar, skupina, email, popis, platiod, platido, timeinsert, timemodify, usermodify) VALUES ('2a80dc3f-022e-4559-aec6-83b50a46b47d', 'bednarova', 'd8a3456b1107fa255ab901c9c3535962', 260, '', 'USER', 'lbednarova@mukrnov.cz', 'Bednářová Lenka', '2017-01-01 14:22:56.884', '2100-12-31 14:22:56.884', '2017-08-17 14:23:31.522', '2017-11-24 12:29:30.367', 'postgres');
INSERT INTO osoba (id, name, password, extid, komentar, skupina, email, popis, platiod, platido, timeinsert, timemodify, usermodify) VALUES ('6fffa461-8410-4bfa-8103-414aa6174043', 'vitaskova', 'e10adc3949ba59abbe56e057f20f883e', 262, '', 'USER', 'mvitaskova@mukrnov.cz', 'Vitásková Michaela, Mgr.', '2017-01-01 14:22:56.884', '2100-12-31 14:22:56.884', '2017-08-17 14:23:31.622', '2017-11-24 12:29:30.367', 'postgres');
INSERT INTO osoba (id, name, password, extid, komentar, skupina, email, popis, platiod, platido, timeinsert, timemodify, usermodify) VALUES ('38a4f93e-4891-41af-88f8-11a57b623c55', 'krenek', '8cb273bea4aefcf205ddea6d241be474', 264, '', 'USER', 'jkrenek@mukrnov.cz', 'Křenek Jiří', '2017-01-01 14:22:56.884', '2100-12-31 14:22:56.884', '2017-08-17 14:23:31.722', '2017-11-24 12:29:30.367', 'postgres');
INSERT INTO osoba (id, name, password, extid, komentar, skupina, email, popis, platiod, platido, timeinsert, timemodify, usermodify) VALUES ('2e72c4ef-94a6-429c-9483-f8bdd200d995', 'figurova', '9e85de7cddc7b797e1189996b47ce0ce', 266, '', 'USER', 'hfigurova@mukrnov.cz', 'Figurová Helena', '2017-01-01 14:22:56.884', '2100-12-31 14:22:56.884', '2017-08-17 14:23:31.832', '2017-11-24 12:29:30.367', 'postgres');
INSERT INTO osoba (id, name, password, extid, komentar, skupina, email, popis, platiod, platido, timeinsert, timemodify, usermodify) VALUES ('c72fb1c9-89e0-45b0-80dd-2286b45025ff', 'kubisova', '7eac21b9557494bc5d4db76acb28ec72', 267, '', 'USER', 'dkubisova@mukrnov.cz', 'Kubišová Dagmar', '2017-01-01 14:22:56.884', '2100-12-31 14:22:56.884', '2017-08-17 14:23:31.932', '2017-11-24 12:29:30.367', 'postgres');
INSERT INTO osoba (id, name, password, extid, komentar, skupina, email, popis, platiod, platido, timeinsert, timemodify, usermodify) VALUES ('268c3b06-cc67-46b5-89ad-7c203e7181a6', 'rapusak', '418b27d3afeaf99bf9301efc5a6c765a', 333, '', 'USER', 'lrapusak@mukrnov.cz', 'Rapušák Lubomír', '2017-01-01 14:22:56.884', '2100-12-31 14:22:56.884', '2017-08-17 14:23:32.034', '2017-11-24 12:29:30.367', 'postgres');
INSERT INTO osoba (id, name, password, extid, komentar, skupina, email, popis, platiod, platido, timeinsert, timemodify, usermodify) VALUES ('91f22e25-5a6e-498b-823f-ff8862af0ddc', 'semianova', '16a7af0e14037b567d7782c4ef1bdeda', 335, '', 'USER', 'vsemianova@mukrnov.cz', 'Semianová Věra', '2017-01-01 14:22:56.884', '2100-12-31 14:22:56.884', '2017-08-17 14:23:32.133', '2017-11-24 12:29:30.367', 'postgres');
INSERT INTO osoba (id, name, password, extid, komentar, skupina, email, popis, platiod, platido, timeinsert, timemodify, usermodify) VALUES ('15571662-7c2e-4366-b032-035a134a3339', 'indruch', '16edd9a8b213447ad22f5df4b94fd45c', 221, '', 'USER', 'tindruch@mukrnov.cz', 'Indruch Tomáš', '2017-01-01 14:22:56.884', '2100-12-31 14:22:56.884', '2017-08-17 14:23:32.233', '2017-11-24 12:29:30.367', 'postgres');
INSERT INTO osoba (id, name, password, extid, komentar, skupina, email, popis, platiod, platido, timeinsert, timemodify, usermodify) VALUES ('db1c9818-eb78-4d2c-a7da-e49df8962426', 'snasel', 'e10adc3949ba59abbe56e057f20f883e', 224, '', 'USER', 'lsnasel@muklrnov.cz', 'Snášel Libor', '2017-01-01 14:22:56.884', '2100-12-31 14:22:56.884', '2017-08-17 14:23:32.334', '2017-11-24 12:29:30.367', 'postgres');
INSERT INTO osoba (id, name, password, extid, komentar, skupina, email, popis, platiod, platido, timeinsert, timemodify, usermodify) VALUES ('06b279cf-e753-433e-9d5f-7a19efa6f289', 'gustyova', '9fff906cb0e6e6a23599e39d59156116', 233, '', 'USER', 'lgustyova@mukrnov.cz', 'Gustyová Lenka, Bc.', '2017-01-01 14:22:56.884', '2100-12-31 14:22:56.884', '2017-08-17 14:23:32.433', '2017-11-24 12:29:30.367', 'postgres');
INSERT INTO osoba (id, name, password, extid, komentar, skupina, email, popis, platiod, platido, timeinsert, timemodify, usermodify) VALUES ('50e18118-7bbb-4b87-a771-0afdc8b491b1', 'demjanovicova', '3ab7daed4d02a80d19125f4580d600c0', 368, '', 'USER', 'ddemjanovicova@mukrnov.cz', 'Demjanovičová Dagmar', '2017-01-01 14:22:56.884', '2100-12-31 14:22:56.884', '2017-08-17 14:23:32.533', '2017-11-24 12:29:30.367', 'postgres');
INSERT INTO osoba (id, name, password, extid, komentar, skupina, email, popis, platiod, platido, timeinsert, timemodify, usermodify) VALUES ('c4b330be-573a-4c53-84b4-e56bee2332aa', 'kumarci', '9b7cd5a8f2b129fdeccdf6d682abad48', 373, '', 'USER', 'lkumarci@mukrnov.cz', 'Kumarci Lenka, Bc.', '2017-01-01 14:22:56.884', '2100-12-31 14:22:56.884', '2017-08-17 14:23:32.632', '2017-11-24 12:29:30.367', 'postgres');
INSERT INTO osoba (id, name, password, extid, komentar, skupina, email, popis, platiod, platido, timeinsert, timemodify, usermodify) VALUES ('aac687a3-5418-49b3-90bc-1b8223bd9610', 'feketova', '164e6f1f1ac8bd01ba6abbc953b334bb', 381, '', 'USER', 'rfeketova@mukrnov.cz', 'Feketová Růžena', '2017-01-01 14:22:56.884', '2100-12-31 14:22:56.884', '2017-08-17 14:23:32.734', '2017-11-24 12:29:30.367', 'postgres');
INSERT INTO osoba (id, name, password, extid, komentar, skupina, email, popis, platiod, platido, timeinsert, timemodify, usermodify) VALUES ('0d0d8058-3911-4583-a901-a29e300c833e', 'herudkova', '011386653104f4cb4abe276b9b705afd', 382, '', 'USER', 'aherudkova@mukrnov.cz', 'Herudková Alena', '2017-01-01 14:22:56.884', '2100-12-31 14:22:56.884', '2017-08-17 14:23:32.833', '2017-11-24 12:29:30.367', 'postgres');
INSERT INTO osoba (id, name, password, extid, komentar, skupina, email, popis, platiod, platido, timeinsert, timemodify, usermodify) VALUES ('cde78a40-e07a-484c-a1aa-90c9b3f71d8a', 'konecnal', 'e7fc9cc48d7c6502abc17342ce8b7eec', 384, '', 'USER', 'lkonecna@mukrnov.cz', 'Konečná Libuše, Bc.', '2017-01-01 14:22:56.884', '2100-12-31 14:22:56.884', '2017-08-17 14:23:32.933', '2017-11-24 12:29:30.367', 'postgres');
INSERT INTO osoba (id, name, password, extid, komentar, skupina, email, popis, platiod, platido, timeinsert, timemodify, usermodify) VALUES ('fbb384c3-cfef-4582-af87-a0f2a702e860', 'pucanova', 'fff64cb6beebfa10fd803f442c969238', 388, '', 'USER', 'lpucanova@mukrnov.cz', 'Pučanová Lenka', '2017-01-01 14:22:56.884', '2100-12-31 14:22:56.884', '2017-08-17 14:23:33.033', '2017-11-24 12:29:30.367', 'postgres');
INSERT INTO osoba (id, name, password, extid, komentar, skupina, email, popis, platiod, platido, timeinsert, timemodify, usermodify) VALUES ('9960cbb8-db3a-4dfc-9292-fab189f9040e', 'kozelek', '10e2a9cf565991cc04e3f18e23828218', 722, '', 'USER', 'ikozelek@mukrnov.cz', 'Kozelek Igor, Ing.', '2017-01-01 00:00:00', '2100-12-31 00:00:00', '2017-05-30 09:32:37.729', '2017-11-24 12:29:30.367', 'postgres');
INSERT INTO osoba (id, name, password, extid, komentar, skupina, email, popis, platiod, platido, timeinsert, timemodify, usermodify) VALUES ('121d9333-c221-47a2-a725-a69598124350', 'koukolova', 'e10adc3949ba59abbe56e057f20f883e', 726, '', 'USER', NULL, 'Koukolová Petrová Jana, PhDr. Mgr.', '2017-01-01 14:22:56.884', '2100-12-31 14:22:56.884', '2017-08-17 14:23:33.234', '2017-11-24 12:29:30.367', 'postgres');
INSERT INTO osoba (id, name, password, extid, komentar, skupina, email, popis, platiod, platido, timeinsert, timemodify, usermodify) VALUES ('39f0570d-42b1-410b-9cd7-33809597adb7', 'brunclik', 'e10adc3949ba59abbe56e057f20f883e', 728, '', 'USER', 'mbrunclik@mukrnov.cz', 'Brunclík Michal, Ing.', '2017-01-01 14:22:56.884', '2100-12-31 14:22:56.884', '2017-08-17 14:23:33.334', '2017-11-24 12:29:30.367', 'postgres');
INSERT INTO osoba (id, name, password, extid, komentar, skupina, email, popis, platiod, platido, timeinsert, timemodify, usermodify) VALUES ('f3cdcde5-1a1d-4902-9c65-f01658b889c9', 'krkoska', 'e10adc3949ba59abbe56e057f20f883e', 730, '', 'USER', 'jkrkoska@mukrnov.cz', 'Krkoška Jan', '2017-01-01 14:22:56.884', '2100-12-31 14:22:56.884', '2017-08-17 14:23:33.434', '2017-11-24 12:29:30.367', 'postgres');
INSERT INTO osoba (id, name, password, extid, komentar, skupina, email, popis, platiod, platido, timeinsert, timemodify, usermodify) VALUES ('c4519a6b-e313-4d4f-8fe5-4c4c5c42158a', 'tic', 'a24d86922413af2ebf46b87c3cb95978', 741, '', 'USER', 'tic@mukrnov.cz', 'TIC', '2017-01-01 14:22:56.884', '2100-12-31 14:22:56.884', '2017-08-17 14:23:33.533', '2017-11-24 12:29:30.367', 'postgres');
INSERT INTO osoba (id, name, password, extid, komentar, skupina, email, popis, platiod, platido, timeinsert, timemodify, usermodify) VALUES ('53fe5bce-5685-4718-9ab5-686d765e7ffb', 'sasakova', '4630660206f51302d55ffb4343de4bb8', 1541, '', 'USER', 'msasakova@mukrnov.cz', 'Sasáková Martina, Dis.', '2017-01-01 14:22:56.884', '2100-12-31 14:22:56.884', '2017-08-17 14:23:33.633', '2017-11-24 12:29:30.367', 'postgres');
INSERT INTO osoba (id, name, password, extid, komentar, skupina, email, popis, platiod, platido, timeinsert, timemodify, usermodify) VALUES ('ab4c4aab-0efb-4592-8ff0-635c203a3338', 'tobiasek', '281ffbf5eb2a3916b9c1eb8f28637836', 1701, '', 'USER', 'jtobiasek@mukrnov.cz', 'Tobiášek Josef, Mgr.', '2017-01-01 14:22:56.884', '2100-12-31 14:22:56.884', '2017-08-17 14:23:33.733', '2017-11-24 12:29:30.367', 'postgres');
INSERT INTO osoba (id, name, password, extid, komentar, skupina, email, popis, platiod, platido, timeinsert, timemodify, usermodify) VALUES ('1f31523f-1deb-4f4c-b455-41389a3da9a0', 'vrchovsky', 'bf5f7f09b727fa734a84d3ffa5a2ca23', 2182, '', 'USER', 'fvrchovsky@mukrnov.cz', 'Vrchovský Filip, Bc.', '2017-01-01 14:22:56.884', '2100-12-31 14:22:56.884', '2017-08-17 14:23:33.833', '2017-11-24 12:29:30.367', 'postgres');
INSERT INTO osoba (id, name, password, extid, komentar, skupina, email, popis, platiod, platido, timeinsert, timemodify, usermodify) VALUES ('cf48497e-6eac-45d5-a8d5-076771849686', 'moravecj', '6dce8359531304453a9640ce9cc0e5de', 1984, '', 'USER', 'moravecj@mukrnov.cz', 'Moravec Jakub, Bc.', '2017-01-01 14:22:56.884', '2100-12-31 14:22:56.884', '2017-08-17 14:23:33.943', '2017-11-24 12:29:30.367', 'postgres');
INSERT INTO osoba (id, name, password, extid, komentar, skupina, email, popis, platiod, platido, timeinsert, timemodify, usermodify) VALUES ('ecd8c348-cd4a-4a55-88c0-b852e2209aaf', 'caslava', 'aafd360f07cf08501299c07f903f7a0c', 2721, '', 'USER', 'jcaslava@mukrnov.cz', 'Čáslava Josef Mgr.', '2017-01-01 14:22:56.884', '2100-12-31 14:22:56.884', '2017-08-17 14:23:34.043', '2017-11-24 12:29:30.367', 'postgres');
INSERT INTO osoba (id, name, password, extid, komentar, skupina, email, popis, platiod, platido, timeinsert, timemodify, usermodify) VALUES ('64118385-6022-41df-9c5c-6ea0dcf0d77e', 'valkova', '752361fd880c9ce828ca0c34c7ba9117', 2841, '', 'USER', 'avalkova@mukrnov.cz', 'Válková Aneta Mgr.', '2017-01-01 14:22:56.884', '2100-12-31 14:22:56.884', '2017-08-17 14:23:34.143', '2017-11-24 12:29:30.367', 'postgres');
INSERT INTO osoba (id, name, password, extid, komentar, skupina, email, popis, platiod, platido, timeinsert, timemodify, usermodify) VALUES ('eec8e570-5c30-4471-ab6c-17a6e7ced242', 'hoferkova', '641e2ec241d47bd3dcf9ecdfe9c3e816', 3225, '', 'USER', 'zhoferkova@mukrnov.cz', 'Zuzana Hoferková', '2017-01-01 14:22:56.884', '2100-12-31 14:22:56.884', '2017-08-17 14:23:34.344', '2017-11-24 12:29:30.367', 'postgres');
INSERT INTO osoba (id, name, password, extid, komentar, skupina, email, popis, platiod, platido, timeinsert, timemodify, usermodify) VALUES ('3af12962-68d3-461d-9746-f6b402b136e3', 'nykodymova', '2b114123f38c166616f66a4b724a6e6f', 3281, '', 'USER', 'mnykodymova@mukrnov.cz', 'Marcela Nykodymová', '2017-01-01 14:22:56.884', '2100-12-31 14:22:56.884', '2017-08-17 14:23:34.447', '2017-11-24 12:29:30.367', 'postgres');
INSERT INTO osoba (id, name, password, extid, komentar, skupina, email, popis, platiod, platido, timeinsert, timemodify, usermodify) VALUES ('adf8c4b7-e84a-4836-9cb1-cadef227472e', 'predikantova', '1bf02f8a21dcc6cb9b4e7bc11cff4706', 3321, '', 'USER', NULL, 'Kamila Predikantová', '2017-01-01 14:22:56.884', '2100-12-31 14:22:56.884', '2017-08-17 14:23:34.564', '2017-11-24 12:29:30.367', 'postgres');
INSERT INTO osoba (id, name, password, extid, komentar, skupina, email, popis, platiod, platido, timeinsert, timemodify, usermodify) VALUES ('d4a1976f-70b8-47c8-85ec-8a7da0a40a11', 'miklusova', 'e79bb4b84e7535727fb8eb45cf5262e4', 3001, '', 'USER', 'gmiklusova@mukrnov.cz', 'Ing. Gabriela Miklušová', '2017-01-01 14:22:56.884', '2100-12-31 14:22:56.884', '2017-08-17 14:23:34.664', '2017-11-24 12:29:30.367', 'postgres');
INSERT INTO osoba (id, name, password, extid, komentar, skupina, email, popis, platiod, platido, timeinsert, timemodify, usermodify) VALUES ('0ab8ccac-3ad1-4823-a2da-ddbc7ef918ad', 'klimkova', 'c525bf7ce8e469b2fb0596037f9a9075', 3201, '', 'USER', NULL, 'Mgr. Kateřina Klímková', '2017-01-01 14:22:56.884', '2100-12-31 14:22:56.884', '2017-08-17 14:23:34.764', '2017-11-24 12:29:30.367', 'postgres');
INSERT INTO osoba (id, name, password, extid, komentar, skupina, email, popis, platiod, platido, timeinsert, timemodify, usermodify) VALUES ('5f98cf7e-8149-419b-83d6-65f9b2b292de', 'carnecka', 'ea3ee14723b4d9c0d03e510a5dfae290', 3461, '', 'USER', 'rcarnecka@mukrnov.cz', 'Čarnecká Romana', '2017-01-01 14:22:56.884', '2100-12-31 14:22:56.884', '2017-08-17 14:23:34.863', '2017-11-24 12:29:30.367', 'postgres');
INSERT INTO osoba (id, name, password, extid, komentar, skupina, email, popis, platiod, platido, timeinsert, timemodify, usermodify) VALUES ('c7c698d1-e89e-4073-984a-33810adbf0bb', 'hazuchova', 'e79bb4b84e7535727fb8eb45cf5262e4', 2981, '', 'USER', 'khazuchova@mukrnov.cz', 'Ing. Klára Hazuchová', '2017-01-01 14:22:56.884', '2100-12-31 14:22:56.884', '2017-08-17 14:23:34.975', '2017-11-24 12:29:30.367', 'postgres');
INSERT INTO osoba (id, name, password, extid, komentar, skupina, email, popis, platiod, platido, timeinsert, timemodify, usermodify) VALUES ('92f15399-8183-4474-a3f0-70bb4cab5470', 'osadnik', '87e1fecf07c5238b69935e815172a659', 2801, '', 'USER', 'posadnik@mukrnov.cz', 'Osadník Pavel Ing.', '2017-01-01 14:22:56.884', '2100-12-31 14:22:56.884', '2017-08-17 14:23:35.076', '2017-11-24 12:29:30.367', 'postgres');
INSERT INTO osoba (id, name, password, extid, komentar, skupina, email, popis, platiod, platido, timeinsert, timemodify, usermodify) VALUES ('02af2a3b-c5b5-46dc-abb2-4298eeb26541', 'mylkova', 'a84e19e5268bf01623c8a130883df668', 3843, '', 'USER', 'lmylkova@mukrnov.cz', 'Bc. Lenka Mýlková', '2017-01-01 14:22:56.884', '2100-12-31 14:22:56.884', '2017-08-17 14:23:35.677', '2017-11-24 12:29:30.367', 'postgres');
INSERT INTO osoba (id, name, password, extid, komentar, skupina, email, popis, platiod, platido, timeinsert, timemodify, usermodify) VALUES ('c8f4089e-5574-4aa1-a248-4a2a8768360e', 'gadasova', 'a97627a64a0142fdecad93ea5ff1c219', 4741, '', 'USER', 'lgadasova@mukrnov.cz', 'Lenka Gadasová', '2017-01-01 14:22:56.884', '2100-12-31 14:22:56.884', '2017-08-17 14:23:35.872', '2017-11-24 12:29:30.367', 'postgres');
INSERT INTO osoba (id, name, password, extid, komentar, skupina, email, popis, platiod, platido, timeinsert, timemodify, usermodify) VALUES ('d585fa23-dd71-413a-bea8-b06e7c120862', 'janouskova', '01f24637b91076d16f4ea33c82e107a3', 4925, '', 'USER', 'ajanouskova@mukrnov.cz', 'Mgr. Aneta Janoušková', '2017-01-01 14:22:56.884', '2100-12-31 14:22:56.884', '2017-08-17 14:23:35.974', '2017-11-24 12:29:30.367', 'postgres');
INSERT INTO osoba (id, name, password, extid, komentar, skupina, email, popis, platiod, platido, timeinsert, timemodify, usermodify) VALUES ('02c09122-e44b-4d79-a2e5-f14c590049b7', 'brindzakova', '4e037e9a8e3746b91711cf9d49f5bcbc', 4926, '', 'USER', 'mbrindzakova@mukrnov.cz', 'Markéta Brindžáková', '2017-01-01 14:22:56.884', '2100-12-31 14:22:56.884', '2017-08-17 14:23:36.074', '2017-11-24 12:29:30.367', 'postgres');
INSERT INTO osoba (id, name, password, extid, komentar, skupina, email, popis, platiod, platido, timeinsert, timemodify, usermodify) VALUES ('8a166aed-4c73-4d3b-b9f6-35dd3b71130b', 'zdrahalova', '9bba41e820dd21330e9745df9a71038f', 4183, '', 'USER', 'rzdrahalova@mukrnov.cz', 'ZDRAHALOVA', '2017-01-01 14:22:56.884', '2100-12-31 14:22:56.884', '2017-08-17 14:23:36.173', '2017-11-24 12:29:30.367', 'postgres');
INSERT INTO osoba (id, name, password, extid, komentar, skupina, email, popis, platiod, platido, timeinsert, timemodify, usermodify) VALUES ('19d999a1-fbef-4c74-bde5-e2a47ee3e419', 'parma', '75d0e1d423af4692be197452c6d94062', 4485, '', 'USER', 'jparma@mukrnov.cz', 'Ing. Jaromír Parma', '2017-01-01 14:22:56.884', '2100-12-31 14:22:56.884', '2017-08-17 14:23:36.273', '2017-11-24 12:29:30.367', 'postgres');
INSERT INTO osoba (id, name, password, extid, komentar, skupina, email, popis, platiod, platido, timeinsert, timemodify, usermodify) VALUES ('878764b3-6463-4456-9f17-538082d2ba53', 'kotalova', '7fed56b0bdd91520d5830a0e95c7ad53', 4486, '', 'USER', 'dkotalova@mukrnov.cz', 'Dana Kotalová Ing. Mgr.', '2017-01-01 14:22:56.884', '2100-12-31 14:22:56.884', '2017-08-17 14:23:36.374', '2017-11-24 12:29:30.367', 'postgres');
INSERT INTO osoba (id, name, password, extid, komentar, skupina, email, popis, platiod, platido, timeinsert, timemodify, usermodify) VALUES ('63b1d979-c048-4a19-b733-80b37330d5e0', 'vlachova', '31fa02864c1e0261a829d209e17ff31f', 5301, '', 'USER', 'jvlachova@mukrnov.cz', 'Jiřina Vlachová', '2017-01-01 14:22:56.884', '2100-12-31 14:22:56.884', '2017-08-17 14:23:36.474', '2017-11-24 12:29:30.367', 'postgres');
INSERT INTO osoba (id, name, password, extid, komentar, skupina, email, popis, platiod, platido, timeinsert, timemodify, usermodify) VALUES ('413a79b8-1e1b-4fc1-8246-2f8df165a0dd', 'frnkova', '71cf9e76e7c65b211dc647335b4529f6', 4021, '', 'USER', 'zfrnkova@mukrnov.cz', 'Mgr. Zdeňka Frnková', '2017-01-01 14:22:56.884', '2100-12-31 14:22:56.884', '2017-08-17 14:23:36.573', '2017-11-24 12:29:30.367', 'postgres');
INSERT INTO osoba (id, name, password, extid, komentar, skupina, email, popis, platiod, platido, timeinsert, timemodify, usermodify) VALUES ('cadf088b-abe1-4839-b3d6-60a380b5a2f7', 'heckova', 'cd823308d308acf78fd6ac0409b70955', 4482, '', 'USER', 'eheckova@mukrnov.cz', 'Eva Hečková', '2017-01-01 14:22:56.884', '2100-12-31 14:22:56.884', '2017-08-17 14:23:36.674', '2017-11-24 12:29:30.367', 'postgres');
INSERT INTO osoba (id, name, password, extid, komentar, skupina, email, popis, platiod, platido, timeinsert, timemodify, usermodify) VALUES ('3e12bb0e-8993-4a5f-b2c2-f44999866acb', 'sivakova', '7fed56b0bdd91520d5830a0e95c7ad53', 4483, '', 'USER', 'msivakova@mukrnov.cz', 'Bc. Monika Siváková', '2017-01-01 14:22:56.884', '2100-12-31 14:22:56.884', '2017-08-17 14:23:36.775', '2017-11-24 12:29:30.367', 'postgres');
INSERT INTO osoba (id, name, password, extid, komentar, skupina, email, popis, platiod, platido, timeinsert, timemodify, usermodify) VALUES ('f6cd231b-380c-4cf8-ba09-d158d5d5315c', 'svachova', '8e245b65bbb35b483740c6a2e0ea1cb6', 4763, '', 'USER', 'rsvachova@mukrnov.cz', 'Ing. Romana Švachová', '2017-01-01 14:22:56.884', '2100-12-31 14:22:56.884', '2017-08-17 14:23:36.876', '2017-11-24 12:29:30.367', 'postgres');
INSERT INTO osoba (id, name, password, extid, komentar, skupina, email, popis, platiod, platido, timeinsert, timemodify, usermodify) VALUES ('56c5a942-ef0d-41ab-8b83-993b3dff20f1', 'lazar', '156b4a51aa2a3f324960575ef2dc23fe', 4841, '', 'USER', 'mlazar@mukrnov.cz', NULL, '2017-01-01 14:22:56.884', '2100-12-31 14:22:56.884', '2017-08-17 14:23:36.985', '2017-11-24 12:29:30.367', 'postgres');
INSERT INTO osoba (id, name, password, extid, komentar, skupina, email, popis, platiod, platido, timeinsert, timemodify, usermodify) VALUES ('e6d106fb-6963-4de4-b4b8-4e57eb2b2d01', 'srubar', '102b1411651236801bc228c443df2009', 4361, '', 'USER', 'jsrubar@mukrnov.cz', 'Šrubař Jan, Bc', '2017-01-01 14:22:56.884', '2100-12-31 14:22:56.884', '2017-08-17 14:23:37.086', '2017-11-24 12:29:30.367', 'postgres');
INSERT INTO osoba (id, name, password, extid, komentar, skupina, email, popis, platiod, platido, timeinsert, timemodify, usermodify) VALUES ('e691f9cb-b6f8-402a-9b12-08d3f33809f1', 'moravecz', '102b1411651236801bc228c443df2009', 4362, '', 'USER', 'zmoravec@mukrnov.cz', 'Ing. Zbyněk Moravec', '2017-01-01 14:22:56.884', '2100-12-31 14:22:56.884', '2017-08-17 14:23:37.186', '2017-11-24 12:29:30.367', 'postgres');
INSERT INTO osoba (id, name, password, extid, komentar, skupina, email, popis, platiod, platido, timeinsert, timemodify, usermodify) VALUES ('7620415c-78e9-4d92-a34f-5735212235f5', 'kurnicka', 'c4ca823dc9a9941052070624b7311228', 4363, '', 'USER', 'vkurnicka@mukrnov.cz', 'Bc. Veronika Kurnická', '2017-01-01 14:22:56.884', '2100-12-31 14:22:56.884', '2017-08-17 14:23:37.291', '2017-11-24 12:29:30.367', 'postgres');
INSERT INTO osoba (id, name, password, extid, komentar, skupina, email, popis, platiod, platido, timeinsert, timemodify, usermodify) VALUES ('da640687-4ab9-416c-8689-edcb5758e443', 'lopatova', '01f24637b91076d16f4ea33c82e107a3', 4921, '', 'USER', 'mlopatova@mukrnov.cz', 'Marie Lopatová', '2017-01-01 14:22:56.884', '2100-12-31 14:22:56.884', '2017-08-17 14:23:37.391', '2017-11-24 12:29:30.367', 'postgres');
INSERT INTO osoba (id, name, password, extid, komentar, skupina, email, popis, platiod, platido, timeinsert, timemodify, usermodify) VALUES ('8b24fa34-03aa-4a82-bfeb-bb044d252be8', 'sosyn', '07a88e756847244f3496f63f473d6085', 21, '', 'USER', 'isosyn@mukrnov.cz', 'Sosýn Ivo Ing.', '2017-01-01 00:00:00', '2100-12-31 00:00:00', '2017-05-27 00:31:57.88', '2017-11-24 12:29:30.367', 'postgres');
INSERT INTO osoba (id, name, password, extid, komentar, skupina, email, popis, platiod, platido, timeinsert, timemodify, usermodify) VALUES ('eb8c0aca-e74e-4190-9bef-14dd9270dafa', 'ivanicova', 'be6f3369f3d1e8cb81e39c3f680ce46d', 5305, '', 'USER', 'kivanicova@mukrnov.cz', 'DiS. Bc. Kateřina Ivaničová', '2017-01-01 14:22:56.884', '2100-12-31 14:22:56.884', '2017-08-17 14:23:37.491', '2017-11-24 12:29:30.367', 'postgres');
INSERT INTO osoba (id, name, password, extid, komentar, skupina, email, popis, platiod, platido, timeinsert, timemodify, usermodify) VALUES ('c0693d97-95b4-4034-83f1-aed3b48dfc41', 'brazdilova', '281ffbf5eb2a3916b9c1eb8f28637836', 367, '', 'USER', 'rbrazdilova@mukrnov.cz', 'Brázdilová Rostislava, Bc.', '2017-01-01 00:00:00', '2100-12-31 00:00:00', '2017-08-17 14:23:28.395', '2017-11-24 12:29:30.367', 'postgres');
INSERT INTO osoba (id, name, password, extid, komentar, skupina, email, popis, platiod, platido, timeinsert, timemodify, usermodify) VALUES ('6a000635-8c86-4bf3-b39d-32018414a482', 'brazdilovak', '3354bc123e420ccd341842be1e8e8241', 345, '', 'USER', 'kbrazdilova@mukrnov.cz', 'Brázdilová Kateřina, DiS.', '2017-01-01 00:00:00', '2100-12-31 00:00:00', '2017-08-17 14:23:24.603', '2017-11-24 12:29:30.367', 'postgres');


--
-- TOC entry 3000 (class 0 OID 25147)
-- Dependencies: 203
-- Data for Name: rezervace; Type: TABLE DATA; Schema: public; Owner: postgres
--



--
-- TOC entry 3001 (class 0 OID 25153)
-- Dependencies: 204
-- Data for Name: schvaleni; Type: TABLE DATA; Schema: public; Owner: postgres
--



--
-- TOC entry 3002 (class 0 OID 25161)
-- Dependencies: 205
-- Data for Name: skupina; Type: TABLE DATA; Schema: public; Owner: postgres
--



--
-- TOC entry 3003 (class 0 OID 25167)
-- Dependencies: 206
-- Data for Name: typaktivity; Type: TABLE DATA; Schema: public; Owner: postgres
--

INSERT INTO typaktivity (id, typakt, popis, platiod, platido, timeinsert, timemodify, usermodify) VALUES ('06e8a07d-5c6a-4031-83d0-70b323d90ea0', 0, 'Služební cesta', '2017-01-01 00:00:00', '2100-12-31 00:00:00', '2017-05-22 22:23:26.188', '2017-05-22 22:23:40.749', 'postgres');
INSERT INTO typaktivity (id, typakt, popis, platiod, platido, timeinsert, timemodify, usermodify) VALUES ('c2b0789b-258d-4418-9d13-dec68bfd1381', 1, 'Rezervace zdrojů, jiných než vozidel', '2017-01-01 00:00:00', '2100-12-31 00:00:00', '2017-05-22 14:07:17.4', '2017-05-24 14:32:17.447', 'postgres');


--
-- TOC entry 3004 (class 0 OID 25173)
-- Dependencies: 207
-- Data for Name: typschv; Type: TABLE DATA; Schema: public; Owner: postgres
--

INSERT INTO typschv (id, typschv, popis, platiod, platido, timeinsert, timemodify, usermodify) VALUES ('68c11075-ff60-45a3-818e-4f4d0be9ea8f', 'A', 'Administrátor', '2017-01-01 00:00:00', '2100-12-31 00:00:00', '2017-05-24 14:23:10.809', '2017-05-24 14:23:20.198', 'postgres');
INSERT INTO typschv (id, typschv, popis, platiod, platido, timeinsert, timemodify, usermodify) VALUES ('dd32144f-12d4-485b-83a3-182d5602da0f', 'T', 'Tajemník MěÚ Krnov', '2017-01-01 00:00:00', '2100-12-31 00:00:00', '2017-05-24 14:23:29.911', '2017-05-24 14:23:45.894', 'postgres');
INSERT INTO typschv (id, typschv, popis, platiod, platido, timeinsert, timemodify, usermodify) VALUES ('11c78229-8f45-4011-a70a-8b176a590bb8', 'VO', 'Vedoucí odboru', '2017-01-01 00:00:00', '2100-12-31 00:00:00', '2017-06-20 16:31:34.261', '2017-06-20 16:31:50.82', 'postgres');
INSERT INTO typschv (id, typschv, popis, platiod, platido, timeinsert, timemodify, usermodify) VALUES ('7a0031b9-b997-43f5-b1ad-f51074a00b03', 'VOdd', 'Vedocí oddělení', '2017-01-01 00:00:00', '2100-12-31 00:00:00', '2017-12-27 17:01:02.198', '2017-12-27 17:01:17.264', 'postgres');
INSERT INTO typschv (id, typschv, popis, platiod, platido, timeinsert, timemodify, usermodify) VALUES ('afc7b221-7f74-4999-ada5-e35334fd3440', 'D', 'Dispečer vozidel', '2017-01-01 00:00:00', '2100-12-31 00:00:00', '2017-12-27 17:01:42.569', '2017-12-27 17:01:59.027', 'postgres');


--
-- TOC entry 3005 (class 0 OID 25180)
-- Dependencies: 208
-- Data for Name: typucast; Type: TABLE DATA; Schema: public; Owner: postgres
--

INSERT INTO typucast (id, typucast, popis, platiod, platido, timeinsert, timemodify, usermodify) VALUES ('0c6c51fb-6308-4796-8d63-f9c0136f7537', 1, 'Spolujezdec', '2017-01-01 00:00:00', '2100-12-31 00:00:00', '2017-05-24 12:45:56.59', '2017-05-24 12:46:07.448', 'postgres');
INSERT INTO typucast (id, typucast, popis, platiod, platido, timeinsert, timemodify, usermodify) VALUES ('15deaa1b-e534-417d-b771-02778d28b9df', 0, 'Řidič', '2017-01-01 00:00:00', '2100-12-31 00:00:00', '2017-05-24 12:43:33.377', '2017-05-24 12:46:34.973', 'postgres');
INSERT INTO typucast (id, typucast, popis, platiod, platido, timeinsert, timemodify, usermodify) VALUES ('05cf6f86-d9de-44d9-8ee1-37e67570415e', 0, 'Řidič cizího vozidla', '2017-01-01 00:00:00', '2100-12-31 00:00:00', '2017-05-24 12:46:39.299', '2017-05-24 12:46:42.867', 'postgres');
INSERT INTO typucast (id, typucast, popis, platiod, platido, timeinsert, timemodify, usermodify) VALUES ('695a6a02-e9a7-4399-8372-8e536993c1fc', 1, 'Spolujezdec v cizím vozidle', '2017-01-01 00:00:00', '2100-12-31 00:00:00', '2017-05-24 12:47:16.238', '2017-05-24 12:47:49.916', 'postgres');
INSERT INTO typucast (id, typucast, popis, platiod, platido, timeinsert, timemodify, usermodify) VALUES ('cb197dbb-8b87-4f5c-a930-8078b81fbac6', 1, 'Spolujezdec cizí osoba', '2017-01-01 00:00:00', '2100-12-31 00:00:00', '2017-05-24 12:47:54.948', '2017-05-24 12:48:19.423', 'postgres');
INSERT INTO typucast (id, typucast, popis, platiod, platido, timeinsert, timemodify, usermodify) VALUES ('10857730-6057-4fa4-80da-c784df57796a', 2, 'Organizátor akce', '2017-01-01 00:00:00', '2100-12-31 00:00:00', '2017-05-24 12:49:02.947', '2017-05-24 12:49:17.711', 'postgres');
INSERT INTO typucast (id, typucast, popis, platiod, platido, timeinsert, timemodify, usermodify) VALUES ('f9dd1edc-d1aa-4439-854a-75380bd5c9a2', 3, 'Účastník akce', '2017-01-01 00:00:00', '2100-12-31 00:00:00', '2017-05-24 12:49:19.936', '2017-05-24 12:49:30.969', 'postgres');
INSERT INTO typucast (id, typucast, popis, platiod, platido, timeinsert, timemodify, usermodify) VALUES ('07e3a887-dcf9-4919-8fa3-c8f9461f0d45', 4, 'Uživatel techniky', '2017-01-01 00:00:00', '2100-12-31 00:00:00', '2017-05-24 12:49:46.786', '2017-05-24 12:50:03.359', 'postgres');


--
-- TOC entry 3006 (class 0 OID 25186)
-- Dependencies: 209
-- Data for Name: typzdroje; Type: TABLE DATA; Schema: public; Owner: postgres
--

INSERT INTO typzdroje (id, typzdr, cesta, rezervace, osoba, popis, platiod, platido, timeinsert, timemodify, usermodify) VALUES ('c2d29867-3d0b-d497-9191-18a9d8ee7800', 0, 0, 0, NULL, 'Vozidlo soukromé', '2017-01-01 00:00:00', '2100-12-31 00:00:00', '2017-05-11 20:25:17', '2017-06-20 16:29:34.143', 'postgres');
INSERT INTO typzdroje (id, typzdr, cesta, rezervace, osoba, popis, platiod, platido, timeinsert, timemodify, usermodify) VALUES ('50ca4787-6d49-4b29-a8fb-5c82acf5523e', 1, 1, 0, NULL, 'Zasedací místnost', '2017-01-01 00:00:00', '2100-12-31 00:00:00', '2017-06-20 16:30:16.492', '2017-06-20 16:36:54.044', 'postgres');
INSERT INTO typzdroje (id, typzdr, cesta, rezervace, osoba, popis, platiod, platido, timeinsert, timemodify, usermodify) VALUES ('823ca1d8-60dd-4f59-99e7-76138e997cb9', 0, 0, 0, NULL, 'Vozidlo služební', '2017-01-01 00:00:00', '2100-12-31 00:00:00', '2017-06-20 16:37:22.092', '2017-06-20 16:37:36.346', 'postgres');
INSERT INTO typzdroje (id, typzdr, cesta, rezervace, osoba, popis, platiod, platido, timeinsert, timemodify, usermodify) VALUES ('f9043670-6118-4b7b-a4a4-a9ea77621483', 3, 1, 0, NULL, 'Notebook', '2017-01-01 00:00:00', '2100-12-31 00:00:00', '2017-06-20 16:38:22.743', '2017-06-20 16:38:34.192', 'postgres');
INSERT INTO typzdroje (id, typzdr, cesta, rezervace, osoba, popis, platiod, platido, timeinsert, timemodify, usermodify) VALUES ('699e4b0e-54c1-4213-bb8e-4dc74629e3c4', 3, 1, 0, NULL, 'Dataprojektor', '2017-01-01 00:00:00', '2100-12-31 00:00:00', '2017-06-20 16:38:37.484', '2017-06-20 16:39:37.956', 'postgres');
INSERT INTO typzdroje (id, typzdr, cesta, rezervace, osoba, popis, platiod, platido, timeinsert, timemodify, usermodify) VALUES ('ac94579b-b602-4994-87b4-d0ebfc3f4dda', 5, 1, 1, 0, 'Uživatel', '2017-01-01 00:00:00', '2100-12-31 00:00:00', '2017-11-26 23:24:55.649', '2017-11-26 23:25:15.559', 'postgres');


--
-- TOC entry 3007 (class 0 OID 25192)
-- Dependencies: 210
-- Data for Name: ucastnik; Type: TABLE DATA; Schema: public; Owner: postgres
--



--
-- TOC entry 3008 (class 0 OID 25198)
-- Dependencies: 211
-- Data for Name: zdroj; Type: TABLE DATA; Schema: public; Owner: postgres
--

INSERT INTO zdroj (id, idtypzdr, idoso, spz, komentar, kapacita, popis, platiod, platido, timeinsert, timemodify, usermodify) VALUES ('8b76ac76-d066-46e2-a838-5632fe6b5def', '823ca1d8-60dd-4f59-99e7-76138e997cb9', '9960cbb8-db3a-4dfc-9292-fab189f9040e', '9T7 0006', 'Škoda Fabia
( přednostně přidělena Odboru dopravy)', 5, 'Škoda Fabia OD', '2017-01-01 00:00:00', '2100-12-31 00:00:00', '2017-06-20 16:44:02.312', '2017-06-20 16:45:17.602', 'postgres');
INSERT INTO zdroj (id, idtypzdr, idoso, spz, komentar, kapacita, popis, platiod, platido, timeinsert, timemodify, usermodify) VALUES ('29c7d88d-d1a5-49cb-bb68-1fa0323c0f47', '823ca1d8-60dd-4f59-99e7-76138e997cb9', '9960cbb8-db3a-4dfc-9292-fab189f9040e', '1TA 4173', 'Škoda CitiGo (modrá)
(přednostně přidělovat Sosciálnímu odboru)', 4, 'Škoda CitiGo SO', '2017-01-01 00:00:00', '2100-12-31 00:00:00', '2017-06-20 16:46:38.415', '2017-06-20 16:47:45.188', 'postgres');
INSERT INTO zdroj (id, idtypzdr, idoso, spz, komentar, kapacita, popis, platiod, platido, timeinsert, timemodify, usermodify) VALUES ('8f677b81-a268-4c6a-8387-c7b9518ed514', '823ca1d8-60dd-4f59-99e7-76138e997cb9', '9960cbb8-db3a-4dfc-9292-fab189f9040e', '1TA 4174', 'Škoda Fabia Combi (modrá)
(přednostně přidělovat Sociálnímu odboru)', 5, 'Škoda Fabia Combi SO', '2017-01-01 00:00:00', '2100-12-31 00:00:00', '2017-06-20 16:45:20.662', '2017-06-20 16:47:53.859', 'postgres');
INSERT INTO zdroj (id, idtypzdr, idoso, spz, komentar, kapacita, popis, platiod, platido, timeinsert, timemodify, usermodify) VALUES ('3f3ce6c7-e433-45b9-b75f-994e1df2c7c6', '823ca1d8-60dd-4f59-99e7-76138e997cb9', '9960cbb8-db3a-4dfc-9292-fab189f9040e', 'BRH 57-87', 'Škoda Felicia
(nemá dálniční známku)', 4, 'Škoda Felicia', '2017-01-01 00:00:00', '2100-12-31 00:00:00', '2017-06-20 16:48:12.202', '2017-06-20 16:49:17.001', 'postgres');
INSERT INTO zdroj (id, idtypzdr, idoso, spz, komentar, kapacita, popis, platiod, platido, timeinsert, timemodify, usermodify) VALUES ('bcc23fd7-3a22-45f1-b3a8-2b969a0d3969', '823ca1d8-60dd-4f59-99e7-76138e997cb9', '9960cbb8-db3a-4dfc-9292-fab189f9040e', '4T7 7890', 'Škoda Octavia Combi (stříbrná metalíza)
s dálniční známkou 2017', 5, 'Škoda Octavia Combi', '2017-01-01 00:00:00', '2100-12-31 00:00:00', '2017-06-20 16:49:29.244', '2017-06-20 16:50:31.934', 'postgres');
INSERT INTO zdroj (id, idtypzdr, idoso, spz, komentar, kapacita, popis, platiod, platido, timeinsert, timemodify, usermodify) VALUES ('08518a36-2ba2-43df-a882-ee95539a86a4', '823ca1d8-60dd-4f59-99e7-76138e997cb9', '9960cbb8-db3a-4dfc-9292-fab189f9040e', 'BRH 20-61', 'Renault (modrý) - minibus
(přednostně Odbor dopravy)', 6, 'Renault (minibus)', '2017-01-01 00:00:00', '2100-12-31 00:00:00', '2017-06-20 16:50:58', '2017-06-20 16:52:05.826', 'postgres');
INSERT INTO zdroj (id, idtypzdr, idoso, spz, komentar, kapacita, popis, platiod, platido, timeinsert, timemodify, usermodify) VALUES ('a04baad7-09b9-4153-8d89-7ffd3341d023', '823ca1d8-60dd-4f59-99e7-76138e997cb9', '9960cbb8-db3a-4dfc-9292-fab189f9040e', '1T7 7334', 'Škoda Fabia  (černá)', 5, 'Škoda Fabia (černá)', '2017-01-01 00:00:00', '2100-12-31 00:00:00', '2017-06-20 16:52:11.799', '2017-06-20 16:53:10.658', 'postgres');
INSERT INTO zdroj (id, idtypzdr, idoso, spz, komentar, kapacita, popis, platiod, platido, timeinsert, timemodify, usermodify) VALUES ('facb42c6-ff41-4b26-9990-79e717f66088', '823ca1d8-60dd-4f59-99e7-76138e997cb9', '9960cbb8-db3a-4dfc-9292-fab189f9040e', '6T6 3739', 'Škoda Roomster
(přednostně přidělovat Sociálnímu odboru)', 5, 'Škoda Roomster SO', '2017-01-01 00:00:00', '2100-12-31 00:00:00', '2017-06-20 16:53:16.64', '2017-06-20 16:54:23.397', 'postgres');
INSERT INTO zdroj (id, idtypzdr, idoso, spz, komentar, kapacita, popis, platiod, platido, timeinsert, timemodify, usermodify) VALUES ('99529a46-dae0-4992-9e44-0915ced80fe4', '823ca1d8-60dd-4f59-99e7-76138e997cb9', '9960cbb8-db3a-4dfc-9292-fab189f9040e', '8T0 0202', 'Škoda Superb Combi
(vozidlo s řidičem)', 5, 'Škoda Superb Combi (řidič)', '2017-01-01 00:00:00', '2100-12-31 00:00:00', '2017-06-20 16:56:11.952', '2017-06-20 16:57:04.445', 'postgres');
INSERT INTO zdroj (id, idtypzdr, idoso, spz, komentar, kapacita, popis, platiod, platido, timeinsert, timemodify, usermodify) VALUES ('e09f2a43-a6cb-4453-9263-90d8b62f285b', '823ca1d8-60dd-4f59-99e7-76138e997cb9', '9960cbb8-db3a-4dfc-9292-fab189f9040e', '9T6 9696', 'Škoda Superb Sedan
(přednostně přidělovat vedení)', 5, 'Škoda Superb Sedan', '2017-01-01 00:00:00', '2100-12-31 00:00:00', '2017-06-20 16:57:45.645', '2017-06-20 16:59:09.841', 'postgres');
INSERT INTO zdroj (id, idtypzdr, idoso, spz, komentar, kapacita, popis, platiod, platido, timeinsert, timemodify, usermodify) VALUES ('32297651-b39e-4eb6-9bd6-2777cfcb1ba3', '823ca1d8-60dd-4f59-99e7-76138e997cb9', '9960cbb8-db3a-4dfc-9292-fab189f9040e', '7T 8856', 'Moped Peugeot', 2, 'Moped Peugeot', '2017-01-01 00:00:00', '2100-12-31 00:00:00', '2017-06-20 17:02:01.637', '2017-06-20 17:02:44.345', 'postgres');
INSERT INTO zdroj (id, idtypzdr, idoso, spz, komentar, kapacita, popis, platiod, platido, timeinsert, timemodify, usermodify) VALUES ('1988c088-494f-464a-8dd3-d3d12a47c45c', '699e4b0e-54c1-4213-bb8e-4dc74629e3c4', '9960cbb8-db3a-4dfc-9292-fab189f9040e', '15057', 'Dataprojektor', 1, 'EPSON EB-U32 - dataprojektor', '2017-01-01 00:00:00', '2100-12-31 00:00:00', '2017-06-20 17:02:46.708', '2017-06-20 17:03:38.154', 'postgres');
INSERT INTO zdroj (id, idtypzdr, idoso, spz, komentar, kapacita, popis, platiod, platido, timeinsert, timemodify, usermodify) VALUES ('c2f21a6c-bb76-4f0c-b6c8-617ae23e0601', '699e4b0e-54c1-4213-bb8e-4dc74629e3c4', '9960cbb8-db3a-4dfc-9292-fab189f9040e', 'SP 13237', 'Dataprojektor BENQ MP624 (starší typ)', 1, 'BENQ MP624 - dataprojektor', '2017-01-01 00:00:00', '2100-12-31 00:00:00', '2017-06-20 17:03:46.858', '2017-06-20 17:05:58.031', 'postgres');
INSERT INTO zdroj (id, idtypzdr, idoso, spz, komentar, kapacita, popis, platiod, platido, timeinsert, timemodify, usermodify) VALUES ('973bcb96-b476-456e-97a7-3a05c762aeb6', '50ca4787-6d49-4b29-a8fb-5c82acf5523e', '9960cbb8-db3a-4dfc-9292-fab189f9040e', 'SMM', 'Zasedací místnost SMM
(správce Z.Čáňová kl.406) ', 12, 'SMM - zasedací místnost', '2017-01-01 00:00:00', '2100-12-31 00:00:00', '2017-06-20 17:07:29.182', '2017-06-20 17:08:39.742', 'postgres');
INSERT INTO zdroj (id, idtypzdr, idoso, spz, komentar, kapacita, popis, platiod, platido, timeinsert, timemodify, usermodify) VALUES ('ab85c582-e42c-4c55-96a3-c88d7ad1b15f', '50ca4787-6d49-4b29-a8fb-5c82acf5523e', '9960cbb8-db3a-4dfc-9292-fab189f9040e', '', 'Malá zasedačka
(správkyně I. Mondeková kl. 206)', 20, 'Malá zasedačka', '2017-01-01 00:00:00', '2100-12-31 00:00:00', '2017-06-20 17:10:31.144', '2017-06-20 17:11:05.391', 'postgres');
INSERT INTO zdroj (id, idtypzdr, idoso, spz, komentar, kapacita, popis, platiod, platido, timeinsert, timemodify, usermodify) VALUES ('1928e4da-329c-4599-943d-ba5f9e0e1147', 'f9043670-6118-4b7b-a4a4-a9ea77621483', '9960cbb8-db3a-4dfc-9292-fab189f9040e', '', 'Notebook  Hewlet Packard
(správce N.Bazakas kl. 219)', 1, 'NB HP', '2017-01-01 00:00:00', '2100-12-31 00:00:00', '2017-06-20 17:11:19.573', '2017-06-20 17:11:44.469', 'postgres');
INSERT INTO zdroj (id, idtypzdr, idoso, spz, komentar, kapacita, popis, platiod, platido, timeinsert, timemodify, usermodify) VALUES ('1897e6b9-3804-4c09-86b5-811d6d554c1e', 'f9043670-6118-4b7b-a4a4-a9ea77621483', '9960cbb8-db3a-4dfc-9292-fab189f9040e', 'SP 13895', 'Notebook Toshiba
(správce N.Bazakas kl. 219)', 1, 'NB Toshiba', '2017-01-01 00:00:00', '2100-12-31 00:00:00', '2017-06-20 17:06:43.793', '2017-06-20 17:12:33.496', 'postgres');


--
-- TOC entry 2804 (class 2606 OID 25205)
-- Name: skupina primarygroup; Type: CONSTRAINT; Schema: public; Owner: postgres
--

ALTER TABLE ONLY skupina
    ADD CONSTRAINT primarygroup PRIMARY KEY (id);


--
-- TOC entry 2759 (class 2606 OID 25207)
-- Name: aktivity primaryid; Type: CONSTRAINT; Schema: public; Owner: postgres
--

ALTER TABLE ONLY aktivity
    ADD CONSTRAINT primaryid PRIMARY KEY (id);


--
-- TOC entry 2763 (class 2606 OID 25209)
-- Name: cesta primaryidcest; Type: CONSTRAINT; Schema: public; Owner: postgres
--

ALTER TABLE ONLY cesta
    ADD CONSTRAINT primaryidcest PRIMARY KEY (id);


--
-- TOC entry 2769 (class 2606 OID 25211)
-- Name: dispecerhl primaryiddisphl; Type: CONSTRAINT; Schema: public; Owner: postgres
--

ALTER TABLE ONLY dispecerhl
    ADD CONSTRAINT primaryiddisphl PRIMARY KEY (id);


--
-- TOC entry 2774 (class 2606 OID 25213)
-- Name: dispecerpol primaryiddisppol; Type: CONSTRAINT; Schema: public; Owner: postgres
--

ALTER TABLE ONLY dispecerpol
    ADD CONSTRAINT primaryiddisppol PRIMARY KEY (id);


--
-- TOC entry 2780 (class 2606 OID 25215)
-- Name: email primaryidemail; Type: CONSTRAINT; Schema: public; Owner: postgres
--

ALTER TABLE ONLY email
    ADD CONSTRAINT primaryidemail PRIMARY KEY (id);


--
-- TOC entry 2785 (class 2606 OID 25217)
-- Name: log primaryidlog; Type: CONSTRAINT; Schema: public; Owner: postgres
--

ALTER TABLE ONLY log
    ADD CONSTRAINT primaryidlog PRIMARY KEY (id);


--
-- TOC entry 2789 (class 2606 OID 25219)
-- Name: osoba primaryidoso; Type: CONSTRAINT; Schema: public; Owner: postgres
--

ALTER TABLE ONLY osoba
    ADD CONSTRAINT primaryidoso PRIMARY KEY (id);


--
-- TOC entry 2795 (class 2606 OID 25221)
-- Name: rezervace primaryidrez; Type: CONSTRAINT; Schema: public; Owner: postgres
--

ALTER TABLE ONLY rezervace
    ADD CONSTRAINT primaryidrez PRIMARY KEY (id);


--
-- TOC entry 2797 (class 2606 OID 25223)
-- Name: schvaleni primaryidschv; Type: CONSTRAINT; Schema: public; Owner: postgres
--

ALTER TABLE ONLY schvaleni
    ADD CONSTRAINT primaryidschv PRIMARY KEY (id);


--
-- TOC entry 2806 (class 2606 OID 25225)
-- Name: typaktivity primaryidtypakt; Type: CONSTRAINT; Schema: public; Owner: postgres
--

ALTER TABLE ONLY typaktivity
    ADD CONSTRAINT primaryidtypakt PRIMARY KEY (id);


--
-- TOC entry 2808 (class 2606 OID 25227)
-- Name: typschv primaryidtypschv; Type: CONSTRAINT; Schema: public; Owner: postgres
--

ALTER TABLE ONLY typschv
    ADD CONSTRAINT primaryidtypschv PRIMARY KEY (id);


--
-- TOC entry 2810 (class 2606 OID 25229)
-- Name: typucast primaryidtypucast; Type: CONSTRAINT; Schema: public; Owner: postgres
--

ALTER TABLE ONLY typucast
    ADD CONSTRAINT primaryidtypucast PRIMARY KEY (id);


--
-- TOC entry 2812 (class 2606 OID 25231)
-- Name: typzdroje primaryidtypzdr; Type: CONSTRAINT; Schema: public; Owner: postgres
--

ALTER TABLE ONLY typzdroje
    ADD CONSTRAINT primaryidtypzdr PRIMARY KEY (id);


--
-- TOC entry 2818 (class 2606 OID 25233)
-- Name: ucastnik primaryiducast; Type: CONSTRAINT; Schema: public; Owner: postgres
--

ALTER TABLE ONLY ucastnik
    ADD CONSTRAINT primaryiducast PRIMARY KEY (id);


--
-- TOC entry 2822 (class 2606 OID 25235)
-- Name: zdroj primaryidzdr; Type: CONSTRAINT; Schema: public; Owner: postgres
--

ALTER TABLE ONLY zdroj
    ADD CONSTRAINT primaryidzdr PRIMARY KEY (id);


--
-- TOC entry 2786 (class 1259 OID 25236)
-- Name: OsobaExtId; Type: INDEX; Schema: public; Owner: postgres
--

CREATE INDEX "OsobaExtId" ON osoba USING btree (extid);


--
-- TOC entry 3216 (class 0 OID 0)
-- Dependencies: 2786
-- Name: INDEX "OsobaExtId"; Type: COMMENT; Schema: public; Owner: postgres
--

COMMENT ON INDEX "OsobaExtId" IS 'Externí ID';


--
-- TOC entry 2787 (class 1259 OID 25237)
-- Name: OsobaName; Type: INDEX; Schema: public; Owner: postgres
--

CREATE INDEX "OsobaName" ON osoba USING btree (name);


--
-- TOC entry 3217 (class 0 OID 0)
-- Dependencies: 2787
-- Name: INDEX "OsobaName"; Type: COMMENT; Schema: public; Owner: postgres
--

COMMENT ON INDEX "OsobaName" IS 'Jméno osoby-uživatele-login ';


--
-- TOC entry 2802 (class 1259 OID 25238)
-- Name: SkupinaName; Type: INDEX; Schema: public; Owner: postgres
--

CREATE INDEX "SkupinaName" ON skupina USING btree (name);


--
-- TOC entry 3218 (class 0 OID 0)
-- Dependencies: 2802
-- Name: INDEX "SkupinaName"; Type: COMMENT; Schema: public; Owner: postgres
--

COMMENT ON INDEX "SkupinaName" IS 'Jméno uživatele-osoby skupiny práv pro JdbcRealmAktivity';


--
-- TOC entry 2764 (class 1259 OID 25239)
-- Name: disphl-iddisphl; Type: INDEX; Schema: public; Owner: postgres
--

CREATE INDEX "disphl-iddisphl" ON dispecerhl USING btree (iddisphl);


--
-- TOC entry 3219 (class 0 OID 0)
-- Dependencies: 2764
-- Name: INDEX "disphl-iddisphl"; Type: COMMENT; Schema: public; Owner: postgres
--

COMMENT ON INDEX "disphl-iddisphl" IS 'Index přes iddisphl na nadřízeného dispečera';


--
-- TOC entry 2765 (class 1259 OID 25240)
-- Name: disphl-idoso; Type: INDEX; Schema: public; Owner: postgres
--

CREATE INDEX "disphl-idoso" ON dispecerhl USING btree (idoso);


--
-- TOC entry 3220 (class 0 OID 0)
-- Dependencies: 2765
-- Name: INDEX "disphl-idoso"; Type: COMMENT; Schema: public; Owner: postgres
--

COMMENT ON INDEX "disphl-idoso" IS 'Index přes idoso';


--
-- TOC entry 2766 (class 1259 OID 25241)
-- Name: disphl-idtypschv; Type: INDEX; Schema: public; Owner: postgres
--

CREATE INDEX "disphl-idtypschv" ON dispecerhl USING btree (idtypschv);


--
-- TOC entry 3221 (class 0 OID 0)
-- Dependencies: 2766
-- Name: INDEX "disphl-idtypschv"; Type: COMMENT; Schema: public; Owner: postgres
--

COMMENT ON INDEX "disphl-idtypschv" IS 'Podle ID typu schvalovatele';


--
-- TOC entry 2767 (class 1259 OID 25242)
-- Name: disphl-idtypzdr; Type: INDEX; Schema: public; Owner: postgres
--

CREATE INDEX "disphl-idtypzdr" ON dispecerhl USING btree (idtypzdr);


--
-- TOC entry 3222 (class 0 OID 0)
-- Dependencies: 2767
-- Name: INDEX "disphl-idtypzdr"; Type: COMMENT; Schema: public; Owner: postgres
--

COMMENT ON INDEX "disphl-idtypzdr" IS 'Podle ID typu zdroje';


--
-- TOC entry 2770 (class 1259 OID 25243)
-- Name: disppol-iddisphl; Type: INDEX; Schema: public; Owner: postgres
--

CREATE INDEX "disppol-iddisphl" ON dispecerpol USING btree (iddisphl);


--
-- TOC entry 3223 (class 0 OID 0)
-- Dependencies: 2770
-- Name: INDEX "disppol-iddisphl"; Type: COMMENT; Schema: public; Owner: postgres
--

COMMENT ON INDEX "disppol-iddisphl" IS 'Index přes iddisphl';


--
-- TOC entry 2771 (class 1259 OID 25244)
-- Name: disppol-idoso; Type: INDEX; Schema: public; Owner: postgres
--

CREATE INDEX "disppol-idoso" ON dispecerpol USING btree (idoso);


--
-- TOC entry 3224 (class 0 OID 0)
-- Dependencies: 2771
-- Name: INDEX "disppol-idoso"; Type: COMMENT; Schema: public; Owner: postgres
--

COMMENT ON INDEX "disppol-idoso" IS 'Index přes idoso';


--
-- TOC entry 2772 (class 1259 OID 25245)
-- Name: disppol-idzdr; Type: INDEX; Schema: public; Owner: postgres
--

CREATE INDEX "disppol-idzdr" ON dispecerpol USING btree (idzdr);


--
-- TOC entry 3225 (class 0 OID 0)
-- Dependencies: 2772
-- Name: INDEX "disppol-idzdr"; Type: COMMENT; Schema: public; Owner: postgres
--

COMMENT ON INDEX "disppol-idzdr" IS 'Index přes idzdr';


--
-- TOC entry 2819 (class 1259 OID 25246)
-- Name: fki_Zdroj-idoso; Type: INDEX; Schema: public; Owner: postgres
--

CREATE INDEX "fki_Zdroj-idoso" ON zdroj USING btree (idoso);


--
-- TOC entry 2775 (class 1259 OID 25247)
-- Name: fki_email-idcest; Type: INDEX; Schema: public; Owner: postgres
--

CREATE INDEX "fki_email-idcest" ON email USING btree (idcest);


--
-- TOC entry 2776 (class 1259 OID 25248)
-- Name: fki_email-idoso; Type: INDEX; Schema: public; Owner: postgres
--

CREATE INDEX "fki_email-idoso" ON email USING btree (idoso);


--
-- TOC entry 2777 (class 1259 OID 25249)
-- Name: fki_email-idrez; Type: INDEX; Schema: public; Owner: postgres
--

CREATE INDEX "fki_email-idrez" ON email USING btree (idrez);


--
-- TOC entry 2778 (class 1259 OID 25250)
-- Name: fki_email-iducast; Type: INDEX; Schema: public; Owner: postgres
--

CREATE INDEX "fki_email-iducast" ON email USING btree (iducast);


--
-- TOC entry 2790 (class 1259 OID 25251)
-- Name: fki_idakt; Type: INDEX; Schema: public; Owner: postgres
--

CREATE INDEX fki_idakt ON rezervace USING btree (idakt DESC);


--
-- TOC entry 2791 (class 1259 OID 25252)
-- Name: fki_idcest; Type: INDEX; Schema: public; Owner: postgres
--

CREATE INDEX fki_idcest ON rezervace USING btree (idcest DESC);


--
-- TOC entry 2760 (class 1259 OID 25253)
-- Name: fki_idoso; Type: INDEX; Schema: public; Owner: postgres
--

CREATE INDEX fki_idoso ON cesta USING btree (idoso);


--
-- TOC entry 2813 (class 1259 OID 25254)
-- Name: fki_idosouca; Type: INDEX; Schema: public; Owner: postgres
--

CREATE INDEX fki_idosouca ON ucastnik USING btree (idoso DESC);


--
-- TOC entry 2757 (class 1259 OID 25255)
-- Name: fki_idownerakt; Type: INDEX; Schema: public; Owner: postgres
--

CREATE INDEX fki_idownerakt ON aktivity USING btree (idoso);


--
-- TOC entry 2814 (class 1259 OID 25256)
-- Name: fki_idtypucastuca; Type: INDEX; Schema: public; Owner: postgres
--

CREATE INDEX fki_idtypucastuca ON ucastnik USING btree (idtypucast);


--
-- TOC entry 2761 (class 1259 OID 25257)
-- Name: fki_idtypzdrces; Type: INDEX; Schema: public; Owner: postgres
--

CREATE INDEX fki_idtypzdrces ON cesta USING btree (idtypzdr DESC);


--
-- TOC entry 2820 (class 1259 OID 25258)
-- Name: fki_idtypzdrzdr; Type: INDEX; Schema: public; Owner: postgres
--

CREATE INDEX fki_idtypzdrzdr ON zdroj USING btree (idtypzdr);


--
-- TOC entry 2792 (class 1259 OID 25259)
-- Name: fki_idzdr; Type: INDEX; Schema: public; Owner: postgres
--

CREATE INDEX fki_idzdr ON rezervace USING btree (idzdr DESC);


--
-- TOC entry 2781 (class 1259 OID 25260)
-- Name: fki_log-idoso; Type: INDEX; Schema: public; Owner: postgres
--

CREATE INDEX "fki_log-idoso" ON log USING btree (idoso);


--
-- TOC entry 2782 (class 1259 OID 25261)
-- Name: fki_log-idrez; Type: INDEX; Schema: public; Owner: postgres
--

CREATE INDEX "fki_log-idrez" ON log USING btree (idrez);


--
-- TOC entry 2783 (class 1259 OID 25262)
-- Name: fki_log-iducast; Type: INDEX; Schema: public; Owner: postgres
--

CREATE INDEX "fki_log-iducast" ON log USING btree (iducast);


--
-- TOC entry 2793 (class 1259 OID 25263)
-- Name: fki_paltioddo; Type: INDEX; Schema: public; Owner: postgres
--

CREATE INDEX fki_paltioddo ON rezervace USING btree (platiod DESC, platido DESC);


--
-- TOC entry 2815 (class 1259 OID 25264)
-- Name: fki_ucast-idcest; Type: INDEX; Schema: public; Owner: postgres
--

CREATE INDEX "fki_ucast-idcest" ON ucastnik USING btree (idcest);


--
-- TOC entry 2816 (class 1259 OID 25265)
-- Name: fki_ucast-idoso; Type: INDEX; Schema: public; Owner: postgres
--

CREATE INDEX "fki_ucast-idoso" ON ucastnik USING btree (idoso);


--
-- TOC entry 2798 (class 1259 OID 25266)
-- Name: schv-idcest; Type: INDEX; Schema: public; Owner: postgres
--

CREATE INDEX "schv-idcest" ON schvaleni USING btree (idcest);


--
-- TOC entry 3226 (class 0 OID 0)
-- Dependencies: 2798
-- Name: INDEX "schv-idcest"; Type: COMMENT; Schema: public; Owner: postgres
--

COMMENT ON INDEX "schv-idcest" IS 'ID cesty';


--
-- TOC entry 2799 (class 1259 OID 25267)
-- Name: schv-idoso; Type: INDEX; Schema: public; Owner: postgres
--

CREATE INDEX "schv-idoso" ON schvaleni USING btree (idoso);


--
-- TOC entry 3227 (class 0 OID 0)
-- Dependencies: 2799
-- Name: INDEX "schv-idoso"; Type: COMMENT; Schema: public; Owner: postgres
--

COMMENT ON INDEX "schv-idoso" IS 'Index přes idoso';


--
-- TOC entry 2800 (class 1259 OID 25268)
-- Name: schv-idrez; Type: INDEX; Schema: public; Owner: postgres
--

CREATE INDEX "schv-idrez" ON schvaleni USING btree (idrez);


--
-- TOC entry 3228 (class 0 OID 0)
-- Dependencies: 2800
-- Name: INDEX "schv-idrez"; Type: COMMENT; Schema: public; Owner: postgres
--

COMMENT ON INDEX "schv-idrez" IS 'Index přes idrez';


--
-- TOC entry 2801 (class 1259 OID 25269)
-- Name: schv-iducast; Type: INDEX; Schema: public; Owner: postgres
--

CREATE INDEX "schv-iducast" ON schvaleni USING btree (iducast);


--
-- TOC entry 3229 (class 0 OID 0)
-- Dependencies: 2801
-- Name: INDEX "schv-iducast"; Type: COMMENT; Schema: public; Owner: postgres
--

COMMENT ON INDEX "schv-iducast" IS 'Index podle cizího klíče - id účastníka';


--
-- TOC entry 2856 (class 2620 OID 25270)
-- Name: aktivity settimemodify; Type: TRIGGER; Schema: public; Owner: postgres
--

CREATE TRIGGER settimemodify BEFORE INSERT OR UPDATE ON aktivity FOR EACH ROW EXECUTE PROCEDURE settimemodify();


--
-- TOC entry 3230 (class 0 OID 0)
-- Dependencies: 2856
-- Name: TRIGGER settimemodify ON aktivity; Type: COMMENT; Schema: public; Owner: postgres
--

COMMENT ON TRIGGER settimemodify ON aktivity IS 'Nastavi cas posledni modifikace zaznamu tabulky aktivit';


--
-- TOC entry 2866 (class 2620 OID 25271)
-- Name: typaktivity settimemodify; Type: TRIGGER; Schema: public; Owner: postgres
--

CREATE TRIGGER settimemodify BEFORE INSERT OR UPDATE ON typaktivity FOR EACH ROW EXECUTE PROCEDURE settimemodify();


--
-- TOC entry 3231 (class 0 OID 0)
-- Dependencies: 2866
-- Name: TRIGGER settimemodify ON typaktivity; Type: COMMENT; Schema: public; Owner: postgres
--

COMMENT ON TRIGGER settimemodify ON typaktivity IS 'Nastavi cas posledni modifikace zaznamu tabulky typu aktivit';


--
-- TOC entry 2869 (class 2620 OID 25272)
-- Name: typzdroje settimemodify; Type: TRIGGER; Schema: public; Owner: postgres
--

CREATE TRIGGER settimemodify BEFORE INSERT OR UPDATE ON typzdroje FOR EACH ROW EXECUTE PROCEDURE settimemodify();


--
-- TOC entry 3232 (class 0 OID 0)
-- Dependencies: 2869
-- Name: TRIGGER settimemodify ON typzdroje; Type: COMMENT; Schema: public; Owner: postgres
--

COMMENT ON TRIGGER settimemodify ON typzdroje IS 'Nastavi cas posledni modifikace zaznamu tabulky zdroju';


--
-- TOC entry 2871 (class 2620 OID 25273)
-- Name: zdroj settimemodify; Type: TRIGGER; Schema: public; Owner: postgres
--

CREATE TRIGGER settimemodify BEFORE INSERT OR UPDATE ON zdroj FOR EACH ROW EXECUTE PROCEDURE settimemodify();


--
-- TOC entry 2857 (class 2620 OID 25274)
-- Name: cesta settimemodify; Type: TRIGGER; Schema: public; Owner: postgres
--

CREATE TRIGGER settimemodify BEFORE INSERT OR UPDATE ON cesta FOR EACH ROW EXECUTE PROCEDURE settimemodify();


--
-- TOC entry 2870 (class 2620 OID 25275)
-- Name: ucastnik settimemodify; Type: TRIGGER; Schema: public; Owner: postgres
--

CREATE TRIGGER settimemodify BEFORE INSERT OR UPDATE ON ucastnik FOR EACH ROW EXECUTE PROCEDURE settimemodify();


--
-- TOC entry 2868 (class 2620 OID 25276)
-- Name: typucast settimemodify; Type: TRIGGER; Schema: public; Owner: postgres
--

CREATE TRIGGER settimemodify BEFORE INSERT OR UPDATE ON typucast FOR EACH ROW EXECUTE PROCEDURE settimemodify();


--
-- TOC entry 3233 (class 0 OID 0)
-- Dependencies: 2868
-- Name: TRIGGER settimemodify ON typucast; Type: COMMENT; Schema: public; Owner: postgres
--

COMMENT ON TRIGGER settimemodify ON typucast IS 'Nastavi cas posledni modifikace zaznamu tabulky typu aktivit';


--
-- TOC entry 2867 (class 2620 OID 25277)
-- Name: typschv settimemodify; Type: TRIGGER; Schema: public; Owner: postgres
--

CREATE TRIGGER settimemodify BEFORE INSERT OR UPDATE ON typschv FOR EACH ROW EXECUTE PROCEDURE settimemodify();


--
-- TOC entry 3234 (class 0 OID 0)
-- Dependencies: 2867
-- Name: TRIGGER settimemodify ON typschv; Type: COMMENT; Schema: public; Owner: postgres
--

COMMENT ON TRIGGER settimemodify ON typschv IS 'Nastavi cas posledni modifikace zaznamu tabulky typu aktivit';


--
-- TOC entry 2863 (class 2620 OID 25278)
-- Name: rezervace settimemodify; Type: TRIGGER; Schema: public; Owner: postgres
--

CREATE TRIGGER settimemodify BEFORE INSERT OR UPDATE ON rezervace FOR EACH ROW EXECUTE PROCEDURE settimemodify();


--
-- TOC entry 2862 (class 2620 OID 25279)
-- Name: osoba settimemodify; Type: TRIGGER; Schema: public; Owner: postgres
--

CREATE TRIGGER settimemodify BEFORE INSERT OR UPDATE ON osoba FOR EACH ROW EXECUTE PROCEDURE settimemodify();


--
-- TOC entry 2864 (class 2620 OID 25280)
-- Name: schvaleni settimemodify; Type: TRIGGER; Schema: public; Owner: postgres
--

CREATE TRIGGER settimemodify BEFORE INSERT OR UPDATE ON schvaleni FOR EACH ROW EXECUTE PROCEDURE settimemodify();


--
-- TOC entry 2865 (class 2620 OID 25281)
-- Name: skupina settimemodify; Type: TRIGGER; Schema: public; Owner: postgres
--

CREATE TRIGGER settimemodify BEFORE INSERT OR UPDATE ON skupina FOR EACH ROW EXECUTE PROCEDURE settimemodify();


--
-- TOC entry 2858 (class 2620 OID 25282)
-- Name: dispecerhl settimemodify; Type: TRIGGER; Schema: public; Owner: postgres
--

CREATE TRIGGER settimemodify BEFORE INSERT OR UPDATE ON dispecerhl FOR EACH ROW EXECUTE PROCEDURE settimemodify();


--
-- TOC entry 2861 (class 2620 OID 25283)
-- Name: log settimemodify; Type: TRIGGER; Schema: public; Owner: postgres
--

CREATE TRIGGER settimemodify BEFORE INSERT OR UPDATE ON log FOR EACH ROW EXECUTE PROCEDURE settimemodify();


--
-- TOC entry 2860 (class 2620 OID 25284)
-- Name: email settimemodify; Type: TRIGGER; Schema: public; Owner: postgres
--

CREATE TRIGGER settimemodify BEFORE INSERT OR UPDATE ON email FOR EACH ROW EXECUTE PROCEDURE settimemodify();


--
-- TOC entry 2859 (class 2620 OID 25285)
-- Name: dispecerpol settimemodify; Type: TRIGGER; Schema: public; Owner: postgres
--

CREATE TRIGGER settimemodify BEFORE INSERT OR UPDATE ON dispecerpol FOR EACH ROW EXECUTE PROCEDURE settimemodify();


--
-- TOC entry 2823 (class 2606 OID 25286)
-- Name: aktivity aktivity-idoso; Type: FK CONSTRAINT; Schema: public; Owner: postgres
--

ALTER TABLE ONLY aktivity
    ADD CONSTRAINT "aktivity-idoso" FOREIGN KEY (idoso) REFERENCES osoba(id) ON UPDATE CASCADE ON DELETE CASCADE;


--
-- TOC entry 3235 (class 0 OID 0)
-- Dependencies: 2823
-- Name: CONSTRAINT "aktivity-idoso" ON aktivity; Type: COMMENT; Schema: public; Owner: postgres
--

COMMENT ON CONSTRAINT "aktivity-idoso" ON aktivity IS 'Odkaz na tabulku osoba - kdo je vlastnik aktivity';


--
-- TOC entry 2824 (class 2606 OID 25291)
-- Name: aktivity aktivity-idtypakt; Type: FK CONSTRAINT; Schema: public; Owner: postgres
--

ALTER TABLE ONLY aktivity
    ADD CONSTRAINT "aktivity-idtypakt" FOREIGN KEY (idtypakt) REFERENCES typaktivity(id) ON UPDATE CASCADE ON DELETE CASCADE;


--
-- TOC entry 3236 (class 0 OID 0)
-- Dependencies: 2824
-- Name: CONSTRAINT "aktivity-idtypakt" ON aktivity; Type: COMMENT; Schema: public; Owner: postgres
--

COMMENT ON CONSTRAINT "aktivity-idtypakt" ON aktivity IS 'Cizi klic z tabulky aktTyp';


--
-- TOC entry 2825 (class 2606 OID 25296)
-- Name: cesta cesta-idoso; Type: FK CONSTRAINT; Schema: public; Owner: postgres
--

ALTER TABLE ONLY cesta
    ADD CONSTRAINT "cesta-idoso" FOREIGN KEY (idoso) REFERENCES osoba(id) ON UPDATE CASCADE ON DELETE CASCADE;


--
-- TOC entry 3237 (class 0 OID 0)
-- Dependencies: 2825
-- Name: CONSTRAINT "cesta-idoso" ON cesta; Type: COMMENT; Schema: public; Owner: postgres
--

COMMENT ON CONSTRAINT "cesta-idoso" ON cesta IS 'Odkaz na tabulku osob';


--
-- TOC entry 2826 (class 2606 OID 25301)
-- Name: cesta cesta-idtypzdr; Type: FK CONSTRAINT; Schema: public; Owner: postgres
--

ALTER TABLE ONLY cesta
    ADD CONSTRAINT "cesta-idtypzdr" FOREIGN KEY (idtypzdr) REFERENCES typzdroje(id) ON UPDATE CASCADE ON DELETE CASCADE;


--
-- TOC entry 2827 (class 2606 OID 25306)
-- Name: dispecerhl disphl-iddisphl; Type: FK CONSTRAINT; Schema: public; Owner: postgres
--

ALTER TABLE ONLY dispecerhl
    ADD CONSTRAINT "disphl-iddisphl" FOREIGN KEY (iddisphl) REFERENCES dispecerhl(id) ON UPDATE CASCADE ON DELETE CASCADE;


--
-- TOC entry 3238 (class 0 OID 0)
-- Dependencies: 2827
-- Name: CONSTRAINT "disphl-iddisphl" ON dispecerhl; Type: COMMENT; Schema: public; Owner: postgres
--

COMMENT ON CONSTRAINT "disphl-iddisphl" ON dispecerhl IS 'Odkaz na tabulku dispeceru(redundance), jedná-li se o zástupce';


--
-- TOC entry 2828 (class 2606 OID 25311)
-- Name: dispecerhl disphl-idoso; Type: FK CONSTRAINT; Schema: public; Owner: postgres
--

ALTER TABLE ONLY dispecerhl
    ADD CONSTRAINT "disphl-idoso" FOREIGN KEY (idoso) REFERENCES osoba(id) ON UPDATE CASCADE ON DELETE CASCADE;


--
-- TOC entry 3239 (class 0 OID 0)
-- Dependencies: 2828
-- Name: CONSTRAINT "disphl-idoso" ON dispecerhl; Type: COMMENT; Schema: public; Owner: postgres
--

COMMENT ON CONSTRAINT "disphl-idoso" ON dispecerhl IS 'Cizi klic na tabulku osoba';


--
-- TOC entry 2829 (class 2606 OID 25316)
-- Name: dispecerhl disphl-idtypschv; Type: FK CONSTRAINT; Schema: public; Owner: postgres
--

ALTER TABLE ONLY dispecerhl
    ADD CONSTRAINT "disphl-idtypschv" FOREIGN KEY (idtypschv) REFERENCES typschv(id) ON UPDATE CASCADE ON DELETE CASCADE;


--
-- TOC entry 3240 (class 0 OID 0)
-- Dependencies: 2829
-- Name: CONSTRAINT "disphl-idtypschv" ON dispecerhl; Type: COMMENT; Schema: public; Owner: postgres
--

COMMENT ON CONSTRAINT "disphl-idtypschv" ON dispecerhl IS 'Odkaz na tabulku typschv';


--
-- TOC entry 2830 (class 2606 OID 25321)
-- Name: dispecerhl disphl-idtypzdr; Type: FK CONSTRAINT; Schema: public; Owner: postgres
--

ALTER TABLE ONLY dispecerhl
    ADD CONSTRAINT "disphl-idtypzdr" FOREIGN KEY (idtypzdr) REFERENCES typzdroje(id) ON UPDATE CASCADE ON DELETE CASCADE;


--
-- TOC entry 3241 (class 0 OID 0)
-- Dependencies: 2830
-- Name: CONSTRAINT "disphl-idtypzdr" ON dispecerhl; Type: COMMENT; Schema: public; Owner: postgres
--

COMMENT ON CONSTRAINT "disphl-idtypzdr" ON dispecerhl IS 'Odkaz na tabulku typzdroje';


--
-- TOC entry 2831 (class 2606 OID 25326)
-- Name: dispecerpol disppol-idoso; Type: FK CONSTRAINT; Schema: public; Owner: postgres
--

ALTER TABLE ONLY dispecerpol
    ADD CONSTRAINT "disppol-idoso" FOREIGN KEY (idoso) REFERENCES osoba(id) ON UPDATE CASCADE ON DELETE CASCADE;


--
-- TOC entry 3242 (class 0 OID 0)
-- Dependencies: 2831
-- Name: CONSTRAINT "disppol-idoso" ON dispecerpol; Type: COMMENT; Schema: public; Owner: postgres
--

COMMENT ON CONSTRAINT "disppol-idoso" ON dispecerpol IS 'Cizi klic na tabulku osoba';


--
-- TOC entry 2832 (class 2606 OID 25331)
-- Name: dispecerpol disppol-idzdr; Type: FK CONSTRAINT; Schema: public; Owner: postgres
--

ALTER TABLE ONLY dispecerpol
    ADD CONSTRAINT "disppol-idzdr" FOREIGN KEY (idzdr) REFERENCES zdroj(id) ON UPDATE CASCADE ON DELETE CASCADE;


--
-- TOC entry 3243 (class 0 OID 0)
-- Dependencies: 2832
-- Name: CONSTRAINT "disppol-idzdr" ON dispecerpol; Type: COMMENT; Schema: public; Owner: postgres
--

COMMENT ON CONSTRAINT "disppol-idzdr" ON dispecerpol IS 'Cizi klic na tabulku zdrojů';


--
-- TOC entry 2833 (class 2606 OID 25336)
-- Name: email email-idakt; Type: FK CONSTRAINT; Schema: public; Owner: postgres
--

ALTER TABLE ONLY email
    ADD CONSTRAINT "email-idakt" FOREIGN KEY (idakt) REFERENCES aktivity(id) ON UPDATE CASCADE ON DELETE CASCADE;


--
-- TOC entry 2834 (class 2606 OID 25341)
-- Name: email email-idcest; Type: FK CONSTRAINT; Schema: public; Owner: postgres
--

ALTER TABLE ONLY email
    ADD CONSTRAINT "email-idcest" FOREIGN KEY (idcest) REFERENCES cesta(id) ON UPDATE CASCADE ON DELETE CASCADE;


--
-- TOC entry 3244 (class 0 OID 0)
-- Dependencies: 2834
-- Name: CONSTRAINT "email-idcest" ON email; Type: COMMENT; Schema: public; Owner: postgres
--

COMMENT ON CONSTRAINT "email-idcest" ON email IS 'ID na tabulku cesty';


--
-- TOC entry 2835 (class 2606 OID 25346)
-- Name: email email-idoso; Type: FK CONSTRAINT; Schema: public; Owner: postgres
--

ALTER TABLE ONLY email
    ADD CONSTRAINT "email-idoso" FOREIGN KEY (idoso) REFERENCES osoba(id) ON UPDATE CASCADE ON DELETE CASCADE;


--
-- TOC entry 3245 (class 0 OID 0)
-- Dependencies: 2835
-- Name: CONSTRAINT "email-idoso" ON email; Type: COMMENT; Schema: public; Owner: postgres
--

COMMENT ON CONSTRAINT "email-idoso" ON email IS 'Odkaz na tabulku osoba';


--
-- TOC entry 2836 (class 2606 OID 25351)
-- Name: email email-idrez; Type: FK CONSTRAINT; Schema: public; Owner: postgres
--

ALTER TABLE ONLY email
    ADD CONSTRAINT "email-idrez" FOREIGN KEY (idrez) REFERENCES rezervace(id) ON UPDATE CASCADE ON DELETE CASCADE;


--
-- TOC entry 3246 (class 0 OID 0)
-- Dependencies: 2836
-- Name: CONSTRAINT "email-idrez" ON email; Type: COMMENT; Schema: public; Owner: postgres
--

COMMENT ON CONSTRAINT "email-idrez" ON email IS 'Odkaz na tabulku rezervací';


--
-- TOC entry 2837 (class 2606 OID 25356)
-- Name: email email-iducast; Type: FK CONSTRAINT; Schema: public; Owner: postgres
--

ALTER TABLE ONLY email
    ADD CONSTRAINT "email-iducast" FOREIGN KEY (iducast) REFERENCES ucastnik(id) ON UPDATE CASCADE ON DELETE CASCADE;


--
-- TOC entry 3247 (class 0 OID 0)
-- Dependencies: 2837
-- Name: CONSTRAINT "email-iducast" ON email; Type: COMMENT; Schema: public; Owner: postgres
--

COMMENT ON CONSTRAINT "email-iducast" ON email IS 'Odkaz na tabulku ucastnik';


--
-- TOC entry 2838 (class 2606 OID 25361)
-- Name: log log-idakt; Type: FK CONSTRAINT; Schema: public; Owner: postgres
--

ALTER TABLE ONLY log
    ADD CONSTRAINT "log-idakt" FOREIGN KEY (idakt) REFERENCES aktivity(id) ON UPDATE CASCADE ON DELETE CASCADE;


--
-- TOC entry 2839 (class 2606 OID 25366)
-- Name: log log-idcest; Type: FK CONSTRAINT; Schema: public; Owner: postgres
--

ALTER TABLE ONLY log
    ADD CONSTRAINT "log-idcest" FOREIGN KEY (idcest) REFERENCES cesta(id) ON UPDATE CASCADE ON DELETE CASCADE;


--
-- TOC entry 3248 (class 0 OID 0)
-- Dependencies: 2839
-- Name: CONSTRAINT "log-idcest" ON log; Type: COMMENT; Schema: public; Owner: postgres
--

COMMENT ON CONSTRAINT "log-idcest" ON log IS 'ID na tabulku cesty';


--
-- TOC entry 2840 (class 2606 OID 25371)
-- Name: log log-idoso; Type: FK CONSTRAINT; Schema: public; Owner: postgres
--

ALTER TABLE ONLY log
    ADD CONSTRAINT "log-idoso" FOREIGN KEY (idoso) REFERENCES osoba(id) ON UPDATE CASCADE ON DELETE CASCADE;


--
-- TOC entry 3249 (class 0 OID 0)
-- Dependencies: 2840
-- Name: CONSTRAINT "log-idoso" ON log; Type: COMMENT; Schema: public; Owner: postgres
--

COMMENT ON CONSTRAINT "log-idoso" ON log IS 'Odkaz na tabulku osoba';


--
-- TOC entry 2841 (class 2606 OID 25376)
-- Name: log log-idrez; Type: FK CONSTRAINT; Schema: public; Owner: postgres
--

ALTER TABLE ONLY log
    ADD CONSTRAINT "log-idrez" FOREIGN KEY (idrez) REFERENCES rezervace(id) ON UPDATE CASCADE ON DELETE CASCADE;


--
-- TOC entry 3250 (class 0 OID 0)
-- Dependencies: 2841
-- Name: CONSTRAINT "log-idrez" ON log; Type: COMMENT; Schema: public; Owner: postgres
--

COMMENT ON CONSTRAINT "log-idrez" ON log IS 'Odkaz na tabulku rezervací';


--
-- TOC entry 2842 (class 2606 OID 25381)
-- Name: log log-iducast; Type: FK CONSTRAINT; Schema: public; Owner: postgres
--

ALTER TABLE ONLY log
    ADD CONSTRAINT "log-iducast" FOREIGN KEY (iducast) REFERENCES ucastnik(id) ON UPDATE CASCADE ON DELETE CASCADE;


--
-- TOC entry 3251 (class 0 OID 0)
-- Dependencies: 2842
-- Name: CONSTRAINT "log-iducast" ON log; Type: COMMENT; Schema: public; Owner: postgres
--

COMMENT ON CONSTRAINT "log-iducast" ON log IS 'Odkaz na tabulku ucastnik';


--
-- TOC entry 2843 (class 2606 OID 25386)
-- Name: log log-idzdr; Type: FK CONSTRAINT; Schema: public; Owner: postgres
--

ALTER TABLE ONLY log
    ADD CONSTRAINT "log-idzdr" FOREIGN KEY (idzdr) REFERENCES zdroj(id) ON UPDATE SET NULL ON DELETE SET NULL;


--
-- TOC entry 3252 (class 0 OID 0)
-- Dependencies: 2843
-- Name: CONSTRAINT "log-idzdr" ON log; Type: COMMENT; Schema: public; Owner: postgres
--

COMMENT ON CONSTRAINT "log-idzdr" ON log IS 'Odkaz na zdroj - cizi klic';


--
-- TOC entry 2844 (class 2606 OID 25391)
-- Name: rezervace rez-idakt; Type: FK CONSTRAINT; Schema: public; Owner: postgres
--

ALTER TABLE ONLY rezervace
    ADD CONSTRAINT "rez-idakt" FOREIGN KEY (idakt) REFERENCES aktivity(id) ON UPDATE CASCADE ON DELETE CASCADE;


--
-- TOC entry 3253 (class 0 OID 0)
-- Dependencies: 2844
-- Name: CONSTRAINT "rez-idakt" ON rezervace; Type: COMMENT; Schema: public; Owner: postgres
--

COMMENT ON CONSTRAINT "rez-idakt" ON rezervace IS 'Odkaz na tabulku aktivity';


--
-- TOC entry 2845 (class 2606 OID 25396)
-- Name: rezervace rez-idcest; Type: FK CONSTRAINT; Schema: public; Owner: postgres
--

ALTER TABLE ONLY rezervace
    ADD CONSTRAINT "rez-idcest" FOREIGN KEY (idcest) REFERENCES cesta(id) ON UPDATE CASCADE ON DELETE CASCADE;


--
-- TOC entry 3254 (class 0 OID 0)
-- Dependencies: 2845
-- Name: CONSTRAINT "rez-idcest" ON rezervace; Type: COMMENT; Schema: public; Owner: postgres
--

COMMENT ON CONSTRAINT "rez-idcest" ON rezervace IS 'Odkaz na tabulku cest';


--
-- TOC entry 2846 (class 2606 OID 25401)
-- Name: rezervace rez-idzdr; Type: FK CONSTRAINT; Schema: public; Owner: postgres
--

ALTER TABLE ONLY rezervace
    ADD CONSTRAINT "rez-idzdr" FOREIGN KEY (idzdr) REFERENCES zdroj(id) ON UPDATE CASCADE ON DELETE CASCADE;


--
-- TOC entry 3255 (class 0 OID 0)
-- Dependencies: 2846
-- Name: CONSTRAINT "rez-idzdr" ON rezervace; Type: COMMENT; Schema: public; Owner: postgres
--

COMMENT ON CONSTRAINT "rez-idzdr" ON rezervace IS 'Odkaz na tabulku zdroje';


--
-- TOC entry 2847 (class 2606 OID 25406)
-- Name: schvaleni schv-idcest; Type: FK CONSTRAINT; Schema: public; Owner: postgres
--

ALTER TABLE ONLY schvaleni
    ADD CONSTRAINT "schv-idcest" FOREIGN KEY (idcest) REFERENCES cesta(id) ON UPDATE CASCADE ON DELETE CASCADE;


--
-- TOC entry 3256 (class 0 OID 0)
-- Dependencies: 2847
-- Name: CONSTRAINT "schv-idcest" ON schvaleni; Type: COMMENT; Schema: public; Owner: postgres
--

COMMENT ON CONSTRAINT "schv-idcest" ON schvaleni IS 'Odkaz na tabulku cesta';


--
-- TOC entry 2848 (class 2606 OID 25411)
-- Name: schvaleni schv-idoso; Type: FK CONSTRAINT; Schema: public; Owner: postgres
--

ALTER TABLE ONLY schvaleni
    ADD CONSTRAINT "schv-idoso" FOREIGN KEY (idoso) REFERENCES osoba(id) ON UPDATE CASCADE ON DELETE CASCADE;


--
-- TOC entry 3257 (class 0 OID 0)
-- Dependencies: 2848
-- Name: CONSTRAINT "schv-idoso" ON schvaleni; Type: COMMENT; Schema: public; Owner: postgres
--

COMMENT ON CONSTRAINT "schv-idoso" ON schvaleni IS 'Cizi klic na tabulku osoba';


--
-- TOC entry 2849 (class 2606 OID 25416)
-- Name: schvaleni schv-idrez; Type: FK CONSTRAINT; Schema: public; Owner: postgres
--

ALTER TABLE ONLY schvaleni
    ADD CONSTRAINT "schv-idrez" FOREIGN KEY (idrez) REFERENCES rezervace(id) ON UPDATE CASCADE ON DELETE CASCADE;


--
-- TOC entry 2850 (class 2606 OID 25421)
-- Name: schvaleni schv-iducast; Type: FK CONSTRAINT; Schema: public; Owner: postgres
--

ALTER TABLE ONLY schvaleni
    ADD CONSTRAINT "schv-iducast" FOREIGN KEY (iducast) REFERENCES ucastnik(id) ON UPDATE CASCADE ON DELETE CASCADE;


--
-- TOC entry 3258 (class 0 OID 0)
-- Dependencies: 2850
-- Name: CONSTRAINT "schv-iducast" ON schvaleni; Type: COMMENT; Schema: public; Owner: postgres
--

COMMENT ON CONSTRAINT "schv-iducast" ON schvaleni IS 'Odkaz na tabulku ucastnik';


--
-- TOC entry 2851 (class 2606 OID 25426)
-- Name: ucastnik ucast-idcest; Type: FK CONSTRAINT; Schema: public; Owner: postgres
--

ALTER TABLE ONLY ucastnik
    ADD CONSTRAINT "ucast-idcest" FOREIGN KEY (idcest) REFERENCES cesta(id) ON UPDATE CASCADE ON DELETE CASCADE;


--
-- TOC entry 3259 (class 0 OID 0)
-- Dependencies: 2851
-- Name: CONSTRAINT "ucast-idcest" ON ucastnik; Type: COMMENT; Schema: public; Owner: postgres
--

COMMENT ON CONSTRAINT "ucast-idcest" ON ucastnik IS 'Cizí klíč na tabulku cesta';


--
-- TOC entry 2852 (class 2606 OID 25431)
-- Name: ucastnik ucast-idoso; Type: FK CONSTRAINT; Schema: public; Owner: postgres
--

ALTER TABLE ONLY ucastnik
    ADD CONSTRAINT "ucast-idoso" FOREIGN KEY (idoso) REFERENCES osoba(id) ON UPDATE CASCADE ON DELETE CASCADE;


--
-- TOC entry 3260 (class 0 OID 0)
-- Dependencies: 2852
-- Name: CONSTRAINT "ucast-idoso" ON ucastnik; Type: COMMENT; Schema: public; Owner: postgres
--

COMMENT ON CONSTRAINT "ucast-idoso" ON ucastnik IS 'Odkaz na tabulku osoba';


--
-- TOC entry 2853 (class 2606 OID 25436)
-- Name: ucastnik ucast-idtypucast; Type: FK CONSTRAINT; Schema: public; Owner: postgres
--

ALTER TABLE ONLY ucastnik
    ADD CONSTRAINT "ucast-idtypucast" FOREIGN KEY (idtypucast) REFERENCES typucast(id) ON UPDATE CASCADE ON DELETE CASCADE;


--
-- TOC entry 3261 (class 0 OID 0)
-- Dependencies: 2853
-- Name: CONSTRAINT "ucast-idtypucast" ON ucastnik; Type: COMMENT; Schema: public; Owner: postgres
--

COMMENT ON CONSTRAINT "ucast-idtypucast" ON ucastnik IS 'Odkaz na ciselnik typu ucatniku';


--
-- TOC entry 2854 (class 2606 OID 25441)
-- Name: zdroj zdroj-idoso; Type: FK CONSTRAINT; Schema: public; Owner: postgres
--

ALTER TABLE ONLY zdroj
    ADD CONSTRAINT "zdroj-idoso" FOREIGN KEY (idoso) REFERENCES osoba(id) ON UPDATE CASCADE ON DELETE CASCADE;


--
-- TOC entry 3262 (class 0 OID 0)
-- Dependencies: 2854
-- Name: CONSTRAINT "zdroj-idoso" ON zdroj; Type: COMMENT; Schema: public; Owner: postgres
--

COMMENT ON CONSTRAINT "zdroj-idoso" ON zdroj IS 'Odkaz na tabulku osob';


--
-- TOC entry 2855 (class 2606 OID 25446)
-- Name: zdroj zdroj-idtypzdr; Type: FK CONSTRAINT; Schema: public; Owner: postgres
--

ALTER TABLE ONLY zdroj
    ADD CONSTRAINT "zdroj-idtypzdr" FOREIGN KEY (idtypzdr) REFERENCES typzdroje(id) ON UPDATE CASCADE ON DELETE CASCADE;


--
-- TOC entry 3263 (class 0 OID 0)
-- Dependencies: 2855
-- Name: CONSTRAINT "zdroj-idtypzdr" ON zdroj; Type: COMMENT; Schema: public; Owner: postgres
--

COMMENT ON CONSTRAINT "zdroj-idtypzdr" ON zdroj IS 'Odkaz na typ zdroje - cizi klic';


--
-- TOC entry 3016 (class 0 OID 0)
-- Dependencies: 6
-- Name: public; Type: ACL; Schema: -; Owner: postgres
--

GRANT ALL ON SCHEMA public TO PUBLIC;


-- Completed on 2018-04-11 23:21:31

--
-- PostgreSQL database dump complete
--

