--
-- PostgreSQL database dump
--

-- Dumped from database version 10.1
-- Dumped by pg_dump version 10.1

-- Started on 2018-04-05 00:14:35

SET statement_timeout = 0;
SET lock_timeout = 0;
SET idle_in_transaction_session_timeout = 0;
SET client_encoding = 'UTF8';
SET standard_conforming_strings = on;
SET check_function_bodies = false;
SET client_min_messages = warning;
SET row_security = off;

DROP DATABASE aktivity;
--
-- TOC entry 3013 (class 1262 OID 24681)
-- Name: aktivity; Type: DATABASE; Schema: -; Owner: postgres
--

CREATE DATABASE aktivity WITH TEMPLATE = template0 ENCODING = 'UTF8' LC_COLLATE = 'Czech_Czechia.1250' LC_CTYPE = 'Czech_Czechia.1250';


ALTER DATABASE aktivity OWNER TO postgres;

\connect aktivity

SET statement_timeout = 0;
SET lock_timeout = 0;
SET idle_in_transaction_session_timeout = 0;
SET client_encoding = 'UTF8';
SET standard_conforming_strings = on;
SET check_function_bodies = false;
SET client_min_messages = warning;
SET row_security = off;

--
-- TOC entry 3014 (class 1262 OID 24681)
-- Dependencies: 3013
-- Name: aktivity; Type: COMMENT; Schema: -; Owner: postgres
--

COMMENT ON DATABASE aktivity IS 'Aktivity, rezeravce zdrojů, cestovní příkazy';


--
-- TOC entry 1 (class 3079 OID 12924)
-- Name: plpgsql; Type: EXTENSION; Schema: -; Owner: 
--

CREATE EXTENSION IF NOT EXISTS plpgsql WITH SCHEMA pg_catalog;


--
-- TOC entry 3017 (class 0 OID 0)
-- Dependencies: 1
-- Name: EXTENSION plpgsql; Type: COMMENT; Schema: -; Owner: 
--

COMMENT ON EXTENSION plpgsql IS 'PL/pgSQL procedural language';


SET search_path = public, pg_catalog;

--
-- TOC entry 521 (class 1247 OID 24682)
-- Name: _platido; Type: DOMAIN; Schema: public; Owner: postgres
--

CREATE DOMAIN _platido AS timestamp without time zone NOT NULL DEFAULT '2100-12-31 00:00:00'::timestamp without time zone;


ALTER DOMAIN _platido OWNER TO postgres;

--
-- TOC entry 3018 (class 0 OID 0)
-- Dependencies: 521
-- Name: DOMAIN _platido; Type: COMMENT; Schema: public; Owner: postgres
--

COMMENT ON DOMAIN _platido IS 'Plati DO';


--
-- TOC entry 522 (class 1247 OID 24683)
-- Name: _platiod; Type: DOMAIN; Schema: public; Owner: postgres
--

CREATE DOMAIN _platiod AS timestamp without time zone NOT NULL DEFAULT '2017-01-01 00:00:00'::timestamp without time zone;


ALTER DOMAIN _platiod OWNER TO postgres;

--
-- TOC entry 3019 (class 0 OID 0)
-- Dependencies: 522
-- Name: DOMAIN _platiod; Type: COMMENT; Schema: public; Owner: postgres
--

COMMENT ON DOMAIN _platiod IS 'Plati OD';


--
-- TOC entry 602 (class 1247 OID 24684)
-- Name: _popis; Type: DOMAIN; Schema: public; Owner: postgres
--

CREATE DOMAIN _popis AS text DEFAULT ' '::text;


ALTER DOMAIN _popis OWNER TO postgres;

--
-- TOC entry 3020 (class 0 OID 0)
-- Dependencies: 602
-- Name: DOMAIN _popis; Type: COMMENT; Schema: public; Owner: postgres
--

COMMENT ON DOMAIN _popis IS 'Popisne pole';


--
-- TOC entry 603 (class 1247 OID 24685)
-- Name: _timeinsert; Type: DOMAIN; Schema: public; Owner: postgres
--

CREATE DOMAIN _timeinsert AS timestamp without time zone NOT NULL DEFAULT now();


ALTER DOMAIN _timeinsert OWNER TO postgres;

--
-- TOC entry 3021 (class 0 OID 0)
-- Dependencies: 603
-- Name: DOMAIN _timeinsert; Type: COMMENT; Schema: public; Owner: postgres
--

COMMENT ON DOMAIN _timeinsert IS 'Cas zalozeni zaznamu';


--
-- TOC entry 604 (class 1247 OID 24686)
-- Name: _timemodify; Type: DOMAIN; Schema: public; Owner: postgres
--

CREATE DOMAIN _timemodify AS timestamp without time zone NOT NULL DEFAULT now();


ALTER DOMAIN _timemodify OWNER TO postgres;

--
-- TOC entry 3022 (class 0 OID 0)
-- Dependencies: 604
-- Name: DOMAIN _timemodify; Type: COMMENT; Schema: public; Owner: postgres
--

COMMENT ON DOMAIN _timemodify IS 'Cas posledni modifikace zaznamu';


--
-- TOC entry 605 (class 1247 OID 24687)
-- Name: _uzivatel; Type: DOMAIN; Schema: public; Owner: postgres
--

CREATE DOMAIN _uzivatel AS text DEFAULT "current_user"();


ALTER DOMAIN _uzivatel OWNER TO postgres;

--
-- TOC entry 3023 (class 0 OID 0)
-- Dependencies: 605
-- Name: DOMAIN _uzivatel; Type: COMMENT; Schema: public; Owner: postgres
--

COMMENT ON DOMAIN _uzivatel IS 'Uzivatel, ktery provedl posledni modifikaci';


--
-- TOC entry 222 (class 1255 OID 24688)
-- Name: settimemodify(); Type: FUNCTION; Schema: public; Owner: postgres
--

CREATE FUNCTION settimemodify() RETURNS trigger
    LANGUAGE plpgsql
    AS $$
BEGIN
	NEW.TimeModify:=now();
	NEW.UserModify:=user ;
	RETURN NEW;
END
$$;


ALTER FUNCTION public.settimemodify() OWNER TO postgres;

--
-- TOC entry 3024 (class 0 OID 0)
-- Dependencies: 222
-- Name: FUNCTION settimemodify(); Type: COMMENT; Schema: public; Owner: postgres
--

COMMENT ON FUNCTION settimemodify() IS 'Nastavi cas posledni modifikace zaznamu';


SET default_tablespace = '';

SET default_with_oids = false;

--
-- TOC entry 196 (class 1259 OID 24689)
-- Name: aktivity; Type: TABLE; Schema: public; Owner: postgres
--

CREATE TABLE aktivity (
    id uuid NOT NULL,
    idtypakt uuid,
    idoso uuid,
    komentar text,
    popis _popis,
    platiod _platiod,
    platido _platido,
    timeinsert _timeinsert,
    timemodify _timemodify,
    usermodify _uzivatel
);


ALTER TABLE aktivity OWNER TO postgres;

--
-- TOC entry 3025 (class 0 OID 0)
-- Dependencies: 196
-- Name: TABLE aktivity; Type: COMMENT; Schema: public; Owner: postgres
--

COMMENT ON TABLE aktivity IS 'Aktivita - základní tabulka, poskytující rezervacím a CP jednozančný ID';


--
-- TOC entry 3026 (class 0 OID 0)
-- Dependencies: 196
-- Name: COLUMN aktivity.id; Type: COMMENT; Schema: public; Owner: postgres
--

COMMENT ON COLUMN aktivity.id IS 'Identifikátor';


--
-- TOC entry 3027 (class 0 OID 0)
-- Dependencies: 196
-- Name: COLUMN aktivity.idtypakt; Type: COMMENT; Schema: public; Owner: postgres
--

COMMENT ON COLUMN aktivity.idtypakt IS 'Typ aktivity - cizí klíč';


--
-- TOC entry 3028 (class 0 OID 0)
-- Dependencies: 196
-- Name: COLUMN aktivity.idoso; Type: COMMENT; Schema: public; Owner: postgres
--

COMMENT ON COLUMN aktivity.idoso IS 'Vlastník akce - relace na tabulku osoby - cizi klic';


--
-- TOC entry 3029 (class 0 OID 0)
-- Dependencies: 196
-- Name: COLUMN aktivity.komentar; Type: COMMENT; Schema: public; Owner: postgres
--

COMMENT ON COLUMN aktivity.komentar IS 'Komentar k volnemu pouziti';


--
-- TOC entry 3030 (class 0 OID 0)
-- Dependencies: 196
-- Name: COLUMN aktivity.popis; Type: COMMENT; Schema: public; Owner: postgres
--

COMMENT ON COLUMN aktivity.popis IS 'Popis aktivity';


--
-- TOC entry 3031 (class 0 OID 0)
-- Dependencies: 196
-- Name: COLUMN aktivity.platiod; Type: COMMENT; Schema: public; Owner: postgres
--

COMMENT ON COLUMN aktivity.platiod IS 'Plati Od';


--
-- TOC entry 3032 (class 0 OID 0)
-- Dependencies: 196
-- Name: COLUMN aktivity.platido; Type: COMMENT; Schema: public; Owner: postgres
--

COMMENT ON COLUMN aktivity.platido IS 'Plati DO';


--
-- TOC entry 3033 (class 0 OID 0)
-- Dependencies: 196
-- Name: COLUMN aktivity.timeinsert; Type: COMMENT; Schema: public; Owner: postgres
--

COMMENT ON COLUMN aktivity.timeinsert IS 'Cas vlozeni zaznamu';


--
-- TOC entry 3034 (class 0 OID 0)
-- Dependencies: 196
-- Name: COLUMN aktivity.timemodify; Type: COMMENT; Schema: public; Owner: postgres
--

COMMENT ON COLUMN aktivity.timemodify IS 'Cas posledni zmeny zaznamu';


--
-- TOC entry 3035 (class 0 OID 0)
-- Dependencies: 196
-- Name: COLUMN aktivity.usermodify; Type: COMMENT; Schema: public; Owner: postgres
--

COMMENT ON COLUMN aktivity.usermodify IS 'Uzivatel, ktery posledni modifikoval zaznam.';


--
-- TOC entry 197 (class 1259 OID 24695)
-- Name: cesta; Type: TABLE; Schema: public; Owner: postgres
--

CREATE TABLE cesta (
    id uuid NOT NULL,
    idtypzdr uuid NOT NULL,
    idoso uuid NOT NULL,
    komentar text,
    zaloha numeric,
    popis _popis,
    platiod _platiod,
    platido _platido,
    timeinsert _timeinsert,
    timemodify _timemodify,
    usermodify _uzivatel
);


ALTER TABLE cesta OWNER TO postgres;

--
-- TOC entry 3036 (class 0 OID 0)
-- Dependencies: 197
-- Name: TABLE cesta; Type: COMMENT; Schema: public; Owner: postgres
--

COMMENT ON TABLE cesta IS 'Cesta - tabulka plánovaných a realizovaných cest';


--
-- TOC entry 3037 (class 0 OID 0)
-- Dependencies: 197
-- Name: COLUMN cesta.id; Type: COMMENT; Schema: public; Owner: postgres
--

COMMENT ON COLUMN cesta.id IS 'Identifikátor';


--
-- TOC entry 3038 (class 0 OID 0)
-- Dependencies: 197
-- Name: COLUMN cesta.idtypzdr; Type: COMMENT; Schema: public; Owner: postgres
--

COMMENT ON COLUMN cesta.idtypzdr IS 'Identifikátor typu zdroje cesty - cizi klic (vlak, auto, pěšky atd.)';


--
-- TOC entry 3039 (class 0 OID 0)
-- Dependencies: 197
-- Name: COLUMN cesta.idoso; Type: COMMENT; Schema: public; Owner: postgres
--

COMMENT ON COLUMN cesta.idoso IS 'ID osoby, která založila cestu';


--
-- TOC entry 3040 (class 0 OID 0)
-- Dependencies: 197
-- Name: COLUMN cesta.komentar; Type: COMMENT; Schema: public; Owner: postgres
--

COMMENT ON COLUMN cesta.komentar IS 'Komentar k volnemu pouziti';


--
-- TOC entry 3041 (class 0 OID 0)
-- Dependencies: 197
-- Name: COLUMN cesta.zaloha; Type: COMMENT; Schema: public; Owner: postgres
--

COMMENT ON COLUMN cesta.zaloha IS 'Záloha na cestu';


--
-- TOC entry 3042 (class 0 OID 0)
-- Dependencies: 197
-- Name: COLUMN cesta.popis; Type: COMMENT; Schema: public; Owner: postgres
--

COMMENT ON COLUMN cesta.popis IS 'Popis cesty';


--
-- TOC entry 3043 (class 0 OID 0)
-- Dependencies: 197
-- Name: COLUMN cesta.platiod; Type: COMMENT; Schema: public; Owner: postgres
--

COMMENT ON COLUMN cesta.platiod IS 'Plati Od';


--
-- TOC entry 3044 (class 0 OID 0)
-- Dependencies: 197
-- Name: COLUMN cesta.platido; Type: COMMENT; Schema: public; Owner: postgres
--

COMMENT ON COLUMN cesta.platido IS 'Plati DO';


--
-- TOC entry 3045 (class 0 OID 0)
-- Dependencies: 197
-- Name: COLUMN cesta.timeinsert; Type: COMMENT; Schema: public; Owner: postgres
--

COMMENT ON COLUMN cesta.timeinsert IS 'Cas vlozeni zaznamu';


--
-- TOC entry 3046 (class 0 OID 0)
-- Dependencies: 197
-- Name: COLUMN cesta.timemodify; Type: COMMENT; Schema: public; Owner: postgres
--

COMMENT ON COLUMN cesta.timemodify IS 'Cas posledni zmeny zaznamu';


--
-- TOC entry 3047 (class 0 OID 0)
-- Dependencies: 197
-- Name: COLUMN cesta.usermodify; Type: COMMENT; Schema: public; Owner: postgres
--

COMMENT ON COLUMN cesta.usermodify IS 'Uzivatel, ktery posledni modifikoval zaznam.';


--
-- TOC entry 198 (class 1259 OID 24701)
-- Name: dispecerhl; Type: TABLE; Schema: public; Owner: postgres
--

CREATE TABLE dispecerhl (
    id uuid NOT NULL,
    idoso uuid NOT NULL,
    idtypschv uuid NOT NULL,
    idtypzdr uuid NOT NULL,
    iddisphl uuid,
    popis _popis,
    platiod _platiod,
    platido _platido,
    timeinsert _timeinsert,
    timemodify _timemodify,
    usermodify _uzivatel
);


ALTER TABLE dispecerhl OWNER TO postgres;

--
-- TOC entry 3048 (class 0 OID 0)
-- Dependencies: 198
-- Name: TABLE dispecerhl; Type: COMMENT; Schema: public; Owner: postgres
--

COMMENT ON TABLE dispecerhl IS 'Seznam dispeceru v zavislosti na pozici (Vedouci, Dispecer, Zastupce) pro jaky zdroj';


--
-- TOC entry 3049 (class 0 OID 0)
-- Dependencies: 198
-- Name: COLUMN dispecerhl.id; Type: COMMENT; Schema: public; Owner: postgres
--

COMMENT ON COLUMN dispecerhl.id IS 'Identifikátor';


--
-- TOC entry 3050 (class 0 OID 0)
-- Dependencies: 198
-- Name: COLUMN dispecerhl.idoso; Type: COMMENT; Schema: public; Owner: postgres
--

COMMENT ON COLUMN dispecerhl.idoso IS 'ID dispecera z tabulky osob';


--
-- TOC entry 3051 (class 0 OID 0)
-- Dependencies: 198
-- Name: COLUMN dispecerhl.idtypschv; Type: COMMENT; Schema: public; Owner: postgres
--

COMMENT ON COLUMN dispecerhl.idtypschv IS 'ID na typ schvalovani napr. Dispecer,Vedouci odd,Tajemnik';


--
-- TOC entry 3052 (class 0 OID 0)
-- Dependencies: 198
-- Name: COLUMN dispecerhl.idtypzdr; Type: COMMENT; Schema: public; Owner: postgres
--

COMMENT ON COLUMN dispecerhl.idtypzdr IS 'ID na typ zdroje napr. osoba-podrizeny, monitor, zasedacka, ktere může řídit - schvalovat';


--
-- TOC entry 3053 (class 0 OID 0)
-- Dependencies: 198
-- Name: COLUMN dispecerhl.iddisphl; Type: COMMENT; Schema: public; Owner: postgres
--

COMMENT ON COLUMN dispecerhl.iddisphl IS 'ID nadrizeneho dispecera v pripade, že se nyní jedná o zástupce jinak NULL';


--
-- TOC entry 3054 (class 0 OID 0)
-- Dependencies: 198
-- Name: COLUMN dispecerhl.popis; Type: COMMENT; Schema: public; Owner: postgres
--

COMMENT ON COLUMN dispecerhl.popis IS 'Libovolny popis';


--
-- TOC entry 3055 (class 0 OID 0)
-- Dependencies: 198
-- Name: COLUMN dispecerhl.platiod; Type: COMMENT; Schema: public; Owner: postgres
--

COMMENT ON COLUMN dispecerhl.platiod IS 'Plati Od';


--
-- TOC entry 3056 (class 0 OID 0)
-- Dependencies: 198
-- Name: COLUMN dispecerhl.platido; Type: COMMENT; Schema: public; Owner: postgres
--

COMMENT ON COLUMN dispecerhl.platido IS 'Plati DO';


--
-- TOC entry 3057 (class 0 OID 0)
-- Dependencies: 198
-- Name: COLUMN dispecerhl.timeinsert; Type: COMMENT; Schema: public; Owner: postgres
--

COMMENT ON COLUMN dispecerhl.timeinsert IS 'Cas vlozeni zaznamu';


--
-- TOC entry 3058 (class 0 OID 0)
-- Dependencies: 198
-- Name: COLUMN dispecerhl.timemodify; Type: COMMENT; Schema: public; Owner: postgres
--

COMMENT ON COLUMN dispecerhl.timemodify IS 'Cas posledni zmeny zaznamu';


--
-- TOC entry 3059 (class 0 OID 0)
-- Dependencies: 198
-- Name: COLUMN dispecerhl.usermodify; Type: COMMENT; Schema: public; Owner: postgres
--

COMMENT ON COLUMN dispecerhl.usermodify IS 'Uzivatel, ktery posledni modifikoval zaznam.';


--
-- TOC entry 199 (class 1259 OID 24713)
-- Name: dispecerpol; Type: TABLE; Schema: public; Owner: postgres
--

CREATE TABLE dispecerpol (
    id uuid NOT NULL,
    iddisphl uuid NOT NULL,
    idoso uuid,
    idzdr uuid,
    popis _popis,
    platiod _platiod,
    platido _platido,
    timeinsert _timeinsert,
    timemodify _timemodify,
    usermodify _uzivatel
);


ALTER TABLE dispecerpol OWNER TO postgres;

--
-- TOC entry 3060 (class 0 OID 0)
-- Dependencies: 199
-- Name: TABLE dispecerpol; Type: COMMENT; Schema: public; Owner: postgres
--

COMMENT ON TABLE dispecerpol IS 'Seznam osob, které bude mít dispečer na starosti - podrizeni';


--
-- TOC entry 3061 (class 0 OID 0)
-- Dependencies: 199
-- Name: COLUMN dispecerpol.id; Type: COMMENT; Schema: public; Owner: postgres
--

COMMENT ON COLUMN dispecerpol.id IS 'Identifikátor';


--
-- TOC entry 3062 (class 0 OID 0)
-- Dependencies: 199
-- Name: COLUMN dispecerpol.iddisphl; Type: COMMENT; Schema: public; Owner: postgres
--

COMMENT ON COLUMN dispecerpol.iddisphl IS 'ID dispecera z tabulky dispecerhl';


--
-- TOC entry 3063 (class 0 OID 0)
-- Dependencies: 199
-- Name: COLUMN dispecerpol.idoso; Type: COMMENT; Schema: public; Owner: postgres
--

COMMENT ON COLUMN dispecerpol.idoso IS 'ID osoby podřízené';


--
-- TOC entry 3064 (class 0 OID 0)
-- Dependencies: 199
-- Name: COLUMN dispecerpol.idzdr; Type: COMMENT; Schema: public; Owner: postgres
--

COMMENT ON COLUMN dispecerpol.idzdr IS 'ID spravovaného zdroje';


--
-- TOC entry 3065 (class 0 OID 0)
-- Dependencies: 199
-- Name: COLUMN dispecerpol.platiod; Type: COMMENT; Schema: public; Owner: postgres
--

COMMENT ON COLUMN dispecerpol.platiod IS 'Platí Od';


--
-- TOC entry 3066 (class 0 OID 0)
-- Dependencies: 199
-- Name: COLUMN dispecerpol.platido; Type: COMMENT; Schema: public; Owner: postgres
--

COMMENT ON COLUMN dispecerpol.platido IS 'Platí Do';


--
-- TOC entry 3067 (class 0 OID 0)
-- Dependencies: 199
-- Name: COLUMN dispecerpol.timeinsert; Type: COMMENT; Schema: public; Owner: postgres
--

COMMENT ON COLUMN dispecerpol.timeinsert IS 'Čas vložení záznamu';


--
-- TOC entry 3068 (class 0 OID 0)
-- Dependencies: 199
-- Name: COLUMN dispecerpol.timemodify; Type: COMMENT; Schema: public; Owner: postgres
--

COMMENT ON COLUMN dispecerpol.timemodify IS 'Čas poslední změny záznamu';


--
-- TOC entry 3069 (class 0 OID 0)
-- Dependencies: 199
-- Name: COLUMN dispecerpol.usermodify; Type: COMMENT; Schema: public; Owner: postgres
--

COMMENT ON COLUMN dispecerpol.usermodify IS 'Uživatel, který poslední modifikoval záznam.';


--
-- TOC entry 200 (class 1259 OID 24725)
-- Name: email; Type: TABLE; Schema: public; Owner: postgres
--

CREATE TABLE email (
    id uuid NOT NULL,
    idakt uuid,
    idcest uuid,
    idrez uuid,
    iducast uuid,
    idoso uuid,
    smer integer DEFAULT 0 NOT NULL,
    email text,
    predmet text,
    popis _popis,
    platiod _platiod,
    platido _platido,
    timeinsert _timeinsert,
    timemodify _timemodify,
    usermodify _uzivatel
);


ALTER TABLE email OWNER TO postgres;

--
-- TOC entry 3070 (class 0 OID 0)
-- Dependencies: 200
-- Name: TABLE email; Type: COMMENT; Schema: public; Owner: postgres
--

COMMENT ON TABLE email IS 'Email - tabulka obsahuje emailovou komunikaci mezi aplikací a uživateli';


--
-- TOC entry 3071 (class 0 OID 0)
-- Dependencies: 200
-- Name: COLUMN email.id; Type: COMMENT; Schema: public; Owner: postgres
--

COMMENT ON COLUMN email.id IS 'Identifikátor';


--
-- TOC entry 3072 (class 0 OID 0)
-- Dependencies: 200
-- Name: COLUMN email.idakt; Type: COMMENT; Schema: public; Owner: postgres
--

COMMENT ON COLUMN email.idakt IS 'ID na tabulku aktivity - cizi klic';


--
-- TOC entry 3073 (class 0 OID 0)
-- Dependencies: 200
-- Name: COLUMN email.idcest; Type: COMMENT; Schema: public; Owner: postgres
--

COMMENT ON COLUMN email.idcest IS 'ID na tabulku cesty - cizi klic';


--
-- TOC entry 3074 (class 0 OID 0)
-- Dependencies: 200
-- Name: COLUMN email.idrez; Type: COMMENT; Schema: public; Owner: postgres
--

COMMENT ON COLUMN email.idrez IS 'ID na tabulku rezervaci - cizi klic';


--
-- TOC entry 3075 (class 0 OID 0)
-- Dependencies: 200
-- Name: COLUMN email.iducast; Type: COMMENT; Schema: public; Owner: postgres
--

COMMENT ON COLUMN email.iducast IS 'ID na tabulku ucastniku - cizi klic';


--
-- TOC entry 3076 (class 0 OID 0)
-- Dependencies: 200
-- Name: COLUMN email.idoso; Type: COMMENT; Schema: public; Owner: postgres
--

COMMENT ON COLUMN email.idoso IS 'ID na tabulku osob - cizi klic';


--
-- TOC entry 3077 (class 0 OID 0)
-- Dependencies: 200
-- Name: COLUMN email.smer; Type: COMMENT; Schema: public; Owner: postgres
--

COMMENT ON COLUMN email.smer IS '0=odchozí email, 1=příchozí email';


--
-- TOC entry 3078 (class 0 OID 0)
-- Dependencies: 200
-- Name: COLUMN email.email; Type: COMMENT; Schema: public; Owner: postgres
--

COMMENT ON COLUMN email.email IS 'Email odesilatele nebo příjemce';


--
-- TOC entry 3079 (class 0 OID 0)
-- Dependencies: 200
-- Name: COLUMN email.predmet; Type: COMMENT; Schema: public; Owner: postgres
--

COMMENT ON COLUMN email.predmet IS 'Předmět emailu';


--
-- TOC entry 3080 (class 0 OID 0)
-- Dependencies: 200
-- Name: COLUMN email.popis; Type: COMMENT; Schema: public; Owner: postgres
--

COMMENT ON COLUMN email.popis IS 'Popis log';


--
-- TOC entry 3081 (class 0 OID 0)
-- Dependencies: 200
-- Name: COLUMN email.platiod; Type: COMMENT; Schema: public; Owner: postgres
--

COMMENT ON COLUMN email.platiod IS 'Plati Od';


--
-- TOC entry 3082 (class 0 OID 0)
-- Dependencies: 200
-- Name: COLUMN email.platido; Type: COMMENT; Schema: public; Owner: postgres
--

COMMENT ON COLUMN email.platido IS 'Plati DO';


--
-- TOC entry 3083 (class 0 OID 0)
-- Dependencies: 200
-- Name: COLUMN email.timeinsert; Type: COMMENT; Schema: public; Owner: postgres
--

COMMENT ON COLUMN email.timeinsert IS 'Cas vlozeni zaznamu';


--
-- TOC entry 3084 (class 0 OID 0)
-- Dependencies: 200
-- Name: COLUMN email.timemodify; Type: COMMENT; Schema: public; Owner: postgres
--

COMMENT ON COLUMN email.timemodify IS 'Cas posledni zmeny zaznamu';


--
-- TOC entry 3085 (class 0 OID 0)
-- Dependencies: 200
-- Name: COLUMN email.usermodify; Type: COMMENT; Schema: public; Owner: postgres
--

COMMENT ON COLUMN email.usermodify IS 'Uzivatel, ktery posledni modifikoval zaznam.';


--
-- TOC entry 201 (class 1259 OID 24732)
-- Name: log; Type: TABLE; Schema: public; Owner: postgres
--

CREATE TABLE log (
    id uuid NOT NULL,
    tblid uuid,
    tblname text,
    idakt uuid,
    idzdr uuid,
    idcest uuid,
    idrez uuid,
    iducast uuid,
    idoso uuid,
    popis _popis,
    platiod _platiod,
    platido _platido,
    timeinsert _timeinsert,
    timemodify _timemodify,
    usermodify _uzivatel
);


ALTER TABLE log OWNER TO postgres;

--
-- TOC entry 3086 (class 0 OID 0)
-- Dependencies: 201
-- Name: TABLE log; Type: COMMENT; Schema: public; Owner: postgres
--

COMMENT ON TABLE log IS 'Log - tabulka logujici aktivity nad ruznymi tabulkami';


--
-- TOC entry 3087 (class 0 OID 0)
-- Dependencies: 201
-- Name: COLUMN log.id; Type: COMMENT; Schema: public; Owner: postgres
--

COMMENT ON COLUMN log.id IS 'Identifikátor';


--
-- TOC entry 3088 (class 0 OID 0)
-- Dependencies: 201
-- Name: COLUMN log.tblid; Type: COMMENT; Schema: public; Owner: postgres
--

COMMENT ON COLUMN log.tblid IS 'Jedinečný identifikátory záznamu v tabulce';


--
-- TOC entry 3089 (class 0 OID 0)
-- Dependencies: 201
-- Name: COLUMN log.tblname; Type: COMMENT; Schema: public; Owner: postgres
--

COMMENT ON COLUMN log.tblname IS 'Název tabulky, do které patří identifikátor uuid';


--
-- TOC entry 3090 (class 0 OID 0)
-- Dependencies: 201
-- Name: COLUMN log.idakt; Type: COMMENT; Schema: public; Owner: postgres
--

COMMENT ON COLUMN log.idakt IS 'ID na tabulku aktivity - cizi klic';


--
-- TOC entry 3091 (class 0 OID 0)
-- Dependencies: 201
-- Name: COLUMN log.idzdr; Type: COMMENT; Schema: public; Owner: postgres
--

COMMENT ON COLUMN log.idzdr IS 'ID na tabulku zdroje - cizi klic';


--
-- TOC entry 3092 (class 0 OID 0)
-- Dependencies: 201
-- Name: COLUMN log.idcest; Type: COMMENT; Schema: public; Owner: postgres
--

COMMENT ON COLUMN log.idcest IS 'ID na tabulku cesty - cizi klic';


--
-- TOC entry 3093 (class 0 OID 0)
-- Dependencies: 201
-- Name: COLUMN log.idrez; Type: COMMENT; Schema: public; Owner: postgres
--

COMMENT ON COLUMN log.idrez IS 'ID na tabulku rezervaci - cizi klic';


--
-- TOC entry 3094 (class 0 OID 0)
-- Dependencies: 201
-- Name: COLUMN log.iducast; Type: COMMENT; Schema: public; Owner: postgres
--

COMMENT ON COLUMN log.iducast IS 'ID na tabulku ucastniku - cizi klic';


--
-- TOC entry 3095 (class 0 OID 0)
-- Dependencies: 201
-- Name: COLUMN log.idoso; Type: COMMENT; Schema: public; Owner: postgres
--

COMMENT ON COLUMN log.idoso IS 'ID na tabulku osob - cizi klic';


--
-- TOC entry 3096 (class 0 OID 0)
-- Dependencies: 201
-- Name: COLUMN log.popis; Type: COMMENT; Schema: public; Owner: postgres
--

COMMENT ON COLUMN log.popis IS 'Popis log';


--
-- TOC entry 3097 (class 0 OID 0)
-- Dependencies: 201
-- Name: COLUMN log.platiod; Type: COMMENT; Schema: public; Owner: postgres
--

COMMENT ON COLUMN log.platiod IS 'Plati Od';


--
-- TOC entry 3098 (class 0 OID 0)
-- Dependencies: 201
-- Name: COLUMN log.platido; Type: COMMENT; Schema: public; Owner: postgres
--

COMMENT ON COLUMN log.platido IS 'Plati DO';


--
-- TOC entry 3099 (class 0 OID 0)
-- Dependencies: 201
-- Name: COLUMN log.timeinsert; Type: COMMENT; Schema: public; Owner: postgres
--

COMMENT ON COLUMN log.timeinsert IS 'Cas vlozeni zaznamu';


--
-- TOC entry 3100 (class 0 OID 0)
-- Dependencies: 201
-- Name: COLUMN log.timemodify; Type: COMMENT; Schema: public; Owner: postgres
--

COMMENT ON COLUMN log.timemodify IS 'Cas posledni zmeny zaznamu';


--
-- TOC entry 3101 (class 0 OID 0)
-- Dependencies: 201
-- Name: COLUMN log.usermodify; Type: COMMENT; Schema: public; Owner: postgres
--

COMMENT ON COLUMN log.usermodify IS 'Uzivatel, ktery posledni modifikoval zaznam.';


--
-- TOC entry 202 (class 1259 OID 24738)
-- Name: osoba; Type: TABLE; Schema: public; Owner: postgres
--

CREATE TABLE osoba (
    id uuid NOT NULL,
    name text,
    password text,
    extid integer,
    komentar text,
    skupina text DEFAULT 'USER'::text NOT NULL,
    email text DEFAULT '@mukrnov.cz'::text,
    popis _popis,
    platiod _platiod,
    platido _platido,
    timeinsert _timeinsert,
    timemodify _timemodify,
    usermodify _uzivatel
);


ALTER TABLE osoba OWNER TO postgres;

--
-- TOC entry 3102 (class 0 OID 0)
-- Dependencies: 202
-- Name: TABLE osoba; Type: COMMENT; Schema: public; Owner: postgres
--

COMMENT ON TABLE osoba IS 'Seznam osob
- jméno a heslo bude použito pro autorizaci';


--
-- TOC entry 3103 (class 0 OID 0)
-- Dependencies: 202
-- Name: COLUMN osoba.id; Type: COMMENT; Schema: public; Owner: postgres
--

COMMENT ON COLUMN osoba.id IS 'Identifikátor';


--
-- TOC entry 3104 (class 0 OID 0)
-- Dependencies: 202
-- Name: COLUMN osoba.name; Type: COMMENT; Schema: public; Owner: postgres
--

COMMENT ON COLUMN osoba.name IS 'Jméno osoby - uživatele';


--
-- TOC entry 3105 (class 0 OID 0)
-- Dependencies: 202
-- Name: COLUMN osoba.password; Type: COMMENT; Schema: public; Owner: postgres
--

COMMENT ON COLUMN osoba.password IS 'Heslo osoby-uživatele uloženo v SHA-256';


--
-- TOC entry 3106 (class 0 OID 0)
-- Dependencies: 202
-- Name: COLUMN osoba.extid; Type: COMMENT; Schema: public; Owner: postgres
--

COMMENT ON COLUMN osoba.extid IS 'ID na externí tabulku s uživatelskými daty';


--
-- TOC entry 3107 (class 0 OID 0)
-- Dependencies: 202
-- Name: COLUMN osoba.komentar; Type: COMMENT; Schema: public; Owner: postgres
--

COMMENT ON COLUMN osoba.komentar IS 'Komentar k volnemu pouziti';


--
-- TOC entry 3108 (class 0 OID 0)
-- Dependencies: 202
-- Name: COLUMN osoba.skupina; Type: COMMENT; Schema: public; Owner: postgres
--

COMMENT ON COLUMN osoba.skupina IS 'Skupina oprávnění pro JdbcRealmAktivity';


--
-- TOC entry 3109 (class 0 OID 0)
-- Dependencies: 202
-- Name: COLUMN osoba.email; Type: COMMENT; Schema: public; Owner: postgres
--

COMMENT ON COLUMN osoba.email IS 'Emailova schranka osoby';


--
-- TOC entry 3110 (class 0 OID 0)
-- Dependencies: 202
-- Name: COLUMN osoba.popis; Type: COMMENT; Schema: public; Owner: postgres
--

COMMENT ON COLUMN osoba.popis IS 'Prijmeni, jmeno, titul';


--
-- TOC entry 3111 (class 0 OID 0)
-- Dependencies: 202
-- Name: COLUMN osoba.platiod; Type: COMMENT; Schema: public; Owner: postgres
--

COMMENT ON COLUMN osoba.platiod IS 'Plati Od';


--
-- TOC entry 3112 (class 0 OID 0)
-- Dependencies: 202
-- Name: COLUMN osoba.platido; Type: COMMENT; Schema: public; Owner: postgres
--

COMMENT ON COLUMN osoba.platido IS 'Plati DO';


--
-- TOC entry 3113 (class 0 OID 0)
-- Dependencies: 202
-- Name: COLUMN osoba.timeinsert; Type: COMMENT; Schema: public; Owner: postgres
--

COMMENT ON COLUMN osoba.timeinsert IS 'Cas vlozeni zaznamu';


--
-- TOC entry 3114 (class 0 OID 0)
-- Dependencies: 202
-- Name: COLUMN osoba.timemodify; Type: COMMENT; Schema: public; Owner: postgres
--

COMMENT ON COLUMN osoba.timemodify IS 'Cas posledni zmeny zaznamu';


--
-- TOC entry 3115 (class 0 OID 0)
-- Dependencies: 202
-- Name: COLUMN osoba.usermodify; Type: COMMENT; Schema: public; Owner: postgres
--

COMMENT ON COLUMN osoba.usermodify IS 'Uzivatel, ktery posledni modifikoval zaznam.';


--
-- TOC entry 203 (class 1259 OID 24746)
-- Name: rezervace; Type: TABLE; Schema: public; Owner: postgres
--

CREATE TABLE rezervace (
    id uuid NOT NULL,
    idakt uuid,
    idcest uuid,
    idzdr uuid NOT NULL,
    komentar text,
    popis _popis,
    platiod _platiod,
    platido _platido,
    timeinsert _timeinsert,
    timemodify _timemodify,
    usermodify _uzivatel
);


ALTER TABLE rezervace OWNER TO postgres;

--
-- TOC entry 3116 (class 0 OID 0)
-- Dependencies: 203
-- Name: TABLE rezervace; Type: COMMENT; Schema: public; Owner: postgres
--

COMMENT ON TABLE rezervace IS 'Rezervace - tabulka rezervaci';


--
-- TOC entry 3117 (class 0 OID 0)
-- Dependencies: 203
-- Name: COLUMN rezervace.id; Type: COMMENT; Schema: public; Owner: postgres
--

COMMENT ON COLUMN rezervace.id IS 'Identifikátor';


--
-- TOC entry 3118 (class 0 OID 0)
-- Dependencies: 203
-- Name: COLUMN rezervace.idakt; Type: COMMENT; Schema: public; Owner: postgres
--

COMMENT ON COLUMN rezervace.idakt IS 'Identifikátor aktivity - cizi klic (muze byt i NULL=bez aktivity)';


--
-- TOC entry 3119 (class 0 OID 0)
-- Dependencies: 203
-- Name: COLUMN rezervace.idcest; Type: COMMENT; Schema: public; Owner: postgres
--

COMMENT ON COLUMN rezervace.idcest IS 'Identifikátor cesty - cizi klic (muze byt i NULL=bez cesty)';


--
-- TOC entry 3120 (class 0 OID 0)
-- Dependencies: 203
-- Name: COLUMN rezervace.idzdr; Type: COMMENT; Schema: public; Owner: postgres
--

COMMENT ON COLUMN rezervace.idzdr IS 'Identifikátor rezervovaneho zdroje - cizi klic ';


--
-- TOC entry 3121 (class 0 OID 0)
-- Dependencies: 203
-- Name: COLUMN rezervace.komentar; Type: COMMENT; Schema: public; Owner: postgres
--

COMMENT ON COLUMN rezervace.komentar IS 'Komentar k volnemu pouziti';


--
-- TOC entry 3122 (class 0 OID 0)
-- Dependencies: 203
-- Name: COLUMN rezervace.popis; Type: COMMENT; Schema: public; Owner: postgres
--

COMMENT ON COLUMN rezervace.popis IS 'Popis rezervace';


--
-- TOC entry 3123 (class 0 OID 0)
-- Dependencies: 203
-- Name: COLUMN rezervace.platiod; Type: COMMENT; Schema: public; Owner: postgres
--

COMMENT ON COLUMN rezervace.platiod IS 'Plati Od';


--
-- TOC entry 3124 (class 0 OID 0)
-- Dependencies: 203
-- Name: COLUMN rezervace.platido; Type: COMMENT; Schema: public; Owner: postgres
--

COMMENT ON COLUMN rezervace.platido IS 'Plati DO';


--
-- TOC entry 3125 (class 0 OID 0)
-- Dependencies: 203
-- Name: COLUMN rezervace.timeinsert; Type: COMMENT; Schema: public; Owner: postgres
--

COMMENT ON COLUMN rezervace.timeinsert IS 'Cas vlozeni zaznamu';


--
-- TOC entry 3126 (class 0 OID 0)
-- Dependencies: 203
-- Name: COLUMN rezervace.timemodify; Type: COMMENT; Schema: public; Owner: postgres
--

COMMENT ON COLUMN rezervace.timemodify IS 'Cas posledni zmeny zaznamu';


--
-- TOC entry 3127 (class 0 OID 0)
-- Dependencies: 203
-- Name: COLUMN rezervace.usermodify; Type: COMMENT; Schema: public; Owner: postgres
--

COMMENT ON COLUMN rezervace.usermodify IS 'Uzivatel, ktery posledni modifikoval zaznam.';


--
-- TOC entry 204 (class 1259 OID 24752)
-- Name: schvaleni; Type: TABLE; Schema: public; Owner: postgres
--

CREATE TABLE schvaleni (
    id uuid NOT NULL,
    idoso uuid NOT NULL,
    idcest uuid,
    iducast uuid,
    idrez uuid,
    stav integer DEFAULT 0,
    komentar text,
    popis _popis,
    platiod _platiod,
    platido _platido,
    timeinsert _timeinsert,
    timemodify _timemodify,
    usermodify _uzivatel,
    uroven integer DEFAULT 0 NOT NULL
);


ALTER TABLE schvaleni OWNER TO postgres;

--
-- TOC entry 3128 (class 0 OID 0)
-- Dependencies: 204
-- Name: TABLE schvaleni; Type: COMMENT; Schema: public; Owner: postgres
--

COMMENT ON TABLE schvaleni IS 'Tabulka schvalovatelu cesty, uživatelů a rezervací';


--
-- TOC entry 3129 (class 0 OID 0)
-- Dependencies: 204
-- Name: COLUMN schvaleni.id; Type: COMMENT; Schema: public; Owner: postgres
--

COMMENT ON COLUMN schvaleni.id IS 'Identifikátor';


--
-- TOC entry 3130 (class 0 OID 0)
-- Dependencies: 204
-- Name: COLUMN schvaleni.idoso; Type: COMMENT; Schema: public; Owner: postgres
--

COMMENT ON COLUMN schvaleni.idoso IS 'ID osoby schvalovatele z tabulky osoby';


--
-- TOC entry 3131 (class 0 OID 0)
-- Dependencies: 204
-- Name: COLUMN schvaleni.idcest; Type: COMMENT; Schema: public; Owner: postgres
--

COMMENT ON COLUMN schvaleni.idcest IS 'ID cesty, kterou schvalovatel schvaluje';


--
-- TOC entry 3132 (class 0 OID 0)
-- Dependencies: 204
-- Name: COLUMN schvaleni.iducast; Type: COMMENT; Schema: public; Owner: postgres
--

COMMENT ON COLUMN schvaleni.iducast IS 'ID - odkaz na tabulku účastníků cesty';


--
-- TOC entry 3133 (class 0 OID 0)
-- Dependencies: 204
-- Name: COLUMN schvaleni.idrez; Type: COMMENT; Schema: public; Owner: postgres
--

COMMENT ON COLUMN schvaleni.idrez IS 'ID - odkaz na tabulku rezervaci';


--
-- TOC entry 3134 (class 0 OID 0)
-- Dependencies: 204
-- Name: COLUMN schvaleni.stav; Type: COMMENT; Schema: public; Owner: postgres
--

COMMENT ON COLUMN schvaleni.stav IS '0=nezpracováno
1=schváleno
2=zamítnuto';


--
-- TOC entry 3135 (class 0 OID 0)
-- Dependencies: 204
-- Name: COLUMN schvaleni.komentar; Type: COMMENT; Schema: public; Owner: postgres
--

COMMENT ON COLUMN schvaleni.komentar IS 'Komentar k volnemu pouziti';


--
-- TOC entry 3136 (class 0 OID 0)
-- Dependencies: 204
-- Name: COLUMN schvaleni.popis; Type: COMMENT; Schema: public; Owner: postgres
--

COMMENT ON COLUMN schvaleni.popis IS 'Popis zdroje';


--
-- TOC entry 3137 (class 0 OID 0)
-- Dependencies: 204
-- Name: COLUMN schvaleni.platiod; Type: COMMENT; Schema: public; Owner: postgres
--

COMMENT ON COLUMN schvaleni.platiod IS 'Plati Od';


--
-- TOC entry 3138 (class 0 OID 0)
-- Dependencies: 204
-- Name: COLUMN schvaleni.platido; Type: COMMENT; Schema: public; Owner: postgres
--

COMMENT ON COLUMN schvaleni.platido IS 'Plati DO';


--
-- TOC entry 3139 (class 0 OID 0)
-- Dependencies: 204
-- Name: COLUMN schvaleni.timeinsert; Type: COMMENT; Schema: public; Owner: postgres
--

COMMENT ON COLUMN schvaleni.timeinsert IS 'Cas vlozeni zaznamu';


--
-- TOC entry 3140 (class 0 OID 0)
-- Dependencies: 204
-- Name: COLUMN schvaleni.timemodify; Type: COMMENT; Schema: public; Owner: postgres
--

COMMENT ON COLUMN schvaleni.timemodify IS 'Cas posledni zmeny zaznamu';


--
-- TOC entry 3141 (class 0 OID 0)
-- Dependencies: 204
-- Name: COLUMN schvaleni.usermodify; Type: COMMENT; Schema: public; Owner: postgres
--

COMMENT ON COLUMN schvaleni.usermodify IS 'Uzivatel, ktery posledni modifikoval zaznam.';


--
-- TOC entry 3142 (class 0 OID 0)
-- Dependencies: 204
-- Name: COLUMN schvaleni.uroven; Type: COMMENT; Schema: public; Owner: postgres
--

COMMENT ON COLUMN schvaleni.uroven IS 'Uroven schvaleni
0=žádná
1=zástupce
2=vedoucí';


--
-- TOC entry 205 (class 1259 OID 24759)
-- Name: skupina; Type: TABLE; Schema: public; Owner: postgres
--

CREATE TABLE skupina (
    id uuid NOT NULL,
    name text,
    skupina text,
    popis _popis,
    platiod _platiod,
    platido _platido,
    timeinsert _timeinsert,
    timemodify _timemodify,
    usermodify _uzivatel
);


ALTER TABLE skupina OWNER TO postgres;

--
-- TOC entry 3143 (class 0 OID 0)
-- Dependencies: 205
-- Name: TABLE skupina; Type: COMMENT; Schema: public; Owner: postgres
--

COMMENT ON TABLE skupina IS 'Seznam skupin oprávnění pro JdbcRealmAktivity';


--
-- TOC entry 3144 (class 0 OID 0)
-- Dependencies: 205
-- Name: COLUMN skupina.id; Type: COMMENT; Schema: public; Owner: postgres
--

COMMENT ON COLUMN skupina.id IS 'Identifikátor';


--
-- TOC entry 3145 (class 0 OID 0)
-- Dependencies: 205
-- Name: COLUMN skupina.name; Type: COMMENT; Schema: public; Owner: postgres
--

COMMENT ON COLUMN skupina.name IS 'Jméno osoby - uživatele';


--
-- TOC entry 3146 (class 0 OID 0)
-- Dependencies: 205
-- Name: COLUMN skupina.skupina; Type: COMMENT; Schema: public; Owner: postgres
--

COMMENT ON COLUMN skupina.skupina IS 'Skupina oprávnění pro JdbcRealmAktivity';


--
-- TOC entry 3147 (class 0 OID 0)
-- Dependencies: 205
-- Name: COLUMN skupina.popis; Type: COMMENT; Schema: public; Owner: postgres
--

COMMENT ON COLUMN skupina.popis IS 'Popis skupiny';


--
-- TOC entry 3148 (class 0 OID 0)
-- Dependencies: 205
-- Name: COLUMN skupina.platiod; Type: COMMENT; Schema: public; Owner: postgres
--

COMMENT ON COLUMN skupina.platiod IS 'Plati Od';


--
-- TOC entry 3149 (class 0 OID 0)
-- Dependencies: 205
-- Name: COLUMN skupina.platido; Type: COMMENT; Schema: public; Owner: postgres
--

COMMENT ON COLUMN skupina.platido IS 'Plati DO';


--
-- TOC entry 3150 (class 0 OID 0)
-- Dependencies: 205
-- Name: COLUMN skupina.timeinsert; Type: COMMENT; Schema: public; Owner: postgres
--

COMMENT ON COLUMN skupina.timeinsert IS 'Cas vlozeni zaznamu';


--
-- TOC entry 3151 (class 0 OID 0)
-- Dependencies: 205
-- Name: COLUMN skupina.timemodify; Type: COMMENT; Schema: public; Owner: postgres
--

COMMENT ON COLUMN skupina.timemodify IS 'Cas posledni zmeny zaznamu';


--
-- TOC entry 3152 (class 0 OID 0)
-- Dependencies: 205
-- Name: COLUMN skupina.usermodify; Type: COMMENT; Schema: public; Owner: postgres
--

COMMENT ON COLUMN skupina.usermodify IS 'Uzivatel, ktery posledni modifikoval zaznam.';


--
-- TOC entry 206 (class 1259 OID 24765)
-- Name: typaktivity; Type: TABLE; Schema: public; Owner: postgres
--

CREATE TABLE typaktivity (
    id uuid NOT NULL,
    typakt integer,
    popis _popis,
    platiod _platiod,
    platido _platido,
    timeinsert _timeinsert,
    timemodify _timemodify,
    usermodify _uzivatel
);


ALTER TABLE typaktivity OWNER TO postgres;

--
-- TOC entry 3153 (class 0 OID 0)
-- Dependencies: 206
-- Name: TABLE typaktivity; Type: COMMENT; Schema: public; Owner: postgres
--

COMMENT ON TABLE typaktivity IS 'Číselník typů aktivity
0 - služební cesta
1 - pouze rezervace zdroje';


--
-- TOC entry 3154 (class 0 OID 0)
-- Dependencies: 206
-- Name: COLUMN typaktivity.id; Type: COMMENT; Schema: public; Owner: postgres
--

COMMENT ON COLUMN typaktivity.id IS 'ID typu aktivity';


--
-- TOC entry 3155 (class 0 OID 0)
-- Dependencies: 206
-- Name: COLUMN typaktivity.typakt; Type: COMMENT; Schema: public; Owner: postgres
--

COMMENT ON COLUMN typaktivity.typakt IS 'Typ aktivity';


--
-- TOC entry 3156 (class 0 OID 0)
-- Dependencies: 206
-- Name: COLUMN typaktivity.popis; Type: COMMENT; Schema: public; Owner: postgres
--

COMMENT ON COLUMN typaktivity.popis IS 'Popis typu aktivity';


--
-- TOC entry 3157 (class 0 OID 0)
-- Dependencies: 206
-- Name: COLUMN typaktivity.platiod; Type: COMMENT; Schema: public; Owner: postgres
--

COMMENT ON COLUMN typaktivity.platiod IS 'Plati Od';


--
-- TOC entry 3158 (class 0 OID 0)
-- Dependencies: 206
-- Name: COLUMN typaktivity.platido; Type: COMMENT; Schema: public; Owner: postgres
--

COMMENT ON COLUMN typaktivity.platido IS 'Plati DO';


--
-- TOC entry 3159 (class 0 OID 0)
-- Dependencies: 206
-- Name: COLUMN typaktivity.timeinsert; Type: COMMENT; Schema: public; Owner: postgres
--

COMMENT ON COLUMN typaktivity.timeinsert IS 'Cas vlozeni zaznamu';


--
-- TOC entry 3160 (class 0 OID 0)
-- Dependencies: 206
-- Name: COLUMN typaktivity.timemodify; Type: COMMENT; Schema: public; Owner: postgres
--

COMMENT ON COLUMN typaktivity.timemodify IS 'Cas posledni zmeny zaznamu';


--
-- TOC entry 3161 (class 0 OID 0)
-- Dependencies: 206
-- Name: COLUMN typaktivity.usermodify; Type: COMMENT; Schema: public; Owner: postgres
--

COMMENT ON COLUMN typaktivity.usermodify IS 'Uzivatel, ktery posledni modifikoval zaznam.';


--
-- TOC entry 207 (class 1259 OID 24771)
-- Name: typschv; Type: TABLE; Schema: public; Owner: postgres
--

CREATE TABLE typschv (
    id uuid NOT NULL,
    typschv text DEFAULT ' '::text NOT NULL,
    popis _popis,
    platiod _platiod,
    platido _platido,
    timeinsert _timeinsert,
    timemodify _timemodify,
    usermodify _uzivatel
);


ALTER TABLE typschv OWNER TO postgres;

--
-- TOC entry 3162 (class 0 OID 0)
-- Dependencies: 207
-- Name: TABLE typschv; Type: COMMENT; Schema: public; Owner: postgres
--

COMMENT ON TABLE typschv IS 'Číselník typů schvalovani
A - administrator
T - tajemnik
VO - vedouci odboru 
Vodd - vedouci odboru
Z - zastupce
D - dispecer';


--
-- TOC entry 3163 (class 0 OID 0)
-- Dependencies: 207
-- Name: COLUMN typschv.id; Type: COMMENT; Schema: public; Owner: postgres
--

COMMENT ON COLUMN typschv.id IS 'ID typu schvalovani';


--
-- TOC entry 3164 (class 0 OID 0)
-- Dependencies: 207
-- Name: COLUMN typschv.typschv; Type: COMMENT; Schema: public; Owner: postgres
--

COMMENT ON COLUMN typschv.typschv IS 'Číselník typů schvalovani
A - administrator
T - tajemnik
VO - vedouci odboru 
Vodd - vedouci odboru
Z - zastupce
D - dispecer';


--
-- TOC entry 3165 (class 0 OID 0)
-- Dependencies: 207
-- Name: COLUMN typschv.popis; Type: COMMENT; Schema: public; Owner: postgres
--

COMMENT ON COLUMN typschv.popis IS 'Popis typu schvalovani';


--
-- TOC entry 3166 (class 0 OID 0)
-- Dependencies: 207
-- Name: COLUMN typschv.platiod; Type: COMMENT; Schema: public; Owner: postgres
--

COMMENT ON COLUMN typschv.platiod IS 'Plati Od';


--
-- TOC entry 3167 (class 0 OID 0)
-- Dependencies: 207
-- Name: COLUMN typschv.platido; Type: COMMENT; Schema: public; Owner: postgres
--

COMMENT ON COLUMN typschv.platido IS 'Plati DO';


--
-- TOC entry 3168 (class 0 OID 0)
-- Dependencies: 207
-- Name: COLUMN typschv.timeinsert; Type: COMMENT; Schema: public; Owner: postgres
--

COMMENT ON COLUMN typschv.timeinsert IS 'Cas vlozeni zaznamu';


--
-- TOC entry 3169 (class 0 OID 0)
-- Dependencies: 207
-- Name: COLUMN typschv.timemodify; Type: COMMENT; Schema: public; Owner: postgres
--

COMMENT ON COLUMN typschv.timemodify IS 'Cas posledni zmeny zaznamu';


--
-- TOC entry 3170 (class 0 OID 0)
-- Dependencies: 207
-- Name: COLUMN typschv.usermodify; Type: COMMENT; Schema: public; Owner: postgres
--

COMMENT ON COLUMN typschv.usermodify IS 'Uzivatel, ktery posledni modifikoval zaznam.';


--
-- TOC entry 208 (class 1259 OID 24778)
-- Name: typucast; Type: TABLE; Schema: public; Owner: postgres
--

CREATE TABLE typucast (
    id uuid NOT NULL,
    typucast integer,
    popis _popis,
    platiod _platiod,
    platido _platido,
    timeinsert _timeinsert,
    timemodify _timemodify,
    usermodify _uzivatel
);


ALTER TABLE typucast OWNER TO postgres;

--
-- TOC entry 3171 (class 0 OID 0)
-- Dependencies: 208
-- Name: TABLE typucast; Type: COMMENT; Schema: public; Owner: postgres
--

COMMENT ON TABLE typucast IS 'Číselník typů ucatniku
0 - ridic 1 - spolujezdec 2-organizator 3-ucatnik';


--
-- TOC entry 3172 (class 0 OID 0)
-- Dependencies: 208
-- Name: COLUMN typucast.id; Type: COMMENT; Schema: public; Owner: postgres
--

COMMENT ON COLUMN typucast.id IS 'ID typu ucatnika';


--
-- TOC entry 3173 (class 0 OID 0)
-- Dependencies: 208
-- Name: COLUMN typucast.typucast; Type: COMMENT; Schema: public; Owner: postgres
--

COMMENT ON COLUMN typucast.typucast IS 'Typ ucatnika 0 - ridic 1 - spolujezdec 2-organizator 3-ucatnik ';


--
-- TOC entry 3174 (class 0 OID 0)
-- Dependencies: 208
-- Name: COLUMN typucast.popis; Type: COMMENT; Schema: public; Owner: postgres
--

COMMENT ON COLUMN typucast.popis IS 'Popis typu ucatnika';


--
-- TOC entry 3175 (class 0 OID 0)
-- Dependencies: 208
-- Name: COLUMN typucast.platiod; Type: COMMENT; Schema: public; Owner: postgres
--

COMMENT ON COLUMN typucast.platiod IS 'Plati Od';


--
-- TOC entry 3176 (class 0 OID 0)
-- Dependencies: 208
-- Name: COLUMN typucast.platido; Type: COMMENT; Schema: public; Owner: postgres
--

COMMENT ON COLUMN typucast.platido IS 'Plati DO';


--
-- TOC entry 3177 (class 0 OID 0)
-- Dependencies: 208
-- Name: COLUMN typucast.timeinsert; Type: COMMENT; Schema: public; Owner: postgres
--

COMMENT ON COLUMN typucast.timeinsert IS 'Cas vlozeni zaznamu';


--
-- TOC entry 3178 (class 0 OID 0)
-- Dependencies: 208
-- Name: COLUMN typucast.timemodify; Type: COMMENT; Schema: public; Owner: postgres
--

COMMENT ON COLUMN typucast.timemodify IS 'Cas posledni zmeny zaznamu';


--
-- TOC entry 3179 (class 0 OID 0)
-- Dependencies: 208
-- Name: COLUMN typucast.usermodify; Type: COMMENT; Schema: public; Owner: postgres
--

COMMENT ON COLUMN typucast.usermodify IS 'Uzivatel, ktery posledni modifikoval zaznam.';


--
-- TOC entry 209 (class 1259 OID 24784)
-- Name: typzdroje; Type: TABLE; Schema: public; Owner: postgres
--

CREATE TABLE typzdroje (
    id uuid NOT NULL,
    typzdr integer,
    cesta integer,
    rezervace integer,
    osoba integer,
    popis _popis,
    platiod _platiod,
    platido _platido,
    timeinsert _timeinsert,
    timemodify _timemodify,
    usermodify _uzivatel
);


ALTER TABLE typzdroje OWNER TO postgres;

--
-- TOC entry 3180 (class 0 OID 0)
-- Dependencies: 209
-- Name: TABLE typzdroje; Type: COMMENT; Schema: public; Owner: postgres
--

COMMENT ON TABLE typzdroje IS 'Číselník typů zdrojů
0 - vozidla
1 - místnosti
2 - dopravní prostředky jiné
3 - výpočetní technika 
4 - ostatní';


--
-- TOC entry 3181 (class 0 OID 0)
-- Dependencies: 209
-- Name: COLUMN typzdroje.id; Type: COMMENT; Schema: public; Owner: postgres
--

COMMENT ON COLUMN typzdroje.id IS 'ID typu zdroje';


--
-- TOC entry 3182 (class 0 OID 0)
-- Dependencies: 209
-- Name: COLUMN typzdroje.typzdr; Type: COMMENT; Schema: public; Owner: postgres
--

COMMENT ON COLUMN typzdroje.typzdr IS 'Typ zdroje';


--
-- TOC entry 3183 (class 0 OID 0)
-- Dependencies: 209
-- Name: COLUMN typzdroje.cesta; Type: COMMENT; Schema: public; Owner: postgres
--

COMMENT ON COLUMN typzdroje.cesta IS 'Zdroj je mozne pouzit na cestu 0/1 (pesky, kolo, vlak, autobus, auto)';


--
-- TOC entry 3184 (class 0 OID 0)
-- Dependencies: 209
-- Name: COLUMN typzdroje.rezervace; Type: COMMENT; Schema: public; Owner: postgres
--

COMMENT ON COLUMN typzdroje.rezervace IS 'Zdroj je mozne rezervovat 0/1';


--
-- TOC entry 3185 (class 0 OID 0)
-- Dependencies: 209
-- Name: COLUMN typzdroje.osoba; Type: COMMENT; Schema: public; Owner: postgres
--

COMMENT ON COLUMN typzdroje.osoba IS 'Zdroj je osoba 0/1 - hodnota se vyuziva u dispeceru, co se ma nabidnout';


--
-- TOC entry 3186 (class 0 OID 0)
-- Dependencies: 209
-- Name: COLUMN typzdroje.popis; Type: COMMENT; Schema: public; Owner: postgres
--

COMMENT ON COLUMN typzdroje.popis IS 'Popis typu zdroje';


--
-- TOC entry 3187 (class 0 OID 0)
-- Dependencies: 209
-- Name: COLUMN typzdroje.platiod; Type: COMMENT; Schema: public; Owner: postgres
--

COMMENT ON COLUMN typzdroje.platiod IS 'Plati Od';


--
-- TOC entry 3188 (class 0 OID 0)
-- Dependencies: 209
-- Name: COLUMN typzdroje.platido; Type: COMMENT; Schema: public; Owner: postgres
--

COMMENT ON COLUMN typzdroje.platido IS 'Plati DO';


--
-- TOC entry 3189 (class 0 OID 0)
-- Dependencies: 209
-- Name: COLUMN typzdroje.timeinsert; Type: COMMENT; Schema: public; Owner: postgres
--

COMMENT ON COLUMN typzdroje.timeinsert IS 'Cas vlozeni zaznamu';


--
-- TOC entry 3190 (class 0 OID 0)
-- Dependencies: 209
-- Name: COLUMN typzdroje.timemodify; Type: COMMENT; Schema: public; Owner: postgres
--

COMMENT ON COLUMN typzdroje.timemodify IS 'Cas posledni zmeny zaznamu';


--
-- TOC entry 3191 (class 0 OID 0)
-- Dependencies: 209
-- Name: COLUMN typzdroje.usermodify; Type: COMMENT; Schema: public; Owner: postgres
--

COMMENT ON COLUMN typzdroje.usermodify IS 'Uzivatel, ktery posledni modifikoval zaznam.';


--
-- TOC entry 210 (class 1259 OID 24790)
-- Name: ucastnik; Type: TABLE; Schema: public; Owner: postgres
--

CREATE TABLE ucastnik (
    id uuid NOT NULL,
    idoso uuid NOT NULL,
    idtypucast uuid,
    idcest uuid,
    popis _popis,
    platiod _platiod,
    platido _platido,
    timeinsert _timeinsert,
    timemodify _timemodify,
    usermodify _uzivatel
);


ALTER TABLE ucastnik OWNER TO postgres;

--
-- TOC entry 3192 (class 0 OID 0)
-- Dependencies: 210
-- Name: TABLE ucastnik; Type: COMMENT; Schema: public; Owner: postgres
--

COMMENT ON TABLE ucastnik IS 'ucastnik - tabulka ucastniku';


--
-- TOC entry 3193 (class 0 OID 0)
-- Dependencies: 210
-- Name: COLUMN ucastnik.id; Type: COMMENT; Schema: public; Owner: postgres
--

COMMENT ON COLUMN ucastnik.id IS 'Identifikátor';


--
-- TOC entry 3194 (class 0 OID 0)
-- Dependencies: 210
-- Name: COLUMN ucastnik.idoso; Type: COMMENT; Schema: public; Owner: postgres
--

COMMENT ON COLUMN ucastnik.idoso IS 'Identifikátor osoby - cizi klic';


--
-- TOC entry 3195 (class 0 OID 0)
-- Dependencies: 210
-- Name: COLUMN ucastnik.idtypucast; Type: COMMENT; Schema: public; Owner: postgres
--

COMMENT ON COLUMN ucastnik.idtypucast IS 'Odkaz na ciselnik typu ucatniku';


--
-- TOC entry 3196 (class 0 OID 0)
-- Dependencies: 210
-- Name: COLUMN ucastnik.idcest; Type: COMMENT; Schema: public; Owner: postgres
--

COMMENT ON COLUMN ucastnik.idcest IS 'Odkaz na cestu';


--
-- TOC entry 3197 (class 0 OID 0)
-- Dependencies: 210
-- Name: COLUMN ucastnik.popis; Type: COMMENT; Schema: public; Owner: postgres
--

COMMENT ON COLUMN ucastnik.popis IS 'Popis cesty';


--
-- TOC entry 3198 (class 0 OID 0)
-- Dependencies: 210
-- Name: COLUMN ucastnik.platiod; Type: COMMENT; Schema: public; Owner: postgres
--

COMMENT ON COLUMN ucastnik.platiod IS 'Plati Od';


--
-- TOC entry 3199 (class 0 OID 0)
-- Dependencies: 210
-- Name: COLUMN ucastnik.platido; Type: COMMENT; Schema: public; Owner: postgres
--

COMMENT ON COLUMN ucastnik.platido IS 'Plati DO';


--
-- TOC entry 3200 (class 0 OID 0)
-- Dependencies: 210
-- Name: COLUMN ucastnik.timeinsert; Type: COMMENT; Schema: public; Owner: postgres
--

COMMENT ON COLUMN ucastnik.timeinsert IS 'Cas vlozeni zaznamu';


--
-- TOC entry 3201 (class 0 OID 0)
-- Dependencies: 210
-- Name: COLUMN ucastnik.timemodify; Type: COMMENT; Schema: public; Owner: postgres
--

COMMENT ON COLUMN ucastnik.timemodify IS 'Cas posledni zmeny zaznamu';


--
-- TOC entry 3202 (class 0 OID 0)
-- Dependencies: 210
-- Name: COLUMN ucastnik.usermodify; Type: COMMENT; Schema: public; Owner: postgres
--

COMMENT ON COLUMN ucastnik.usermodify IS 'Uzivatel, ktery posledni modifikoval zaznam.';


--
-- TOC entry 211 (class 1259 OID 24796)
-- Name: zdroj; Type: TABLE; Schema: public; Owner: postgres
--

CREATE TABLE zdroj (
    id uuid NOT NULL,
    idtypzdr uuid NOT NULL,
    idoso uuid NOT NULL,
    spz text,
    komentar text,
    kapacita integer,
    popis _popis,
    platiod _platiod,
    platido _platido,
    timeinsert _timeinsert,
    timemodify _timemodify,
    usermodify _uzivatel
);


ALTER TABLE zdroj OWNER TO postgres;

--
-- TOC entry 3203 (class 0 OID 0)
-- Dependencies: 211
-- Name: TABLE zdroj; Type: COMMENT; Schema: public; Owner: postgres
--

COMMENT ON TABLE zdroj IS 'Zdroj - tabulka zdroju, vozidla a ostatni';


--
-- TOC entry 3204 (class 0 OID 0)
-- Dependencies: 211
-- Name: COLUMN zdroj.id; Type: COMMENT; Schema: public; Owner: postgres
--

COMMENT ON COLUMN zdroj.id IS 'Identifikátor';


--
-- TOC entry 3205 (class 0 OID 0)
-- Dependencies: 211
-- Name: COLUMN zdroj.idtypzdr; Type: COMMENT; Schema: public; Owner: postgres
--

COMMENT ON COLUMN zdroj.idtypzdr IS 'Identifikátor typu zdroje - cizi klic';


--
-- TOC entry 3206 (class 0 OID 0)
-- Dependencies: 211
-- Name: COLUMN zdroj.idoso; Type: COMMENT; Schema: public; Owner: postgres
--

COMMENT ON COLUMN zdroj.idoso IS 'Identifikátor osoby, svazane s vozidlem - vetsinou podnikovy ridic';


--
-- TOC entry 3207 (class 0 OID 0)
-- Dependencies: 211
-- Name: COLUMN zdroj.spz; Type: COMMENT; Schema: public; Owner: postgres
--

COMMENT ON COLUMN zdroj.spz IS 'SPZ vozidla';


--
-- TOC entry 3208 (class 0 OID 0)
-- Dependencies: 211
-- Name: COLUMN zdroj.komentar; Type: COMMENT; Schema: public; Owner: postgres
--

COMMENT ON COLUMN zdroj.komentar IS 'Komentar k volnemu pouziti';


--
-- TOC entry 3209 (class 0 OID 0)
-- Dependencies: 211
-- Name: COLUMN zdroj.kapacita; Type: COMMENT; Schema: public; Owner: postgres
--

COMMENT ON COLUMN zdroj.kapacita IS 'Kapacita zdroje (pocet cestujicich, kapacita zasedacky, ap. )';


--
-- TOC entry 3210 (class 0 OID 0)
-- Dependencies: 211
-- Name: COLUMN zdroj.popis; Type: COMMENT; Schema: public; Owner: postgres
--

COMMENT ON COLUMN zdroj.popis IS 'Popis zdroje';


--
-- TOC entry 3211 (class 0 OID 0)
-- Dependencies: 211
-- Name: COLUMN zdroj.platiod; Type: COMMENT; Schema: public; Owner: postgres
--

COMMENT ON COLUMN zdroj.platiod IS 'Plati Od';


--
-- TOC entry 3212 (class 0 OID 0)
-- Dependencies: 211
-- Name: COLUMN zdroj.platido; Type: COMMENT; Schema: public; Owner: postgres
--

COMMENT ON COLUMN zdroj.platido IS 'Plati DO';


--
-- TOC entry 3213 (class 0 OID 0)
-- Dependencies: 211
-- Name: COLUMN zdroj.timeinsert; Type: COMMENT; Schema: public; Owner: postgres
--

COMMENT ON COLUMN zdroj.timeinsert IS 'Cas vlozeni zaznamu';


--
-- TOC entry 3214 (class 0 OID 0)
-- Dependencies: 211
-- Name: COLUMN zdroj.timemodify; Type: COMMENT; Schema: public; Owner: postgres
--

COMMENT ON COLUMN zdroj.timemodify IS 'Cas posledni zmeny zaznamu';


--
-- TOC entry 3215 (class 0 OID 0)
-- Dependencies: 211
-- Name: COLUMN zdroj.usermodify; Type: COMMENT; Schema: public; Owner: postgres
--

COMMENT ON COLUMN zdroj.usermodify IS 'Uzivatel, ktery posledni modifikoval zaznam.';


--
-- TOC entry 2993 (class 0 OID 24689)
-- Dependencies: 196
-- Data for Name: aktivity; Type: TABLE DATA; Schema: public; Owner: postgres
--

INSERT INTO aktivity (id, idtypakt, idoso, komentar, popis, platiod, platido, timeinsert, timemodify, usermodify) VALUES ('c2d29867-3d0b-d497-9191-18a9d8ee7830', NULL, NULL, NULL, 'Služební cesta', '2017-01-01 00:00:00', '2100-12-31 00:00:00', '2017-05-03 21:06:43.394', '2017-05-04 13:35:23.578', 'postgres');
INSERT INTO aktivity (id, idtypakt, idoso, komentar, popis, platiod, platido, timeinsert, timemodify, usermodify) VALUES ('c2d29867-3d0b-d497-9191-18a9d8ee7835', NULL, NULL, NULL, 'Seminář GDPR', '2017-01-01 00:00:00', '2099-02-01 00:00:00', '2017-05-04 13:42:33.016', '2017-05-04 14:19:23.356', 'postgres');


--
-- TOC entry 2994 (class 0 OID 24695)
-- Dependencies: 197
-- Data for Name: cesta; Type: TABLE DATA; Schema: public; Owner: postgres
--

INSERT INTO cesta (id, idtypzdr, idoso, komentar, zaloha, popis, platiod, platido, timeinsert, timemodify, usermodify) VALUES ('1399ebfc-87d2-4267-a7ef-0fd55f601e99', 'c2d29867-3d0b-d497-9191-18a9d8ee7800', '8b24fa34-03aa-4a82-bfeb-bb044d252be8', 'Praha', 100.00, 'Jednání na MV ČR', '2017-01-01 00:00:00', '2100-12-31 00:00:00', '2017-06-12 22:33:13.684', '2017-06-12 22:33:13.684', 'postgres');
INSERT INTO cesta (id, idtypzdr, idoso, komentar, zaloha, popis, platiod, platido, timeinsert, timemodify, usermodify) VALUES ('5816840e-fe8b-4ef7-83c5-8c6658083a70', '823ca1d8-60dd-4f59-99e7-76138e997cb9', '89627179-4a44-445f-8d36-e75c3fb5c91d', 'Veřejné zakázky IT', NULL, 'Brno', '2017-07-24 07:00:00', '2017-07-24 17:00:00', '2017-07-17 15:26:08.774', '2017-07-17 15:27:26.017', 'postgres');
INSERT INTO cesta (id, idtypzdr, idoso, komentar, zaloha, popis, platiod, platido, timeinsert, timemodify, usermodify) VALUES ('851d99ef-58b7-4921-87bf-32e7c9875823', '823ca1d8-60dd-4f59-99e7-76138e997cb9', '89627179-4a44-445f-8d36-e75c3fb5c91d', 'Test - Jičín', NULL, 'Jičín', '2017-07-18 07:00:00', '2017-07-18 17:00:00', '2017-07-17 16:30:24.191', '2017-07-17 16:30:58.146', 'postgres');
INSERT INTO cesta (id, idtypzdr, idoso, komentar, zaloha, popis, platiod, platido, timeinsert, timemodify, usermodify) VALUES ('a8bea246-d7c2-4ead-8609-65bdbe032e7d', '823ca1d8-60dd-4f59-99e7-76138e997cb9', '89627179-4a44-445f-8d36-e75c3fb5c91d', 'Školení GDPR', NULL, 'Brno', '2017-07-27 07:00:00', '2017-07-27 17:00:00', '2017-07-19 10:31:47.968', '2017-07-19 10:33:44.473', 'postgres');
INSERT INTO cesta (id, idtypzdr, idoso, komentar, zaloha, popis, platiod, platido, timeinsert, timemodify, usermodify) VALUES ('d00a95e6-81b3-4d12-8520-e8e7bd8edb49', '823ca1d8-60dd-4f59-99e7-76138e997cb9', '89627179-4a44-445f-8d36-e75c3fb5c91d', 'Euro víkend - návštěva hradu', NULL, 'Krakow', '2017-07-30 07:00:00', '2017-07-30 17:00:00', '2017-07-19 16:36:29.263', '2017-07-19 16:55:19.303', 'postgres');
INSERT INTO cesta (id, idtypzdr, idoso, komentar, zaloha, popis, platiod, platido, timeinsert, timemodify, usermodify) VALUES ('7ddd944a-c488-4932-aab3-d0ea0fab98e0', '823ca1d8-60dd-4f59-99e7-76138e997cb9', '89627179-4a44-445f-8d36-e75c3fb5c91d', 'Seminář Ekologie - nejsou klíče -   CCC', 15, 'Krnov -Hasičská zbrojnice -CCC', '2017-07-03 08:23:00', '2017-07-03 11:00:00', '2017-07-17 16:32:07.56', '2017-07-31 17:55:04.698', 'postgres');
INSERT INTO cesta (id, idtypzdr, idoso, komentar, zaloha, popis, platiod, platido, timeinsert, timemodify, usermodify) VALUES ('97d19489-5aee-447d-bef8-d429dcc5dd2d', '823ca1d8-60dd-4f59-99e7-76138e997cb9', '89627179-4a44-445f-8d36-e75c3fb5c91d', '1. Návštěvy
2. Školení', NULL, 'Jevany u Prahy', '2017-07-21 12:00:00', '2017-07-11 17:00:00', '2017-07-31 15:54:32.835', '2017-08-07 17:00:27.902', 'postgres');
INSERT INTO cesta (id, idtypzdr, idoso, komentar, zaloha, popis, platiod, platido, timeinsert, timemodify, usermodify) VALUES ('d2133c13-6df8-4e3b-994c-fd83782a3d2a', '823ca1d8-60dd-4f59-99e7-76138e997cb9', '89627179-4a44-445f-8d36-e75c3fb5c91d', 'Konzultace MV ČR', NULL, 'Praha', '2017-07-03 07:00:00', '2017-07-02 17:00:00', '2017-07-17 17:04:04.081', '2017-08-07 17:03:02.922', 'postgres');
INSERT INTO cesta (id, idtypzdr, idoso, komentar, zaloha, popis, platiod, platido, timeinsert, timemodify, usermodify) VALUES ('fea46dc4-b947-432f-a4bd-591e8c31c807', '823ca1d8-60dd-4f59-99e7-76138e997cb9', '89627179-4a44-445f-8d36-e75c3fb5c91d', 'Brno', NULL, 'Seminář QCM', '2017-08-07 07:01:00', '2017-06-07 17:00:00', '2017-06-28 22:41:48.736', '2017-08-07 17:28:16.02', 'postgres');
INSERT INTO cesta (id, idtypzdr, idoso, komentar, zaloha, popis, platiod, platido, timeinsert, timemodify, usermodify) VALUES ('7f19ef1f-f447-4faf-8e12-753c246a24f9', '823ca1d8-60dd-4f59-99e7-76138e997cb9', '89627179-4a44-445f-8d36-e75c3fb5c91d', 'Seminář IT
Oslava narozenin', 0, 'Plzeň', '2017-08-15 12:00:00', '2017-08-15 17:00:00', '2017-08-07 17:29:08.512', '2017-08-07 17:29:44', 'postgres');
INSERT INTO cesta (id, idtypzdr, idoso, komentar, zaloha, popis, platiod, platido, timeinsert, timemodify, usermodify) VALUES ('7b7a3a62-fc9b-4ba6-a85b-36ce313b28b6', '823ca1d8-60dd-4f59-99e7-76138e997cb9', '89627179-4a44-445f-8d36-e75c3fb5c91d', 'GDPR Návštěva  a konzultace', NULL, 'Olomouc', '2017-07-20 07:00:00', '2017-07-21 17:00:00', '2017-07-17 16:57:51.569', '2017-09-22 13:49:54.765', 'postgres');
INSERT INTO cesta (id, idtypzdr, idoso, komentar, zaloha, popis, platiod, platido, timeinsert, timemodify, usermodify) VALUES ('70c51e7f-9cd7-48b6-9c35-65836d42ba05', '823ca1d8-60dd-4f59-99e7-76138e997cb9', '89627179-4a44-445f-8d36-e75c3fb5c91d', 'Příprava semináře', NULL, 'Krnov', '2018-02-09 07:10:00', '2018-02-09 17:10:00', '2017-07-17 16:21:35.97', '2018-02-09 14:12:47.178443', 'postgres');
INSERT INTO cesta (id, idtypzdr, idoso, komentar, zaloha, popis, platiod, platido, timeinsert, timemodify, usermodify) VALUES ('b2d1500b-06fa-4e28-b572-2fbf7c705adc', '823ca1d8-60dd-4f59-99e7-76138e997cb9', '89627179-4a44-445f-8d36-e75c3fb5c91d', 'Odvoz hnoje', 20, 'Láryšov', '2018-03-24 11:04:00', '2018-03-24 11:30:00', '2018-03-21 12:17:01.523601', '2018-03-28 19:26:32.369848', 'postgres');
INSERT INTO cesta (id, idtypzdr, idoso, komentar, zaloha, popis, platiod, platido, timeinsert, timemodify, usermodify) VALUES ('11b1a3a1-0314-4e21-8537-8a206eda4e48', '823ca1d8-60dd-4f59-99e7-76138e997cb9', '89627179-4a44-445f-8d36-e75c3fb5c91d', 'Seminář', 500, 'Ostrava', '2018-03-20 07:00:00', '2018-03-25 17:00:00', '2017-07-17 16:29:10.052', '2018-04-04 22:44:07.649299', 'postgres');
INSERT INTO cesta (id, idtypzdr, idoso, komentar, zaloha, popis, platiod, platido, timeinsert, timemodify, usermodify) VALUES ('af00fd57-be6e-4aef-87b5-5561af73d717', '823ca1d8-60dd-4f59-99e7-76138e997cb9', '89627179-4a44-445f-8d36-e75c3fb5c91d', 'Školení veřejných zakázek', NULL, 'Brno', '2017-07-24 07:00:00', '2017-07-24 17:00:00', '2017-07-17 15:29:13.861', '2018-04-04 22:47:51.503445', 'postgres');
INSERT INTO cesta (id, idtypzdr, idoso, komentar, zaloha, popis, platiod, platido, timeinsert, timemodify, usermodify) VALUES ('87e56165-22d6-46bd-9c5e-bf7c7e0e28a1', '823ca1d8-60dd-4f59-99e7-76138e997cb9', '89627179-4a44-445f-8d36-e75c3fb5c91d', 'Výlet do Polska', 1000, 'Poznaň', '2018-03-24 07:00:00', '2018-03-24 17:00:00', '2018-03-21 12:02:03.495237', '2018-04-04 23:43:49.820657', 'postgres');


--
-- TOC entry 2995 (class 0 OID 24701)
-- Dependencies: 198
-- Data for Name: dispecerhl; Type: TABLE DATA; Schema: public; Owner: postgres
--

INSERT INTO dispecerhl (id, idoso, idtypschv, idtypzdr, iddisphl, popis, platiod, platido, timeinsert, timemodify, usermodify) VALUES ('481c2e4f-0a0c-4705-a10e-f69b0818714a', '4a3ef679-87d0-479b-995e-1218296efc5b', '68c11075-ff60-45a3-818e-4f4d0be9ea8f', '50ca4787-6d49-4b29-a8fb-5c82acf5523e', NULL, NULL, '2017-01-01 00:00:00', '2100-01-01 00:00:00', '2017-11-29 00:43:57.622', '2017-11-29 00:46:46.917', 'postgres');
INSERT INTO dispecerhl (id, idoso, idtypschv, idtypzdr, iddisphl, popis, platiod, platido, timeinsert, timemodify, usermodify) VALUES ('eeeb6a92-5ea5-4a3a-a2f8-08a1c8c5c266', '4a3ef679-87d0-479b-995e-1218296efc5b', '68c11075-ff60-45a3-818e-4f4d0be9ea8f', '50ca4787-6d49-4b29-a8fb-5c82acf5523e', NULL, NULL, '2017-01-01 00:00:00', '2100-01-01 00:00:00', '2017-11-29 00:47:08.575', '2017-11-29 00:47:37.888', 'postgres');
INSERT INTO dispecerhl (id, idoso, idtypschv, idtypzdr, iddisphl, popis, platiod, platido, timeinsert, timemodify, usermodify) VALUES ('76f17dde-bf83-402a-b38d-127e175418aa', '4a3ef679-87d0-479b-995e-1218296efc5b', '68c11075-ff60-45a3-818e-4f4d0be9ea8f', '50ca4787-6d49-4b29-a8fb-5c82acf5523e', NULL, NULL, '2017-01-01 00:00:00', '2100-01-01 00:00:00', '2017-11-29 00:47:42.198', '2017-11-29 00:48:10.06', 'postgres');
INSERT INTO dispecerhl (id, idoso, idtypschv, idtypzdr, iddisphl, popis, platiod, platido, timeinsert, timemodify, usermodify) VALUES ('e6cf2adf-fba6-4378-9769-155c965be0a0', 'c8f4089e-5574-4aa1-a248-4a2a8768360e', '11c78229-8f45-4011-a70a-8b176a590bb8', 'ac94579b-b602-4994-87b4-d0ebfc3f4dda', NULL, NULL, '2017-01-01 00:00:00', '2100-01-04 00:00:00', '2017-11-29 00:50:02.12', '2017-11-29 00:50:29.622', 'postgres');
INSERT INTO dispecerhl (id, idoso, idtypschv, idtypzdr, iddisphl, popis, platiod, platido, timeinsert, timemodify, usermodify) VALUES ('2d7d3264-2078-4705-bf7e-c8be748083e6', '565b2abc-810d-41cc-9a71-7031907263bf', '68c11075-ff60-45a3-818e-4f4d0be9ea8f', 'c2d29867-3d0b-d497-9191-18a9d8ee7800', NULL, NULL, '2017-01-01 00:00:00', '2100-01-01 00:00:00', '2017-11-29 01:05:53.745', '2017-11-29 01:06:13.277', 'postgres');
INSERT INTO dispecerhl (id, idoso, idtypschv, idtypzdr, iddisphl, popis, platiod, platido, timeinsert, timemodify, usermodify) VALUES ('478f7c49-bf8c-4f78-8aaa-b6d8c108ba6c', '718dfe2a-aea7-4525-a550-d4358c09fa15', '68c11075-ff60-45a3-818e-4f4d0be9ea8f', 'c2d29867-3d0b-d497-9191-18a9d8ee7800', NULL, NULL, '2017-01-01 00:00:00', '2100-01-01 00:00:00', '2017-11-29 01:08:13.59', '2017-11-29 01:08:20.122', 'postgres');
INSERT INTO dispecerhl (id, idoso, idtypschv, idtypzdr, iddisphl, popis, platiod, platido, timeinsert, timemodify, usermodify) VALUES ('cd462971-5b24-4ae0-a3d9-bc92c79a6b5c', '9960cbb8-db3a-4dfc-9292-fab189f9040e', 'dd32144f-12d4-485b-83a3-182d5602da0f', '823ca1d8-60dd-4f59-99e7-76138e997cb9', NULL, NULL, '2017-01-01 00:00:00', '2100-01-04 00:00:00', '2017-11-29 00:48:18.06', '2017-12-07 22:10:01.933', 'postgres');
INSERT INTO dispecerhl (id, idoso, idtypschv, idtypzdr, iddisphl, popis, platiod, platido, timeinsert, timemodify, usermodify) VALUES ('8b24fa34-03aa-4a82-bfeb-bb044d252be8', '8b24fa34-03aa-4a82-bfeb-bb044d252be8', '11c78229-8f45-4011-a70a-8b176a590bb8', 'f9043670-6118-4b7b-a4a4-a9ea77621483', NULL, 'Vedoucí IT - Sosýn', '2017-01-01 00:00:00', '2017-12-31 00:00:00', '2017-11-26 22:55:58.539', '2017-12-08 12:34:20.133', 'postgres');
INSERT INTO dispecerhl (id, idoso, idtypschv, idtypzdr, iddisphl, popis, platiod, platido, timeinsert, timemodify, usermodify) VALUES ('ce6fb99e-5824-418b-8597-4e945cec384d', '44ec07a5-8664-4348-a4ee-898a9d7ee8ea', '11c78229-8f45-4011-a70a-8b176a590bb8', 'f9043670-6118-4b7b-a4a4-a9ea77621483', '8b24fa34-03aa-4a82-bfeb-bb044d252be8', NULL, '2017-01-01 00:00:00', '2100-01-01 00:00:00', '2017-12-08 12:36:51.196', '2017-12-08 12:37:30.952', 'postgres');
INSERT INTO dispecerhl (id, idoso, idtypschv, idtypzdr, iddisphl, popis, platiod, platido, timeinsert, timemodify, usermodify) VALUES ('c6b0e1c7-c940-4c7e-9f95-d26bbdb5425d', '4dc5529f-5c05-478c-9879-434be67ded65', '11c78229-8f45-4011-a70a-8b176a590bb8', '699e4b0e-54c1-4213-bb8e-4dc74629e3c4', NULL, NULL, '2017-01-01 00:00:00', '2100-01-01 00:00:00', '2017-12-13 22:32:21.392', '2017-12-13 22:35:00.898', 'postgres');
INSERT INTO dispecerhl (id, idoso, idtypschv, idtypzdr, iddisphl, popis, platiod, platido, timeinsert, timemodify, usermodify) VALUES ('8d59d861-04f6-4100-ab64-085145bf9f6c', 'dcb31c8c-51f1-404a-9691-e6d16aa296b5', '11c78229-8f45-4011-a70a-8b176a590bb8', 'f9043670-6118-4b7b-a4a4-a9ea77621483', '8b24fa34-03aa-4a82-bfeb-bb044d252be8', NULL, '2017-01-01 00:00:00', '2100-01-01 00:00:00', '2017-12-13 22:35:42.03', '2017-12-13 22:35:51.394', 'postgres');
INSERT INTO dispecerhl (id, idoso, idtypschv, idtypzdr, iddisphl, popis, platiod, platido, timeinsert, timemodify, usermodify) VALUES ('5ff6df7e-8794-492f-984e-91551aa229d4', '1084df82-f209-4fe4-af0a-fe77dd5836bf', '11c78229-8f45-4011-a70a-8b176a590bb8', '699e4b0e-54c1-4213-bb8e-4dc74629e3c4', 'c6b0e1c7-c940-4c7e-9f95-d26bbdb5425d', NULL, '2017-01-01 00:00:00', '2100-01-01 00:00:00', '2017-12-13 22:36:58.253', '2017-12-13 22:37:11.264', 'postgres');
INSERT INTO dispecerhl (id, idoso, idtypschv, idtypzdr, iddisphl, popis, platiod, platido, timeinsert, timemodify, usermodify) VALUES ('e434d597-c536-4908-a4bc-79a0f7647924', '452e7488-e357-498f-b16d-32e86dfc566e', '68c11075-ff60-45a3-818e-4f4d0be9ea8f', '823ca1d8-60dd-4f59-99e7-76138e997cb9', NULL, NULL, '2017-01-01 00:00:00', '2100-01-01 00:00:00', '2017-12-13 22:58:59.402', '2017-12-13 22:59:52.246', 'postgres');
INSERT INTO dispecerhl (id, idoso, idtypschv, idtypzdr, iddisphl, popis, platiod, platido, timeinsert, timemodify, usermodify) VALUES ('c49c4348-0f77-43e9-859f-b73669031905', 'a8cb0bad-02c1-44a8-8a18-1504af6a92c6', '68c11075-ff60-45a3-818e-4f4d0be9ea8f', '823ca1d8-60dd-4f59-99e7-76138e997cb9', 'e434d597-c536-4908-a4bc-79a0f7647924', NULL, '2017-01-01 00:00:00', '2100-01-01 00:00:00', '2017-12-13 22:59:30.795', '2017-12-13 22:59:52.246', 'postgres');
INSERT INTO dispecerhl (id, idoso, idtypschv, idtypzdr, iddisphl, popis, platiod, platido, timeinsert, timemodify, usermodify) VALUES ('cad39067-ed47-4e23-9b10-523c32135d49', '7cf4c230-41da-4f53-8034-23f9f8de8475', '11c78229-8f45-4011-a70a-8b176a590bb8', '699e4b0e-54c1-4213-bb8e-4dc74629e3c4', NULL, NULL, '2017-01-01 00:00:00', '2100-01-01 00:00:00', '2017-12-13 23:00:53.991', '2017-12-13 23:01:42.966', 'postgres');
INSERT INTO dispecerhl (id, idoso, idtypschv, idtypzdr, iddisphl, popis, platiod, platido, timeinsert, timemodify, usermodify) VALUES ('153e93f8-6085-4a50-8c83-1d703fa29a70', '53fe5bce-5685-4718-9ab5-686d765e7ffb', '11c78229-8f45-4011-a70a-8b176a590bb8', '699e4b0e-54c1-4213-bb8e-4dc74629e3c4', 'cad39067-ed47-4e23-9b10-523c32135d49', NULL, '2017-01-01 00:00:00', '2100-01-01 00:00:00', '2017-12-13 23:01:19.991', '2017-12-13 23:01:42.966', 'postgres');
INSERT INTO dispecerhl (id, idoso, idtypschv, idtypzdr, iddisphl, popis, platiod, platido, timeinsert, timemodify, usermodify) VALUES ('8017cd07-b338-43ec-8087-85032a92b222', '718dfe2a-aea7-4525-a550-d4358c09fa15', '68c11075-ff60-45a3-818e-4f4d0be9ea8f', 'ac94579b-b602-4994-87b4-d0ebfc3f4dda', NULL, NULL, '2017-01-01 00:00:00', '2100-01-01 00:00:00', '2017-12-13 23:21:58.005', '2017-12-13 23:23:17.652', 'postgres');
INSERT INTO dispecerhl (id, idoso, idtypschv, idtypzdr, iddisphl, popis, platiod, platido, timeinsert, timemodify, usermodify) VALUES ('2ff302e4-b607-43f1-aaa6-1a5ec0856c72', '4a3ef679-87d0-479b-995e-1218296efc5b', '68c11075-ff60-45a3-818e-4f4d0be9ea8f', 'ac94579b-b602-4994-87b4-d0ebfc3f4dda', '8017cd07-b338-43ec-8087-85032a92b222', NULL, '2017-01-01 00:00:00', '2100-01-01 00:00:00', '2017-12-13 23:23:02.449', '2017-12-13 23:23:17.652', 'postgres');
INSERT INTO dispecerhl (id, idoso, idtypschv, idtypzdr, iddisphl, popis, platiod, platido, timeinsert, timemodify, usermodify) VALUES ('1a9a2024-fa5b-49b7-a243-e5a6d7a0bda2', '28af01c3-3e29-4a3e-ab25-be6a5dc2b0f2', '68c11075-ff60-45a3-818e-4f4d0be9ea8f', 'ac94579b-b602-4994-87b4-d0ebfc3f4dda', NULL, NULL, '2017-01-01 00:00:00', '2100-01-01 00:00:00', '2017-12-13 23:37:31.702', '2017-12-13 23:37:55.836', 'postgres');
INSERT INTO dispecerhl (id, idoso, idtypschv, idtypzdr, iddisphl, popis, platiod, platido, timeinsert, timemodify, usermodify) VALUES ('566da434-9ed8-427f-96df-0a3f6808112f', '718dfe2a-aea7-4525-a550-d4358c09fa15', '68c11075-ff60-45a3-818e-4f4d0be9ea8f', 'f9043670-6118-4b7b-a4a4-a9ea77621483', NULL, NULL, '2017-01-01 00:00:00', '2100-01-01 00:00:00', '2017-12-14 20:14:37.293', '2017-12-14 20:17:52.931', 'postgres');
INSERT INTO dispecerhl (id, idoso, idtypschv, idtypzdr, iddisphl, popis, platiod, platido, timeinsert, timemodify, usermodify) VALUES ('93475010-4206-4a4f-9b08-b822bfbbb309', '718dfe2a-aea7-4525-a550-d4358c09fa15', '68c11075-ff60-45a3-818e-4f4d0be9ea8f', 'c2d29867-3d0b-d497-9191-18a9d8ee7800', NULL, NULL, '2017-01-01 00:00:00', '2100-01-01 00:00:00', '2017-12-14 21:09:57.106', '2017-12-14 21:10:12.499', 'postgres');
INSERT INTO dispecerhl (id, idoso, idtypschv, idtypzdr, iddisphl, popis, platiod, platido, timeinsert, timemodify, usermodify) VALUES ('b93e8ff8-4c04-444a-addc-4664018ebdd1', '718dfe2a-aea7-4525-a550-d4358c09fa15', '68c11075-ff60-45a3-818e-4f4d0be9ea8f', 'c2d29867-3d0b-d497-9191-18a9d8ee7800', NULL, NULL, '2017-01-01 00:00:00', '2100-01-01 00:00:00', '2017-12-14 21:59:00.841', '2017-12-14 21:59:37.653', 'postgres');
INSERT INTO dispecerhl (id, idoso, idtypschv, idtypzdr, iddisphl, popis, platiod, platido, timeinsert, timemodify, usermodify) VALUES ('96717135-d08f-444c-9b9b-03be8fd8f985', '3886f5dc-0750-4e77-9860-f253fc928f50', '68c11075-ff60-45a3-818e-4f4d0be9ea8f', 'c2d29867-3d0b-d497-9191-18a9d8ee7800', '2d7d3264-2078-4705-bf7e-c8be748083e6', NULL, '2017-01-01 00:00:00', '2100-01-01 00:00:00', '2017-12-14 22:00:52.226', '2017-12-14 22:01:03.729', 'postgres');
INSERT INTO dispecerhl (id, idoso, idtypschv, idtypzdr, iddisphl, popis, platiod, platido, timeinsert, timemodify, usermodify) VALUES ('7ec2d471-cf9f-4a1a-bd65-7aaea74e9162', '4fde1d9f-a4e7-4f8c-92c9-049d7f74be64', '11c78229-8f45-4011-a70a-8b176a590bb8', '699e4b0e-54c1-4213-bb8e-4dc74629e3c4', 'cad39067-ed47-4e23-9b10-523c32135d49', NULL, '2017-01-01 00:00:00', '2100-01-01 00:00:00', '2017-12-14 22:02:20.103', '2017-12-14 22:02:57.577', 'postgres');
INSERT INTO dispecerhl (id, idoso, idtypschv, idtypzdr, iddisphl, popis, platiod, platido, timeinsert, timemodify, usermodify) VALUES ('97281aac-5e90-40f0-bf60-d98fa15b6595', '718dfe2a-aea7-4525-a550-d4358c09fa15', '11c78229-8f45-4011-a70a-8b176a590bb8', 'f9043670-6118-4b7b-a4a4-a9ea77621483', '8b24fa34-03aa-4a82-bfeb-bb044d252be8', NULL, '2017-01-01 00:00:46.481', '2100-01-01 00:00:46.481', '2017-12-14 22:27:02.566', '2017-12-14 22:28:02.418', 'postgres');
INSERT INTO dispecerhl (id, idoso, idtypschv, idtypzdr, iddisphl, popis, platiod, platido, timeinsert, timemodify, usermodify) VALUES ('6a3a1e22-88fa-4322-8c3f-44c1df8ddb4b', '89627179-4a44-445f-8d36-e75c3fb5c91d', '11c78229-8f45-4011-a70a-8b176a590bb8', 'f9043670-6118-4b7b-a4a4-a9ea77621483', '8b24fa34-03aa-4a82-bfeb-bb044d252be8', NULL, '2017-01-01 00:00:46.481', '2100-01-01 00:00:46.481', '2017-12-14 22:26:50.292', '2017-12-14 22:28:02.418', 'postgres');
INSERT INTO dispecerhl (id, idoso, idtypschv, idtypzdr, iddisphl, popis, platiod, platido, timeinsert, timemodify, usermodify) VALUES ('2c43ed8f-0de4-499e-a0ee-ca78db1757ae', '718dfe2a-aea7-4525-a550-d4358c09fa15', '68c11075-ff60-45a3-818e-4f4d0be9ea8f', 'c2d29867-3d0b-d497-9191-18a9d8ee7800', NULL, NULL, '2017-01-01 00:00:00', '2100-01-01 00:00:00', '2017-12-14 22:28:11.724', '2017-12-14 22:29:21.092', 'postgres');
INSERT INTO dispecerhl (id, idoso, idtypschv, idtypzdr, iddisphl, popis, platiod, platido, timeinsert, timemodify, usermodify) VALUES ('4bf00c94-93c4-4aae-8f27-e9e4f1fe63ee', '653e0599-fd9f-4105-9e11-05c2f1365172', '68c11075-ff60-45a3-818e-4f4d0be9ea8f', 'c2d29867-3d0b-d497-9191-18a9d8ee7800', '2c43ed8f-0de4-499e-a0ee-ca78db1757ae', NULL, '2017-01-01 00:00:46.481', '2100-01-01 00:00:46.481', '2017-12-14 22:28:59.09', '2017-12-14 22:29:21.092', 'postgres');
INSERT INTO dispecerhl (id, idoso, idtypschv, idtypzdr, iddisphl, popis, platiod, platido, timeinsert, timemodify, usermodify) VALUES ('eaedd452-5536-4180-b6e9-517453c2d502', '6ab3a4b3-5aff-4572-ae77-8f1a93f84560', '68c11075-ff60-45a3-818e-4f4d0be9ea8f', 'c2d29867-3d0b-d497-9191-18a9d8ee7800', '2c43ed8f-0de4-499e-a0ee-ca78db1757ae', NULL, '2017-01-01 00:00:46.481', '2100-01-01 00:00:46.481', '2017-12-14 22:28:27.199', '2017-12-14 22:29:21.092', 'postgres');
INSERT INTO dispecerhl (id, idoso, idtypschv, idtypzdr, iddisphl, popis, platiod, platido, timeinsert, timemodify, usermodify) VALUES ('f909096a-5d75-4095-a51b-91cce1bec74b', '146aee00-0d7b-45ad-aa1e-a7107429e3f3', '68c11075-ff60-45a3-818e-4f4d0be9ea8f', 'c2d29867-3d0b-d497-9191-18a9d8ee7800', '2c43ed8f-0de4-499e-a0ee-ca78db1757ae', NULL, '2017-01-01 00:00:46.481', '2100-01-01 00:00:46.481', '2017-12-14 22:28:33.94', '2017-12-14 22:29:21.092', 'postgres');
INSERT INTO dispecerhl (id, idoso, idtypschv, idtypzdr, iddisphl, popis, platiod, platido, timeinsert, timemodify, usermodify) VALUES ('1e40c3eb-71a2-46d5-890e-b99bc094d652', '37722b94-a147-415b-8426-d0138efee694', '68c11075-ff60-45a3-818e-4f4d0be9ea8f', 'c2d29867-3d0b-d497-9191-18a9d8ee7800', '2c43ed8f-0de4-499e-a0ee-ca78db1757ae', NULL, '2017-01-01 00:00:46.481', '2100-01-01 00:00:46.481', '2017-12-14 22:28:42.093', '2017-12-14 22:29:21.092', 'postgres');
INSERT INTO dispecerhl (id, idoso, idtypschv, idtypzdr, iddisphl, popis, platiod, platido, timeinsert, timemodify, usermodify) VALUES ('8afdee46-5d66-463a-914a-a3c6d5f613b9', '4a3ef679-87d0-479b-995e-1218296efc5b', '68c11075-ff60-45a3-818e-4f4d0be9ea8f', 'c2d29867-3d0b-d497-9191-18a9d8ee7800', '2c43ed8f-0de4-499e-a0ee-ca78db1757ae', NULL, '2017-01-01 00:00:46.481', '2100-01-01 00:00:46.481', '2017-12-14 22:28:20.731', '2017-12-14 22:29:21.092', 'postgres');
INSERT INTO dispecerhl (id, idoso, idtypschv, idtypzdr, iddisphl, popis, platiod, platido, timeinsert, timemodify, usermodify) VALUES ('5e67e2ed-e9f8-48d4-a89e-b9d6429967c4', '718dfe2a-aea7-4525-a550-d4358c09fa15', '68c11075-ff60-45a3-818e-4f4d0be9ea8f', 'c2d29867-3d0b-d497-9191-18a9d8ee7800', NULL, NULL, '2017-01-01 00:00:00', '2100-01-01 00:00:00', '2017-12-14 22:47:54.198', '2017-12-14 22:49:22.248', 'postgres');
INSERT INTO dispecerhl (id, idoso, idtypschv, idtypzdr, iddisphl, popis, platiod, platido, timeinsert, timemodify, usermodify) VALUES ('f5425951-750c-4aef-8c50-122e98d5bf90', 'e765a0dd-6e45-4bb9-9a38-94da9c72f47a', '68c11075-ff60-45a3-818e-4f4d0be9ea8f', 'c2d29867-3d0b-d497-9191-18a9d8ee7800', '5e67e2ed-e9f8-48d4-a89e-b9d6429967c4', NULL, '2017-01-01 00:00:46.481', '2100-01-01 00:00:46.481', '2017-12-14 22:49:11.653', '2017-12-14 22:49:22.248', 'postgres');
INSERT INTO dispecerhl (id, idoso, idtypschv, idtypzdr, iddisphl, popis, platiod, platido, timeinsert, timemodify, usermodify) VALUES ('4a0f9b40-9576-4b46-a08f-2d4233fe45a8', '4a3ef679-87d0-479b-995e-1218296efc5b', '68c11075-ff60-45a3-818e-4f4d0be9ea8f', 'c2d29867-3d0b-d497-9191-18a9d8ee7800', '5e67e2ed-e9f8-48d4-a89e-b9d6429967c4', NULL, '2017-01-01 00:00:46.481', '2100-01-01 00:00:46.481', '2017-12-14 22:48:54.387', '2017-12-14 22:49:22.248', 'postgres');
INSERT INTO dispecerhl (id, idoso, idtypschv, idtypzdr, iddisphl, popis, platiod, platido, timeinsert, timemodify, usermodify) VALUES ('66028479-1d07-4051-ab72-7cfd0918bf85', '3770a8c3-8105-4d5b-a525-65445b7ac295', '68c11075-ff60-45a3-818e-4f4d0be9ea8f', 'c2d29867-3d0b-d497-9191-18a9d8ee7800', '5e67e2ed-e9f8-48d4-a89e-b9d6429967c4', NULL, '2017-01-01 00:00:46.481', '2100-01-01 00:00:46.481', '2017-12-14 22:48:19.796', '2017-12-14 22:49:22.248', 'postgres');
INSERT INTO dispecerhl (id, idoso, idtypschv, idtypzdr, iddisphl, popis, platiod, platido, timeinsert, timemodify, usermodify) VALUES ('3d2ea55a-92c4-43df-b998-a99d6829049f', '89f85b16-ac3e-44e8-9a1f-e9268052e127', 'dd32144f-12d4-485b-83a3-182d5602da0f', 'f9043670-6118-4b7b-a4a4-a9ea77621483', NULL, NULL, '2017-01-01 00:00:00', '2100-01-01 00:00:00', '2017-12-14 22:52:51.59', '2017-12-14 22:54:31.612', 'postgres');
INSERT INTO dispecerhl (id, idoso, idtypschv, idtypzdr, iddisphl, popis, platiod, platido, timeinsert, timemodify, usermodify) VALUES ('cbfc8c61-926d-47f2-bfab-3cf493c4819b', '565b2abc-810d-41cc-9a71-7031907263bf', '68c11075-ff60-45a3-818e-4f4d0be9ea8f', 'f9043670-6118-4b7b-a4a4-a9ea77621483', '3d2ea55a-92c4-43df-b998-a99d6829049f', NULL, '2017-01-01 00:00:35.35', '2100-01-01 00:00:35.35', '2017-12-14 22:53:55.748', '2017-12-14 22:54:31.612', 'postgres');
INSERT INTO dispecerhl (id, idoso, idtypschv, idtypzdr, iddisphl, popis, platiod, platido, timeinsert, timemodify, usermodify) VALUES ('a01033e6-da8c-43e4-ac2b-e1c961e3d033', '8cf02b3d-6e99-46cd-80a4-6b560be7ae86', 'dd32144f-12d4-485b-83a3-182d5602da0f', 'f9043670-6118-4b7b-a4a4-a9ea77621483', '3d2ea55a-92c4-43df-b998-a99d6829049f', NULL, '2017-01-01 00:00:35.35', '2100-01-01 00:00:35.35', '2017-12-14 22:54:20.812', '2017-12-14 22:54:31.612', 'postgres');
INSERT INTO dispecerhl (id, idoso, idtypschv, idtypzdr, iddisphl, popis, platiod, platido, timeinsert, timemodify, usermodify) VALUES ('dd1d7294-0c9a-4147-abdf-c8721dda3f44', '8b24fa34-03aa-4a82-bfeb-bb044d252be8', '68c11075-ff60-45a3-818e-4f4d0be9ea8f', 'f9043670-6118-4b7b-a4a4-a9ea77621483', '3d2ea55a-92c4-43df-b998-a99d6829049f', NULL, '2017-01-01 00:00:35.35', '2100-01-01 00:00:35.35', '2017-12-14 22:53:42.184', '2017-12-14 22:54:31.612', 'postgres');
INSERT INTO dispecerhl (id, idoso, idtypschv, idtypzdr, iddisphl, popis, platiod, platido, timeinsert, timemodify, usermodify) VALUES ('188729a6-f91f-4196-a2cd-f9610b1c6f1d', '328e1cd6-2bf1-463c-a849-c45b236d888d', '68c11075-ff60-45a3-818e-4f4d0be9ea8f', 'ac94579b-b602-4994-87b4-d0ebfc3f4dda', NULL, NULL, '2017-01-01 00:00:00', '2100-01-01 00:00:00', '2017-12-14 23:02:23.841', '2017-12-14 23:04:19.183', 'postgres');
INSERT INTO dispecerhl (id, idoso, idtypschv, idtypzdr, iddisphl, popis, platiod, platido, timeinsert, timemodify, usermodify) VALUES ('d9b48aa3-120c-498a-98ef-57447d85d0c9', '28af01c3-3e29-4a3e-ab25-be6a5dc2b0f2', '68c11075-ff60-45a3-818e-4f4d0be9ea8f', 'ac94579b-b602-4994-87b4-d0ebfc3f4dda', '188729a6-f91f-4196-a2cd-f9610b1c6f1d', NULL, '2017-01-11 00:00:00', '2100-01-01 00:00:35.35', '2017-12-14 23:03:28.153', '2017-12-14 23:04:19.183', 'postgres');
INSERT INTO dispecerhl (id, idoso, idtypschv, idtypzdr, iddisphl, popis, platiod, platido, timeinsert, timemodify, usermodify) VALUES ('85efb18b-8607-4947-9369-aa181519e2a7', '7cf4c230-41da-4f53-8034-23f9f8de8475', '11c78229-8f45-4011-a70a-8b176a590bb8', 'f9043670-6118-4b7b-a4a4-a9ea77621483', '8b24fa34-03aa-4a82-bfeb-bb044d252be8', NULL, '2017-01-01 00:00:49.2', '2100-01-01 00:00:49.2', '2017-12-15 00:26:54.903', '2017-12-15 00:27:06.73', 'postgres');
INSERT INTO dispecerhl (id, idoso, idtypschv, idtypzdr, iddisphl, popis, platiod, platido, timeinsert, timemodify, usermodify) VALUES ('554d47a9-b536-41b0-9ea9-0fe251106c2e', 'cf7958ae-9994-4285-9a27-26764b673d64', 'dd32144f-12d4-485b-83a3-182d5602da0f', 'f9043670-6118-4b7b-a4a4-a9ea77621483', NULL, NULL, '2017-01-01 00:00:00', '2100-01-01 00:00:00', '2017-12-21 12:06:57.31', '2017-12-21 12:08:07.762', 'postgres');
INSERT INTO dispecerhl (id, idoso, idtypschv, idtypzdr, iddisphl, popis, platiod, platido, timeinsert, timemodify, usermodify) VALUES ('d30133cd-92cd-4e45-bb0f-886ee6810366', '937e5218-0a8f-430f-ba94-31dd9fe8b279', 'dd32144f-12d4-485b-83a3-182d5602da0f', 'f9043670-6118-4b7b-a4a4-a9ea77621483', '554d47a9-b536-41b0-9ea9-0fe251106c2e', NULL, '2017-01-01 00:00:56.836', '2100-01-01 00:00:56.836', '2017-12-21 12:07:25.635', '2017-12-21 12:08:07.859', 'postgres');
INSERT INTO dispecerhl (id, idoso, idtypschv, idtypzdr, iddisphl, popis, platiod, platido, timeinsert, timemodify, usermodify) VALUES ('533d67ae-aa4a-4745-bd80-53b3b26e7b07', 'cf7958ae-9994-4285-9a27-26764b673d64', '11c78229-8f45-4011-a70a-8b176a590bb8', '699e4b0e-54c1-4213-bb8e-4dc74629e3c4', NULL, NULL, '2017-01-01 00:00:00', '2100-01-01 00:00:00', '2017-12-21 12:14:20.111', '2017-12-21 12:14:47.559', 'postgres');
INSERT INTO dispecerhl (id, idoso, idtypschv, idtypzdr, iddisphl, popis, platiod, platido, timeinsert, timemodify, usermodify) VALUES ('57cb3252-2505-4b67-bb9a-acd29953c491', '91536511-10c2-4d2d-b16c-28bc741323e0', 'dd32144f-12d4-485b-83a3-182d5602da0f', 'f9043670-6118-4b7b-a4a4-a9ea77621483', '554d47a9-b536-41b0-9ea9-0fe251106c2e', NULL, '2017-01-01 00:00:24.046', '2100-01-01 00:00:24.046', '2017-12-21 12:22:45.441', '2017-12-21 12:22:58.634', 'postgres');
INSERT INTO dispecerhl (id, idoso, idtypschv, idtypzdr, iddisphl, popis, platiod, platido, timeinsert, timemodify, usermodify) VALUES ('803f6db4-bfae-433e-86b6-fb6e4d840019', 'a8116f31-9f7f-440b-90f1-28c9ff433796', '11c78229-8f45-4011-a70a-8b176a590bb8', 'f9043670-6118-4b7b-a4a4-a9ea77621483', NULL, NULL, '2017-01-01 00:00:00', '2100-01-01 00:00:00', '2017-12-21 12:23:45.454', '2017-12-21 12:24:56.003', 'postgres');
INSERT INTO dispecerhl (id, idoso, idtypschv, idtypzdr, iddisphl, popis, platiod, platido, timeinsert, timemodify, usermodify) VALUES ('5e5361d3-d12e-4c9e-8a4c-009fabd0cba9', '6ab3a4b3-5aff-4572-ae77-8f1a93f84560', '11c78229-8f45-4011-a70a-8b176a590bb8', 'f9043670-6118-4b7b-a4a4-a9ea77621483', '803f6db4-bfae-433e-86b6-fb6e4d840019', NULL, '2017-01-01 00:00:24.046', '2100-01-01 00:00:24.046', '2017-12-21 12:24:27.572', '2017-12-21 12:24:56.008', 'postgres');
INSERT INTO dispecerhl (id, idoso, idtypschv, idtypzdr, iddisphl, popis, platiod, platido, timeinsert, timemodify, usermodify) VALUES ('1588742f-4661-4cc3-80eb-7d73527d5def', '3770a8c3-8105-4d5b-a525-65445b7ac295', '11c78229-8f45-4011-a70a-8b176a590bb8', 'f9043670-6118-4b7b-a4a4-a9ea77621483', '803f6db4-bfae-433e-86b6-fb6e4d840019', NULL, '2017-01-01 00:00:24.046', '2100-01-01 00:00:24.046', '2017-12-21 12:24:26.59', '2017-12-21 12:24:56.009', 'postgres');
INSERT INTO dispecerhl (id, idoso, idtypschv, idtypzdr, iddisphl, popis, platiod, platido, timeinsert, timemodify, usermodify) VALUES ('2a6f72ee-7291-466a-af99-77e332e1cff9', '4a3ef679-87d0-479b-995e-1218296efc5b', '11c78229-8f45-4011-a70a-8b176a590bb8', 'f9043670-6118-4b7b-a4a4-a9ea77621483', '803f6db4-bfae-433e-86b6-fb6e4d840019', NULL, '2017-01-01 00:00:24.046', '2100-01-01 00:00:24.046', '2017-12-21 12:24:26.33', '2017-12-21 12:24:56.028', 'postgres');
INSERT INTO dispecerhl (id, idoso, idtypschv, idtypzdr, iddisphl, popis, platiod, platido, timeinsert, timemodify, usermodify) VALUES ('7342c186-c97c-43e9-9e7f-4e3e824bd3d1', 'da67f4e0-3f66-4053-b8c4-f1a955953766', '11c78229-8f45-4011-a70a-8b176a590bb8', 'ac94579b-b602-4994-87b4-d0ebfc3f4dda', NULL, NULL, '2017-01-01 00:00:00', '2100-01-01 00:00:00', '2017-12-21 12:35:10.892', '2017-12-21 12:36:28.947', 'postgres');
INSERT INTO dispecerhl (id, idoso, idtypschv, idtypzdr, iddisphl, popis, platiod, platido, timeinsert, timemodify, usermodify) VALUES ('7f56bc39-8920-4f14-86c3-9b342e519015', 'cf7958ae-9994-4285-9a27-26764b673d64', '68c11075-ff60-45a3-818e-4f4d0be9ea8f', 'c2d29867-3d0b-d497-9191-18a9d8ee7800', NULL, NULL, '2018-01-01 00:00:00', '2100-01-01 00:00:00', '2018-01-04 12:37:35.263', '2018-01-04 12:39:41.286', 'postgres');
INSERT INTO dispecerhl (id, idoso, idtypschv, idtypzdr, iddisphl, popis, platiod, platido, timeinsert, timemodify, usermodify) VALUES ('48058c4d-f404-4062-99dd-bbb4e6884e92', '6ab3a4b3-5aff-4572-ae77-8f1a93f84560', '68c11075-ff60-45a3-818e-4f4d0be9ea8f', 'c2d29867-3d0b-d497-9191-18a9d8ee7800', '7f56bc39-8920-4f14-86c3-9b342e519015', NULL, '2018-01-01 00:00:00', '2100-01-01 00:00:00', '2018-01-04 12:38:33.012', '2018-01-04 12:39:41.337', 'postgres');
INSERT INTO dispecerhl (id, idoso, idtypschv, idtypzdr, iddisphl, popis, platiod, platido, timeinsert, timemodify, usermodify) VALUES ('2618d25b-be09-4bf8-a859-f1e0f90e5513', 'c1d14330-6b6a-4199-816d-0c368057c8c5', '7a0031b9-b997-43f5-b1ad-f51074a00b03', 'f9043670-6118-4b7b-a4a4-a9ea77621483', '517bc24d-c8d7-4a17-8ce5-bad7e76b0b52', NULL, '2018-01-01 00:00:00', '2100-01-01 00:00:00', '2018-01-04 13:09:52.724', '2018-01-04 13:10:30.31', 'postgres');
INSERT INTO dispecerhl (id, idoso, idtypschv, idtypzdr, iddisphl, popis, platiod, platido, timeinsert, timemodify, usermodify) VALUES ('517bc24d-c8d7-4a17-8ce5-bad7e76b0b52', 'da640687-4ab9-416c-8689-edcb5758e443', '7a0031b9-b997-43f5-b1ad-f51074a00b03', 'f9043670-6118-4b7b-a4a4-a9ea77621483', NULL, NULL, '2018-01-01 00:00:00', '2027-01-01 00:00:00', '2018-01-04 13:09:30.052', '2018-01-04 13:17:05.091', 'postgres');
INSERT INTO dispecerhl (id, idoso, idtypschv, idtypzdr, iddisphl, popis, platiod, platido, timeinsert, timemodify, usermodify) VALUES ('e8b86c38-6e42-4996-86e6-ec336cd2b21c', 'b685470d-f39c-45d2-8a5d-bb27209d1190', '68c11075-ff60-45a3-818e-4f4d0be9ea8f', 'ac94579b-b602-4994-87b4-d0ebfc3f4dda', '36f65fb9-b304-4c53-bb02-102245aa7c80', NULL, '2017-01-01 00:00:00', '2100-01-01 00:00:00', '2018-03-28 16:15:03.125253', '2018-03-28 16:15:03.125253', 'postgres');
INSERT INTO dispecerhl (id, idoso, idtypschv, idtypzdr, iddisphl, popis, platiod, platido, timeinsert, timemodify, usermodify) VALUES ('36f65fb9-b304-4c53-bb02-102245aa7c80', '1084df82-f209-4fe4-af0a-fe77dd5836bf', '68c11075-ff60-45a3-818e-4f4d0be9ea8f', 'ac94579b-b602-4994-87b4-d0ebfc3f4dda', NULL, NULL, '2017-01-01 00:00:00', '2100-01-01 00:00:00', '2017-12-21 12:27:40.123', '2018-03-28 16:15:45.978704', 'postgres');
INSERT INTO dispecerhl (id, idoso, idtypschv, idtypzdr, iddisphl, popis, platiod, platido, timeinsert, timemodify, usermodify) VALUES ('db9254f8-a2b0-4700-ac0d-7a984f34291b', 'dbe573e2-292c-44b5-a8bc-95a98427fad0', '68c11075-ff60-45a3-818e-4f4d0be9ea8f', 'ac94579b-b602-4994-87b4-d0ebfc3f4dda', '36f65fb9-b304-4c53-bb02-102245aa7c80', NULL, '2017-01-01 00:00:36.742', '2100-01-01 00:00:36.742', '2017-12-21 12:28:43.325', '2018-03-28 16:15:45.983705', 'postgres');
INSERT INTO dispecerhl (id, idoso, idtypschv, idtypzdr, iddisphl, popis, platiod, platido, timeinsert, timemodify, usermodify) VALUES ('68ff85d0-f90c-469f-bd06-837b6e276294', '89627179-4a44-445f-8d36-e75c3fb5c91d', '68c11075-ff60-45a3-818e-4f4d0be9ea8f', '823ca1d8-60dd-4f59-99e7-76138e997cb9', NULL, NULL, '2018-01-01 00:00:00', '2100-01-01 00:00:00', '2018-03-28 19:19:00.560353', '2018-03-28 19:21:13.681942', 'postgres');
INSERT INTO dispecerhl (id, idoso, idtypschv, idtypzdr, iddisphl, popis, platiod, platido, timeinsert, timemodify, usermodify) VALUES ('1989b6a7-5450-488a-b5c2-095d06bb5183', '718dfe2a-aea7-4525-a550-d4358c09fa15', '68c11075-ff60-45a3-818e-4f4d0be9ea8f', '823ca1d8-60dd-4f59-99e7-76138e997cb9', '68ff85d0-f90c-469f-bd06-837b6e276294', NULL, '2018-01-01 00:00:00', '2100-01-01 00:00:00', '2018-03-28 19:19:00.560353', '2018-03-28 19:21:13.681942', 'postgres');
INSERT INTO dispecerhl (id, idoso, idtypschv, idtypzdr, iddisphl, popis, platiod, platido, timeinsert, timemodify, usermodify) VALUES ('62698bd9-386f-4203-b0b7-2583ad0dc429', 'dcb31c8c-51f1-404a-9691-e6d16aa296b5', '68c11075-ff60-45a3-818e-4f4d0be9ea8f', '823ca1d8-60dd-4f59-99e7-76138e997cb9', '68ff85d0-f90c-469f-bd06-837b6e276294', NULL, '2018-01-01 00:00:00', '2100-01-01 00:00:00', '2018-03-28 19:21:13.681942', '2018-03-28 19:21:13.681942', 'postgres');
INSERT INTO dispecerhl (id, idoso, idtypschv, idtypzdr, iddisphl, popis, platiod, platido, timeinsert, timemodify, usermodify) VALUES ('734607fa-4c7e-4692-bb4b-7a2020760e32', '8b24fa34-03aa-4a82-bfeb-bb044d252be8', '11c78229-8f45-4011-a70a-8b176a590bb8', 'ac94579b-b602-4994-87b4-d0ebfc3f4dda', NULL, NULL, '2018-01-01 00:00:00', '2100-01-01 00:00:00', '2018-04-03 22:16:21.293664', '2018-04-05 00:03:58.186209', 'postgres');
INSERT INTO dispecerhl (id, idoso, idtypschv, idtypzdr, iddisphl, popis, platiod, platido, timeinsert, timemodify, usermodify) VALUES ('a5efdbf6-be94-4f86-a37c-98e7a2fad7b8', '89627179-4a44-445f-8d36-e75c3fb5c91d', '11c78229-8f45-4011-a70a-8b176a590bb8', 'ac94579b-b602-4994-87b4-d0ebfc3f4dda', '734607fa-4c7e-4692-bb4b-7a2020760e32', NULL, '2018-01-01 00:00:00', '2018-04-01 00:00:00', '2018-04-03 22:16:21.293664', '2018-04-05 00:03:58.186209', 'postgres');
INSERT INTO dispecerhl (id, idoso, idtypschv, idtypzdr, iddisphl, popis, platiod, platido, timeinsert, timemodify, usermodify) VALUES ('afb3bf05-af0b-4e90-afd3-3f28dcb1fde7', '89627179-4a44-445f-8d36-e75c3fb5c91d', '11c78229-8f45-4011-a70a-8b176a590bb8', 'ac94579b-b602-4994-87b4-d0ebfc3f4dda', NULL, NULL, '2018-01-01 00:00:00', '2100-01-01 00:00:00', '2018-03-28 19:24:33.670004', '2018-04-04 23:39:19.14992', 'postgres');
INSERT INTO dispecerhl (id, idoso, idtypschv, idtypzdr, iddisphl, popis, platiod, platido, timeinsert, timemodify, usermodify) VALUES ('65158cc6-b919-4722-8626-a581ae96aa31', '89b7cdf7-33b9-45aa-a63f-ca7cd8f29af0', '11c78229-8f45-4011-a70a-8b176a590bb8', 'ac94579b-b602-4994-87b4-d0ebfc3f4dda', 'afb3bf05-af0b-4e90-afd3-3f28dcb1fde7', NULL, '2018-01-01 00:00:00', '2100-01-01 00:00:00', '2018-03-28 21:00:55.114286', '2018-04-04 23:39:19.14992', 'postgres');
INSERT INTO dispecerhl (id, idoso, idtypschv, idtypzdr, iddisphl, popis, platiod, platido, timeinsert, timemodify, usermodify) VALUES ('71e76853-cc47-46b7-b4cf-e9c1f88ab6af', '4a3ef679-87d0-479b-995e-1218296efc5b', '11c78229-8f45-4011-a70a-8b176a590bb8', 'ac94579b-b602-4994-87b4-d0ebfc3f4dda', 'afb3bf05-af0b-4e90-afd3-3f28dcb1fde7', NULL, '2018-01-01 00:00:00', '2100-01-01 00:00:00', '2018-03-28 21:15:04.023588', '2018-04-04 23:39:19.14992', 'postgres');
INSERT INTO dispecerhl (id, idoso, idtypschv, idtypzdr, iddisphl, popis, platiod, platido, timeinsert, timemodify, usermodify) VALUES ('254119fd-ae81-4d1e-86c9-f3513eff3b7b', 'dcb31c8c-51f1-404a-9691-e6d16aa296b5', '11c78229-8f45-4011-a70a-8b176a590bb8', 'ac94579b-b602-4994-87b4-d0ebfc3f4dda', 'afb3bf05-af0b-4e90-afd3-3f28dcb1fde7', NULL, '2018-01-01 00:00:00', '2100-01-01 00:00:00', '2018-03-28 21:31:17.149315', '2018-04-04 23:39:19.14992', 'postgres');
INSERT INTO dispecerhl (id, idoso, idtypschv, idtypzdr, iddisphl, popis, platiod, platido, timeinsert, timemodify, usermodify) VALUES ('d7af3a3e-ad91-4875-82aa-72666b8c9850', 'dcb31c8c-51f1-404a-9691-e6d16aa296b5', '11c78229-8f45-4011-a70a-8b176a590bb8', 'ac94579b-b602-4994-87b4-d0ebfc3f4dda', 'afb3bf05-af0b-4e90-afd3-3f28dcb1fde7', NULL, '2018-01-01 00:00:00', '2100-01-01 00:00:00', '2018-03-28 19:25:22.971796', '2018-04-04 23:39:19.14992', 'postgres');
INSERT INTO dispecerhl (id, idoso, idtypschv, idtypzdr, iddisphl, popis, platiod, platido, timeinsert, timemodify, usermodify) VALUES ('317c90ed-e9c5-49f3-9306-d827b931e969', 'ad0308dc-53e2-4ede-9f61-7afc9a72739a', '11c78229-8f45-4011-a70a-8b176a590bb8', 'ac94579b-b602-4994-87b4-d0ebfc3f4dda', 'afb3bf05-af0b-4e90-afd3-3f28dcb1fde7', NULL, '2018-01-01 00:00:00', '2100-01-01 00:00:00', '2018-03-28 21:00:55.114286', '2018-04-04 23:39:19.14992', 'postgres');


--
-- TOC entry 2996 (class 0 OID 24713)
-- Dependencies: 199
-- Data for Name: dispecerpol; Type: TABLE DATA; Schema: public; Owner: postgres
--

INSERT INTO dispecerpol (id, iddisphl, idoso, idzdr, popis, platiod, platido, timeinsert, timemodify, usermodify) VALUES ('4266a0b9-af7b-499b-8ff1-e349a13308f5', '36f65fb9-b304-4c53-bb02-102245aa7c80', 'cdc12e7d-6ecb-48a4-b5d2-d45e2eb14efd', NULL, NULL, '2017-01-01 00:00:00', '2100-01-01 00:00:00', '2018-03-28 16:07:34.882615', '2018-03-28 16:15:03.153255', 'postgres');
INSERT INTO dispecerpol (id, iddisphl, idoso, idzdr, popis, platiod, platido, timeinsert, timemodify, usermodify) VALUES ('61cd90d7-9f62-411b-aba2-76c2044fb76d', '36f65fb9-b304-4c53-bb02-102245aa7c80', 'eec8e570-5c30-4471-ab6c-17a6e7ced242', NULL, NULL, '2017-01-01 00:00:00', '2100-01-01 00:00:00', '2018-03-28 16:15:03.156255', '2018-03-28 16:15:03.156255', 'postgres');
INSERT INTO dispecerpol (id, iddisphl, idoso, idzdr, popis, platiod, platido, timeinsert, timemodify, usermodify) VALUES ('2bf3d30b-9c05-4b25-9064-6dac17463b08', '68ff85d0-f90c-469f-bd06-837b6e276294', NULL, 'e09f2a43-a6cb-4453-9263-90d8b62f285b', NULL, '2018-01-01 00:00:00', '2100-01-01 00:00:00', '2018-03-28 19:19:00.560353', '2018-03-28 19:21:13.681942', 'postgres');
INSERT INTO dispecerpol (id, iddisphl, idoso, idzdr, popis, platiod, platido, timeinsert, timemodify, usermodify) VALUES ('9a9c9f79-5ded-4d6a-8fc1-d99cbade1732', '68ff85d0-f90c-469f-bd06-837b6e276294', NULL, '8b76ac76-d066-46e2-a838-5632fe6b5def', NULL, '2018-01-01 00:00:00', '2100-01-01 00:00:00', '2018-03-28 19:19:00.560353', '2018-03-28 19:21:13.681942', 'postgres');
INSERT INTO dispecerpol (id, iddisphl, idoso, idzdr, popis, platiod, platido, timeinsert, timemodify, usermodify) VALUES ('877ad803-c113-4af1-b4ff-f01b0143745a', '68ff85d0-f90c-469f-bd06-837b6e276294', NULL, '29c7d88d-d1a5-49cb-bb68-1fa0323c0f47', NULL, '2018-01-01 00:00:00', '2100-01-01 00:00:00', '2018-03-28 19:19:00.560353', '2018-03-28 19:21:13.681942', 'postgres');
INSERT INTO dispecerpol (id, iddisphl, idoso, idzdr, popis, platiod, platido, timeinsert, timemodify, usermodify) VALUES ('72f8841b-3ad4-471b-847e-55c1ae0c19bf', '68ff85d0-f90c-469f-bd06-837b6e276294', NULL, '8f677b81-a268-4c6a-8387-c7b9518ed514', NULL, '2018-01-01 00:00:00', '2100-01-01 00:00:00', '2018-03-28 19:19:00.560353', '2018-03-28 19:21:13.681942', 'postgres');
INSERT INTO dispecerpol (id, iddisphl, idoso, idzdr, popis, platiod, platido, timeinsert, timemodify, usermodify) VALUES ('95be8aea-a6e5-4f66-939f-3da7147b7aae', '68ff85d0-f90c-469f-bd06-837b6e276294', NULL, '3f3ce6c7-e433-45b9-b75f-994e1df2c7c6', NULL, '2018-01-01 00:00:00', '2100-01-01 00:00:00', '2018-03-28 19:19:00.560353', '2018-03-28 19:21:13.681942', 'postgres');
INSERT INTO dispecerpol (id, iddisphl, idoso, idzdr, popis, platiod, platido, timeinsert, timemodify, usermodify) VALUES ('ffefb8ae-08ce-4042-a248-1d395f4c9b15', '68ff85d0-f90c-469f-bd06-837b6e276294', NULL, '99529a46-dae0-4992-9e44-0915ced80fe4', NULL, '2018-01-01 00:00:00', '2100-01-01 00:00:00', '2018-03-28 19:19:00.560353', '2018-03-28 19:21:13.681942', 'postgres');
INSERT INTO dispecerpol (id, iddisphl, idoso, idzdr, popis, platiod, platido, timeinsert, timemodify, usermodify) VALUES ('af22845b-91fd-4315-96c7-536a32e21df5', 'afb3bf05-af0b-4e90-afd3-3f28dcb1fde7', 'dcb31c8c-51f1-404a-9691-e6d16aa296b5', NULL, NULL, '2018-01-01 00:00:00', '2100-01-01 00:00:00', '2018-03-28 21:15:04.023588', '2018-04-04 23:39:19.14992', 'postgres');
INSERT INTO dispecerpol (id, iddisphl, idoso, idzdr, popis, platiod, platido, timeinsert, timemodify, usermodify) VALUES ('9a9ea2ac-3f6b-4506-bd82-f2f449aa9bd9', 'afb3bf05-af0b-4e90-afd3-3f28dcb1fde7', '7d6e24cd-e8d6-4b8d-ac97-6ea60f1601cb', NULL, NULL, '2018-01-01 00:00:00', '2100-01-01 00:00:00', '2018-03-28 21:31:17.149315', '2018-04-04 23:39:19.14992', 'postgres');
INSERT INTO dispecerpol (id, iddisphl, idoso, idzdr, popis, platiod, platido, timeinsert, timemodify, usermodify) VALUES ('86926a22-eee1-47be-8ecf-3c51abd85224', 'afb3bf05-af0b-4e90-afd3-3f28dcb1fde7', '268c3b06-cc67-46b5-89ad-7c203e7181a6', NULL, NULL, '2018-01-01 00:00:00', '2100-01-01 00:00:00', '2018-03-28 21:31:17.149315', '2018-04-04 23:39:19.14992', 'postgres');
INSERT INTO dispecerpol (id, iddisphl, idoso, idzdr, popis, platiod, platido, timeinsert, timemodify, usermodify) VALUES ('ccb4c19a-cf14-4017-934f-ef4141149e11', 'afb3bf05-af0b-4e90-afd3-3f28dcb1fde7', NULL, NULL, NULL, '2018-01-01 00:00:00', '2100-01-01 00:00:00', '2018-03-30 00:08:32.487337', '2018-04-04 23:39:19.14992', 'postgres');
INSERT INTO dispecerpol (id, iddisphl, idoso, idzdr, popis, platiod, platido, timeinsert, timemodify, usermodify) VALUES ('932cf38b-f0db-401d-960d-d693ed1374c7', 'afb3bf05-af0b-4e90-afd3-3f28dcb1fde7', NULL, NULL, NULL, '2018-01-01 00:00:00', '2100-01-01 00:00:00', '2018-03-30 00:08:32.487337', '2018-04-04 23:39:19.14992', 'postgres');
INSERT INTO dispecerpol (id, iddisphl, idoso, idzdr, popis, platiod, platido, timeinsert, timemodify, usermodify) VALUES ('3f9ebada-55fe-43c4-ab7b-c7671e53c435', 'afb3bf05-af0b-4e90-afd3-3f28dcb1fde7', NULL, NULL, NULL, '2018-01-01 00:00:00', '2100-01-01 00:00:00', '2018-03-30 00:08:32.487337', '2018-04-04 23:39:19.14992', 'postgres');
INSERT INTO dispecerpol (id, iddisphl, idoso, idzdr, popis, platiod, platido, timeinsert, timemodify, usermodify) VALUES ('345812ff-1873-451e-b252-dfece3bde22d', 'afb3bf05-af0b-4e90-afd3-3f28dcb1fde7', '9960cbb8-db3a-4dfc-9292-fab189f9040e', NULL, NULL, '2018-01-01 00:00:00', '2018-03-01 00:00:00', '2018-03-28 19:24:33.670004', '2018-04-04 23:39:19.14992', 'postgres');
INSERT INTO dispecerpol (id, iddisphl, idoso, idzdr, popis, platiod, platido, timeinsert, timemodify, usermodify) VALUES ('bec611bb-05b6-4447-bd6a-173e37e8e679', 'afb3bf05-af0b-4e90-afd3-3f28dcb1fde7', '8b24fa34-03aa-4a82-bfeb-bb044d252be8', NULL, NULL, '2018-01-01 00:00:00', '2100-01-01 00:00:00', '2018-03-28 19:24:33.670004', '2018-04-04 23:39:19.14992', 'postgres');
INSERT INTO dispecerpol (id, iddisphl, idoso, idzdr, popis, platiod, platido, timeinsert, timemodify, usermodify) VALUES ('d27ef517-8f75-4c25-8479-2732f51dc33c', 'afb3bf05-af0b-4e90-afd3-3f28dcb1fde7', NULL, NULL, NULL, '2018-01-01 00:00:00', '2100-01-01 00:00:00', '2018-03-30 00:08:32.487337', '2018-04-04 23:39:19.14992', 'postgres');
INSERT INTO dispecerpol (id, iddisphl, idoso, idzdr, popis, platiod, platido, timeinsert, timemodify, usermodify) VALUES ('3abfe106-d506-4daa-8167-86307f1dfd4c', 'afb3bf05-af0b-4e90-afd3-3f28dcb1fde7', NULL, NULL, NULL, '2018-01-01 00:00:00', '2100-01-01 00:00:00', '2018-03-30 00:08:32.487337', '2018-04-04 23:39:19.14992', 'postgres');
INSERT INTO dispecerpol (id, iddisphl, idoso, idzdr, popis, platiod, platido, timeinsert, timemodify, usermodify) VALUES ('c6b69cc2-a092-4dd5-bcad-9442d4ef63ea', 'afb3bf05-af0b-4e90-afd3-3f28dcb1fde7', NULL, NULL, NULL, '2018-01-01 00:00:00', '2100-01-01 00:00:00', '2018-03-30 00:08:32.487337', '2018-04-04 23:39:19.14992', 'postgres');
INSERT INTO dispecerpol (id, iddisphl, idoso, idzdr, popis, platiod, platido, timeinsert, timemodify, usermodify) VALUES ('75da3b30-49ea-4e65-b261-cefde16361ce', '734607fa-4c7e-4692-bb4b-7a2020760e32', '9960cbb8-db3a-4dfc-9292-fab189f9040e', NULL, NULL, '2018-01-01 00:00:00', '2017-11-01 00:00:00', '2018-04-03 22:17:46.651651', '2018-04-05 00:03:58.186209', 'postgres');
INSERT INTO dispecerpol (id, iddisphl, idoso, idzdr, popis, platiod, platido, timeinsert, timemodify, usermodify) VALUES ('aba848bb-f7fd-47d7-9409-f92ebb1a1f2c', 'afb3bf05-af0b-4e90-afd3-3f28dcb1fde7', NULL, NULL, NULL, '2018-01-01 00:00:00', '2100-01-01 00:00:00', '2018-03-30 00:08:32.487337', '2018-04-04 23:39:19.14992', 'postgres');
INSERT INTO dispecerpol (id, iddisphl, idoso, idzdr, popis, platiod, platido, timeinsert, timemodify, usermodify) VALUES ('9492b32f-9f55-43a4-a642-d025d82771fa', 'afb3bf05-af0b-4e90-afd3-3f28dcb1fde7', NULL, NULL, NULL, '2018-01-01 00:00:00', '2100-01-01 00:00:00', '2018-03-30 00:08:32.487337', '2018-04-04 23:39:19.14992', 'postgres');
INSERT INTO dispecerpol (id, iddisphl, idoso, idzdr, popis, platiod, platido, timeinsert, timemodify, usermodify) VALUES ('165896a1-e298-41fd-af2e-0ba7790edb06', 'afb3bf05-af0b-4e90-afd3-3f28dcb1fde7', NULL, NULL, NULL, '2018-01-01 00:00:00', '2100-01-01 00:00:00', '2018-03-30 00:08:32.487337', '2018-04-04 23:39:19.14992', 'postgres');
INSERT INTO dispecerpol (id, iddisphl, idoso, idzdr, popis, platiod, platido, timeinsert, timemodify, usermodify) VALUES ('ea10106a-4b41-4ff7-aba9-59bd74182d5d', 'afb3bf05-af0b-4e90-afd3-3f28dcb1fde7', NULL, NULL, NULL, '2018-01-01 00:00:00', '2100-01-01 00:00:00', '2018-03-30 00:08:32.487337', '2018-04-04 23:39:19.14992', 'postgres');
INSERT INTO dispecerpol (id, iddisphl, idoso, idzdr, popis, platiod, platido, timeinsert, timemodify, usermodify) VALUES ('fca2b3d5-1d0d-44af-abd8-a31fd75d6904', 'afb3bf05-af0b-4e90-afd3-3f28dcb1fde7', NULL, NULL, NULL, '2018-01-01 00:00:00', '2100-01-01 00:00:00', '2018-03-30 00:08:32.487337', '2018-04-04 23:39:19.14992', 'postgres');
INSERT INTO dispecerpol (id, iddisphl, idoso, idzdr, popis, platiod, platido, timeinsert, timemodify, usermodify) VALUES ('21b27ab6-7b0f-4995-9fb2-c880f77de4d0', 'afb3bf05-af0b-4e90-afd3-3f28dcb1fde7', NULL, NULL, NULL, '2018-01-01 00:00:00', '2100-01-01 00:00:00', '2018-03-30 00:08:32.487337', '2018-04-04 23:39:19.14992', 'postgres');
INSERT INTO dispecerpol (id, iddisphl, idoso, idzdr, popis, platiod, platido, timeinsert, timemodify, usermodify) VALUES ('d33b83ce-e799-4ed1-8c83-2f66160e970c', 'afb3bf05-af0b-4e90-afd3-3f28dcb1fde7', NULL, NULL, NULL, '2018-01-01 00:00:00', '2100-01-01 00:00:00', '2018-03-30 00:08:32.487337', '2018-04-04 23:39:19.14992', 'postgres');
INSERT INTO dispecerpol (id, iddisphl, idoso, idzdr, popis, platiod, platido, timeinsert, timemodify, usermodify) VALUES ('55c87109-80e0-43ee-bb99-a14d95f6e226', 'afb3bf05-af0b-4e90-afd3-3f28dcb1fde7', NULL, NULL, NULL, '2018-01-01 00:00:00', '2100-01-01 00:00:00', '2018-03-30 00:08:32.487337', '2018-04-04 23:39:19.14992', 'postgres');
INSERT INTO dispecerpol (id, iddisphl, idoso, idzdr, popis, platiod, platido, timeinsert, timemodify, usermodify) VALUES ('bce2399f-4f32-4caf-a704-1fd301945602', 'afb3bf05-af0b-4e90-afd3-3f28dcb1fde7', NULL, NULL, NULL, '2018-01-01 00:00:00', '2100-01-01 00:00:00', '2018-03-30 00:08:32.487337', '2018-04-04 23:39:19.14992', 'postgres');
INSERT INTO dispecerpol (id, iddisphl, idoso, idzdr, popis, platiod, platido, timeinsert, timemodify, usermodify) VALUES ('5fe11155-1a83-4bb0-b16e-f9de644b4378', 'afb3bf05-af0b-4e90-afd3-3f28dcb1fde7', NULL, NULL, NULL, '2018-01-01 00:00:00', '2100-01-01 00:00:00', '2018-03-30 00:08:32.487337', '2018-04-04 23:39:19.14992', 'postgres');
INSERT INTO dispecerpol (id, iddisphl, idoso, idzdr, popis, platiod, platido, timeinsert, timemodify, usermodify) VALUES ('87780b5b-d747-4613-9930-61e7e9704d21', 'afb3bf05-af0b-4e90-afd3-3f28dcb1fde7', NULL, NULL, NULL, '2018-01-01 00:00:00', '2100-01-01 00:00:00', '2018-03-30 00:08:32.487337', '2018-04-04 23:39:19.14992', 'postgres');
INSERT INTO dispecerpol (id, iddisphl, idoso, idzdr, popis, platiod, platido, timeinsert, timemodify, usermodify) VALUES ('9b5a71ec-73ad-4b40-9c78-37ef96fb0afb', 'afb3bf05-af0b-4e90-afd3-3f28dcb1fde7', NULL, NULL, NULL, '2018-01-01 00:00:00', '2100-01-01 00:00:00', '2018-03-30 00:08:32.487337', '2018-04-04 23:39:19.14992', 'postgres');
INSERT INTO dispecerpol (id, iddisphl, idoso, idzdr, popis, platiod, platido, timeinsert, timemodify, usermodify) VALUES ('cf232a18-2b70-495d-9d01-5812364a853b', '734607fa-4c7e-4692-bb4b-7a2020760e32', 'f3cdcde5-1a1d-4902-9c65-f01658b889c9', NULL, NULL, '2018-01-01 00:00:00', '2100-01-01 00:00:00', '2018-04-03 22:21:43.036157', '2018-04-05 00:03:58.186209', 'postgres');
INSERT INTO dispecerpol (id, iddisphl, idoso, idzdr, popis, platiod, platido, timeinsert, timemodify, usermodify) VALUES ('80d4a135-fbac-4075-9cd8-fd684d32864d', '734607fa-4c7e-4692-bb4b-7a2020760e32', 'dcb31c8c-51f1-404a-9691-e6d16aa296b5', NULL, NULL, '2018-01-01 00:00:00', '2100-01-01 00:00:00', '2018-04-04 22:46:32.107902', '2018-04-05 00:03:58.186209', 'postgres');
INSERT INTO dispecerpol (id, iddisphl, idoso, idzdr, popis, platiod, platido, timeinsert, timemodify, usermodify) VALUES ('b2392bf7-0d6b-4063-bc53-1442e75b17e1', 'afb3bf05-af0b-4e90-afd3-3f28dcb1fde7', NULL, NULL, NULL, '2018-01-01 00:00:00', '2100-01-01 00:00:00', '2018-03-30 00:08:32.487337', '2018-04-04 23:39:19.14992', 'postgres');
INSERT INTO dispecerpol (id, iddisphl, idoso, idzdr, popis, platiod, platido, timeinsert, timemodify, usermodify) VALUES ('2bb118ef-b505-4cd9-a6b7-5bfc7177319a', 'afb3bf05-af0b-4e90-afd3-3f28dcb1fde7', NULL, NULL, NULL, '2018-01-01 00:00:00', '2100-01-01 00:00:00', '2018-03-30 00:08:32.487337', '2018-04-04 23:39:19.14992', 'postgres');
INSERT INTO dispecerpol (id, iddisphl, idoso, idzdr, popis, platiod, platido, timeinsert, timemodify, usermodify) VALUES ('89871124-75f2-4b3c-9d01-3d449424e952', 'afb3bf05-af0b-4e90-afd3-3f28dcb1fde7', '565b2abc-810d-41cc-9a71-7031907263bf', NULL, NULL, '2018-01-01 00:00:00', '2100-01-01 00:00:00', '2018-04-04 22:45:38.985095', '2018-04-04 23:39:19.14992', 'postgres');
INSERT INTO dispecerpol (id, iddisphl, idoso, idzdr, popis, platiod, platido, timeinsert, timemodify, usermodify) VALUES ('4c928b58-2a76-4916-ab46-342fd14ab447', 'afb3bf05-af0b-4e90-afd3-3f28dcb1fde7', '28af01c3-3e29-4a3e-ab25-be6a5dc2b0f2', NULL, NULL, '2018-01-01 00:00:00', '2100-01-01 00:00:00', '2018-04-04 22:45:38.985095', '2018-04-04 23:39:19.14992', 'postgres');


--
-- TOC entry 2997 (class 0 OID 24725)
-- Dependencies: 200
-- Data for Name: email; Type: TABLE DATA; Schema: public; Owner: postgres
--



--
-- TOC entry 2998 (class 0 OID 24732)
-- Dependencies: 201
-- Data for Name: log; Type: TABLE DATA; Schema: public; Owner: postgres
--

INSERT INTO log (id, tblid, tblname, idakt, idzdr, idcest, idrez, iducast, idoso, popis, platiod, platido, timeinsert, timemodify, usermodify) VALUES ('153e93f8-6085-4a50-8c83-1d703fa29a70', '153e93f8-6085-4a50-8c83-1d703fa29a70', 'dispecerhl', NULL, NULL, NULL, NULL, NULL, NULL, ' ', '2017-01-01 00:00:00', '2100-12-31 00:00:00', '2018-01-04 13:36:18.309', '2018-01-04 13:36:18.309', 'postgres');


--
-- TOC entry 2999 (class 0 OID 24738)
-- Dependencies: 202
-- Data for Name: osoba; Type: TABLE DATA; Schema: public; Owner: postgres
--

INSERT INTO osoba (id, name, password, extid, komentar, skupina, email, popis, platiod, platido, timeinsert, timemodify, usermodify) VALUES ('3d28dc44-d7f9-4372-917a-a06b6efdfab9', 'vylezikova', 'b0611bbc8ceee2b7a6dcae1a63210d16', 146, '', 'USER', 'mvylezikova@mukrnov.cz', 'Vyležíková Monika, Ing. Bc.', '2017-01-01 14:22:56.884', '2100-12-31 14:22:56.884', '2017-08-17 14:23:13.643', '2017-11-24 12:29:30.367', 'postgres');
INSERT INTO osoba (id, name, password, extid, komentar, skupina, email, popis, platiod, platido, timeinsert, timemodify, usermodify) VALUES ('a2cb9889-460e-4555-9440-bfd0935b23f8', 'malikova', '3f6dc86f9c6d8a669a59c14f91bb0f4d', 155, '', 'USER', 'jmalikova@mukrnov.cz', 'Malíková Jana', '2017-01-01 14:22:56.884', '2100-12-31 14:22:56.884', '2017-08-17 14:23:13.743', '2017-11-24 12:29:30.367', 'postgres');
INSERT INTO osoba (id, name, password, extid, komentar, skupina, email, popis, platiod, platido, timeinsert, timemodify, usermodify) VALUES ('d39aed8f-c067-48a4-b195-017956b21eee', 'pavlusova', '14c97793734d53373596a55d5ec2ae93', 157, '', 'USER', 'zpavlusova@mukrnov.cz', 'Pavlusová Zuzana, Bc. DiS.', '2017-01-01 14:22:56.884', '2100-12-31 14:22:56.884', '2017-08-17 14:23:13.842', '2017-11-24 12:29:30.367', 'postgres');
INSERT INTO osoba (id, name, password, extid, komentar, skupina, email, popis, platiod, platido, timeinsert, timemodify, usermodify) VALUES ('4fde1d9f-a4e7-4f8c-92c9-049d7f74be64', 'charvat', '10026442a2b4531a1c7476190854b28a', 164, '', 'USER', 'lcharvat@mukrnov.cz', 'Charvát Ladislav, Ing.', '2017-01-01 14:22:56.884', '2100-12-31 14:22:56.884', '2017-08-17 14:23:13.943', '2017-11-24 12:29:30.367', 'postgres');
INSERT INTO osoba (id, name, password, extid, komentar, skupina, email, popis, platiod, platido, timeinsert, timemodify, usermodify) VALUES ('1084df82-f209-4fe4-af0a-fe77dd5836bf', 'fojtik', '5972cfe0a8582558fdb9d97f83e380aa', 165, '', 'USER', 'ffojtik@mukrnov.cz', 'Fojtík František, ThMgr.', '2017-01-01 14:22:56.884', '2100-12-31 14:22:56.884', '2017-08-17 14:23:14.045', '2017-11-24 12:29:30.367', 'postgres');
INSERT INTO osoba (id, name, password, extid, komentar, skupina, email, popis, platiod, platido, timeinsert, timemodify, usermodify) VALUES ('72378bf4-f712-49a5-922b-e2dd545cdb96', 'herelova', '3dbacfd76b0a040ccad1eacb20def4c8', 166, '', 'USER', 'zherelova@mukrnov.cz', 'Herelová Zdena', '2017-01-01 14:22:56.884', '2100-12-31 14:22:56.884', '2017-08-17 14:23:14.144', '2017-11-24 12:29:30.367', 'postgres');
INSERT INTO osoba (id, name, password, extid, komentar, skupina, email, popis, platiod, platido, timeinsert, timemodify, usermodify) VALUES ('f5a615f1-6afb-4eea-81ef-208d42c08058', 'hranec', '08c874946846307c45c078cd5931dddc', 167, '', 'USER', 'jhranec@mukrnov.cz', 'Hranec Josef, Ing.', '2017-01-01 14:22:56.884', '2100-12-31 14:22:56.884', '2017-08-17 14:23:14.245', '2017-11-24 12:29:30.367', 'postgres');
INSERT INTO osoba (id, name, password, extid, komentar, skupina, email, popis, platiod, platido, timeinsert, timemodify, usermodify) VALUES ('b5164366-0109-4533-980e-1c7d23d2a585', 'jatzkova', '85e6b1d7fa6ce70509e510e727befd8c', 169, '', 'USER', 'djatzkova@mukrnov.cz', 'Jatzková Dagmar, Bc. DiS.', '2017-01-01 14:22:56.884', '2100-12-31 14:22:56.884', '2017-08-17 14:23:14.344', '2017-11-24 12:29:30.367', 'postgres');
INSERT INTO osoba (id, name, password, extid, komentar, skupina, email, popis, platiod, platido, timeinsert, timemodify, usermodify) VALUES ('e077b9e7-b145-4147-9c08-dd3f12a16d76', 'knoppova', 'fcde7ea30e3607b3e0ad26ab60ed5b56', 170, '', 'USER', 'lknoppova@mukrnov.cz', 'Knoppová Lenka', '2017-01-01 14:22:56.884', '2100-12-31 14:22:56.884', '2017-08-17 14:23:14.446', '2017-11-24 12:29:30.367', 'postgres');
INSERT INTO osoba (id, name, password, extid, komentar, skupina, email, popis, platiod, platido, timeinsert, timemodify, usermodify) VALUES ('40c4cb3e-e4b0-4151-8668-404a273f20e9', 'kolarik', '1cf938cf6e26833a445b74702e779fc8', 171, '', 'USER', 'tkolarik@mukrnov.cz', 'Kolárik Tomáš, Ing.', '2017-01-01 14:22:56.884', '2100-12-31 14:22:56.884', '2017-08-17 14:23:14.544', '2017-11-24 12:29:30.367', 'postgres');
INSERT INTO osoba (id, name, password, extid, komentar, skupina, email, popis, platiod, platido, timeinsert, timemodify, usermodify) VALUES ('b09c5af8-9937-4732-b6ed-eddbcef83700', 'kotaskova', 'b36c1c6e850c0b501e1127b3dcf50207', 172, '', 'USER', 'lkotaskova@mukrnov.cz', 'Kotásková Lenka, PhDr.', '2017-01-01 14:22:56.884', '2100-12-31 14:22:56.884', '2017-08-17 14:23:14.645', '2017-11-24 12:29:30.367', 'postgres');
INSERT INTO osoba (id, name, password, extid, komentar, skupina, email, popis, platiod, platido, timeinsert, timemodify, usermodify) VALUES ('eb6f8387-86c7-48a5-82fd-6c1a4a5751e7', 'kucerova', '961cf60c303d11561e103f194a86c19a', 173, '', 'USER', 'ikucerova@mukrnov.cz', 'Kučerová Ivana', '2017-01-01 14:22:56.884', '2100-12-31 14:22:56.884', '2017-08-17 14:23:14.749', '2017-11-24 12:29:30.367', 'postgres');
INSERT INTO osoba (id, name, password, extid, komentar, skupina, email, popis, platiod, platido, timeinsert, timemodify, usermodify) VALUES ('6b8fa0af-87d8-4de7-b463-df41da77b013', 'mohyla', '8da0dd52e2ee6c04528ede0cd84e6770', 174, '', 'USER', 'mmohyla@mukrnov.cz', 'Mohyla Miroslav, Ing.', '2017-01-01 14:22:56.884', '2100-12-31 14:22:56.884', '2017-08-17 14:23:14.853', '2017-11-24 12:29:30.367', 'postgres');
INSERT INTO osoba (id, name, password, extid, komentar, skupina, email, popis, platiod, platido, timeinsert, timemodify, usermodify) VALUES ('5971966f-0aa9-428d-aba8-f233e3b246db', 'mondekova', '5d907853a9617cfd55fb62eae803595b', 175, '', 'USER', 'imondekova@mukrnov.cz', 'Mondeková Ivana', '2017-01-01 14:22:56.884', '2100-12-31 14:22:56.884', '2017-08-17 14:23:14.953', '2017-11-24 12:29:30.367', 'postgres');
INSERT INTO osoba (id, name, password, extid, komentar, skupina, email, popis, platiod, platido, timeinsert, timemodify, usermodify) VALUES ('ec8f83f3-7132-4ae9-8894-7f6a2cd6384c', 'nemcova', '1b47834a4d5053ae8c65f17693da70bd', 177, '', 'USER', 'dnemcova@mukrnov.cz', 'Němcová Dagmar', '2017-01-01 14:22:56.884', '2100-12-31 14:22:56.884', '2017-08-17 14:23:15.055', '2017-11-24 12:29:30.367', 'postgres');
INSERT INTO osoba (id, name, password, extid, komentar, skupina, email, popis, platiod, platido, timeinsert, timemodify, usermodify) VALUES ('03845e12-5e1b-4619-bec5-589287aec5d8', 'rihova', '045beeff57dd060e0734c44384fa88a9', 179, '', 'USER', 'prihova@mukrnov.cz', 'Říhová Pavlína, Ing.', '2017-01-01 14:22:56.884', '2100-12-31 14:22:56.884', '2017-08-17 14:23:15.165', '2017-11-24 12:29:30.367', 'postgres');
INSERT INTO osoba (id, name, password, extid, komentar, skupina, email, popis, platiod, platido, timeinsert, timemodify, usermodify) VALUES ('f5ac1710-f465-443f-bf28-ecac158b7249', 'svobodova', 'b15fbfaac3776e5a2ad330fbf7976da7', 181, '', 'USER', 'zsvobodova@mukrnov.cz', 'Svobodová Zdeňka, Ing.', '2017-01-01 14:22:56.884', '2100-12-31 14:22:56.884', '2017-08-17 14:23:15.265', '2017-11-24 12:29:30.367', 'postgres');
INSERT INTO osoba (id, name, password, extid, komentar, skupina, email, popis, platiod, platido, timeinsert, timemodify, usermodify) VALUES ('d8e80b76-7759-4cf4-a4b1-26bb373e7e03', 'tajemnik', '0bfcc170a7d9933b0555bf382435a9a8', 1, '', 'USER', NULL, NULL, '2017-01-01 14:22:56.884', '2100-12-31 14:22:56.884', '2017-08-17 14:23:15.365', '2017-11-24 12:29:30.367', 'postgres');
INSERT INTO osoba (id, name, password, extid, komentar, skupina, email, popis, platiod, platido, timeinsert, timemodify, usermodify) VALUES ('1e69067c-f66b-427c-adf3-c49601b0bf72', 'koniar', 'e10adc3949ba59abbe56e057f20f883e', 96, '', 'USER', 'mkoniar@mukrnov.cz', 'Koniar Miroslav', '2017-01-01 14:22:56.884', '2100-12-31 14:22:56.884', '2017-08-17 14:23:15.465', '2017-11-24 12:29:30.367', 'postgres');
INSERT INTO osoba (id, name, password, extid, komentar, skupina, email, popis, platiod, platido, timeinsert, timemodify, usermodify) VALUES ('b685470d-f39c-45d2-8a5d-bb27209d1190', 'mintalova', '7025df0e2bfdafc75cc48d4652e2475f', 156, '', 'USER', 'mmintalova@mukrnov.cz', 'Mintálová Markéta', '2017-01-01 14:22:56.884', '2100-12-31 14:22:56.884', '2017-08-17 14:23:15.565', '2017-11-24 12:29:30.367', 'postgres');
INSERT INTO osoba (id, name, password, extid, komentar, skupina, email, popis, platiod, platido, timeinsert, timemodify, usermodify) VALUES ('6ab3a4b3-5aff-4572-ae77-8f1a93f84560', 'balner', '1dba6ff89ddb37e14edf19c5edd23ba9', 199, '', 'USER', 'rbalner@mukrnov.cz', 'Balner Rostislav', '2017-01-01 14:22:56.884', '2100-12-31 14:22:56.884', '2017-08-17 14:23:15.667', '2017-11-24 12:29:30.367', 'postgres');
INSERT INTO osoba (id, name, password, extid, komentar, skupina, email, popis, platiod, platido, timeinsert, timemodify, usermodify) VALUES ('146aee00-0d7b-45ad-aa1e-a7107429e3f3', 'burgetova', '79c2b46ce2594ecbcb5b73e928345492', 200, '', 'USER', 'sburgetova@mukrnov.cz', 'Šárka Burgetová', '2017-01-01 14:22:56.884', '2100-12-31 14:22:56.884', '2017-08-17 14:23:15.76', '2017-11-24 12:29:30.367', 'postgres');
INSERT INTO osoba (id, name, password, extid, komentar, skupina, email, popis, platiod, platido, timeinsert, timemodify, usermodify) VALUES ('3eda9184-d7f8-4705-948a-a7340a11af33', 'chylikova', '9f5e1ce5f68774fae266f60a63b97add', 201, '', 'USER', 'jchylikova@mukrnov.cz', 'Chylíková Jana, Ing.', '2017-01-01 14:22:56.884', '2100-12-31 14:22:56.884', '2017-08-17 14:23:15.86', '2017-11-24 12:29:30.367', 'postgres');
INSERT INTO osoba (id, name, password, extid, komentar, skupina, email, popis, platiod, platido, timeinsert, timemodify, usermodify) VALUES ('0361aa67-c59d-4dd6-ae78-95be93a0b2f9', 'ivanic', 'e10adc3949ba59abbe56e057f20f883e', 202, '', 'USER', 'mivanic@mukrnov.cz', 'Ivanič Milan', '2017-01-01 14:22:56.884', '2100-12-31 14:22:56.884', '2017-08-17 14:23:15.961', '2017-11-24 12:29:30.367', 'postgres');
INSERT INTO osoba (id, name, password, extid, komentar, skupina, email, popis, platiod, platido, timeinsert, timemodify, usermodify) VALUES ('8976a173-fda3-441c-b4be-1d1c38e87603', 'kupkovska', '747279aa6c0b68deb61c6fcdf6b993b8', 203, '', 'USER', 'jkupkovska@mukrnov.cz', 'Mgr. Jana Kupkovská', '2017-01-01 14:22:56.884', '2100-12-31 14:22:56.884', '2017-08-17 14:23:16.061', '2017-11-24 12:29:30.367', 'postgres');
INSERT INTO osoba (id, name, password, extid, komentar, skupina, email, popis, platiod, platido, timeinsert, timemodify, usermodify) VALUES ('e63e4065-52f8-4c8d-8449-cdb901ed85e2', 'mertova', '06a31fdb99b6bc5f173544970d3e0e0d', 204, '', 'USER', 'vmertova@mukrnov.cz', 'Mertová Věra', '2017-01-01 14:22:56.884', '2100-12-31 14:22:56.884', '2017-08-17 14:23:16.161', '2017-11-24 12:29:30.367', 'postgres');
INSERT INTO osoba (id, name, password, extid, komentar, skupina, email, popis, platiod, platido, timeinsert, timemodify, usermodify) VALUES ('37736ae7-6a01-4b79-a879-7dc6ce54ba7b', 'skalka', '417643d682c8805058b6913978809083', 205, '', 'USER', 'mskalka@mukrnov.cz', 'Skalka Michal, Mgr.', '2017-01-01 14:22:56.884', '2100-12-31 14:22:56.884', '2017-08-17 14:23:16.262', '2017-11-24 12:29:30.367', 'postgres');
INSERT INTO osoba (id, name, password, extid, komentar, skupina, email, popis, platiod, platido, timeinsert, timemodify, usermodify) VALUES ('013e8d1c-0752-4d48-847e-723e0671dc3d', 'vankova', '728f20f5b1a0e697e7bb26ead510170e', 206, '', 'USER', 'vvankova@mukrnov.cz', 'Vaňková Věra, Ing.', '2017-01-01 14:22:56.884', '2100-12-31 14:22:56.884', '2017-08-17 14:23:16.362', '2017-11-24 12:29:30.367', 'postgres');
INSERT INTO osoba (id, name, password, extid, komentar, skupina, email, popis, platiod, platido, timeinsert, timemodify, usermodify) VALUES ('5619147e-c118-45a7-a1db-14c6dcf7ff83', 'vitek', '6ad61cf51456e20a2b6d8db294314de8', 207, '', 'USER', 'dvitek@mukrnov.cz', 'Vítek Daniel, Bc.', '2017-01-01 14:22:56.884', '2100-12-31 14:22:56.884', '2017-08-17 14:23:16.462', '2017-11-24 12:29:30.367', 'postgres');
INSERT INTO osoba (id, name, password, extid, komentar, skupina, email, popis, platiod, platido, timeinsert, timemodify, usermodify) VALUES ('7d6e24cd-e8d6-4b8d-ac97-6ea60f1601cb', 'zukovsky', '3327d8348592024572ea50b7aac687f4', 208, '', 'USER', 'pzukovsky@mukrnov.cz', 'Bc. Petr Žukovský, DiS.', '2017-01-01 14:22:56.884', '2100-12-31 14:22:56.884', '2017-08-17 14:23:16.561', '2017-11-24 12:29:30.367', 'postgres');
INSERT INTO osoba (id, name, password, extid, komentar, skupina, email, popis, platiod, platido, timeinsert, timemodify, usermodify) VALUES ('28af01c3-3e29-4a3e-ab25-be6a5dc2b0f2', 'antony', 'ba66c7b382e1b9775cc3f402c0317e1a', 28, '', 'USER', 'pantony@mukrnov.cz', 'Antony Pavel, Mgr.', '2017-01-01 14:22:56.884', '2100-12-31 14:22:56.884', '2017-08-17 14:23:16.662', '2017-11-24 12:29:30.367', 'postgres');
INSERT INTO osoba (id, name, password, extid, komentar, skupina, email, popis, platiod, platido, timeinsert, timemodify, usermodify) VALUES ('4a3ef679-87d0-479b-995e-1218296efc5b', 'avrat', 'e10adc3949ba59abbe56e057f20f883e', 30, '', 'USER', 'javrat@mukrnov.cz', 'Avrat Josef', '2017-01-01 14:22:56.884', '2100-12-31 14:22:56.884', '2017-08-17 14:23:16.763', '2017-11-24 12:29:30.367', 'postgres');
INSERT INTO osoba (id, name, password, extid, komentar, skupina, email, popis, platiod, platido, timeinsert, timemodify, usermodify) VALUES ('871956a4-bd88-48a1-8f9e-2c2bc8962359', 'blascikova', 'bb0ed6ad56f41c6de469776171261226', 32, '', 'USER', 'ablascikova@mukrnov.cz', 'Blaščíková Alena, Ing.', '2017-01-01 14:22:56.884', '2100-12-31 14:22:56.884', '2017-08-17 14:23:16.863', '2017-11-24 12:29:30.367', 'postgres');
INSERT INTO osoba (id, name, password, extid, komentar, skupina, email, popis, platiod, platido, timeinsert, timemodify, usermodify) VALUES ('9776d84d-1360-4feb-ab6f-9601c85fc299', 'habova', 'c3b3921d18612605e3cb00346c034d2c', 33, '', 'USER', 'thabova@mukrnov.cz', 'Hábová Terezie', '2017-01-01 14:22:56.884', '2100-12-31 14:22:56.884', '2017-08-17 14:23:16.963', '2017-11-24 12:29:30.367', 'postgres');
INSERT INTO osoba (id, name, password, extid, komentar, skupina, email, popis, platiod, platido, timeinsert, timemodify, usermodify) VALUES ('d9de1eba-c538-4463-afea-0121cd0b44a7', 'makova', '10f6ee76653f6cad953714091cb30e81', 34, '', 'USER', 'lmakova@mukrnov.cz', 'Maková Lenka', '2017-01-01 14:22:56.884', '2100-12-31 14:22:56.884', '2017-08-17 14:23:17.063', '2017-11-24 12:29:30.367', 'postgres');
INSERT INTO osoba (id, name, password, extid, komentar, skupina, email, popis, platiod, platido, timeinsert, timemodify, usermodify) VALUES ('89b7cdf7-33b9-45aa-a63f-ca7cd8f29af0', 'sirova', 'c456c9f5779456243c053be6c2aa7d0d', 35, '', 'USER', 'asirova@mukrnov.cz', 'Šírová Andrea, Bc.', '2017-01-01 14:22:56.884', '2100-12-31 14:22:56.884', '2017-08-17 14:23:17.174', '2017-11-24 12:29:30.367', 'postgres');
INSERT INTO osoba (id, name, password, extid, komentar, skupina, email, popis, platiod, platido, timeinsert, timemodify, usermodify) VALUES ('61e6e118-5daa-4641-92fe-e78132323443', 'komorousova', 'dcdd917323b76d47cccd27581593fac7', 40, '', 'USER', 'mkomorousova@mukrnov.cz', 'Komorousová Marcela', '2017-01-01 14:22:56.884', '2100-12-31 14:22:56.884', '2017-08-17 14:23:17.284', '2017-11-24 12:29:30.367', 'postgres');
INSERT INTO osoba (id, name, password, extid, komentar, skupina, email, popis, platiod, platido, timeinsert, timemodify, usermodify) VALUES ('20af2dfd-c5b7-452f-9f4e-01970657193c', 'kristofikova', '842422dfc8ca47fdf171715604502130', 41, '', 'USER', 'bkristofikova@mukrnov.cz', 'Krištofíková Blanka, Bc.', '2017-01-01 14:22:56.884', '2100-12-31 14:22:56.884', '2017-08-17 14:23:17.384', '2017-11-24 12:29:30.367', 'postgres');
INSERT INTO osoba (id, name, password, extid, komentar, skupina, email, popis, platiod, platido, timeinsert, timemodify, usermodify) VALUES ('6ee5c6b8-b384-47f6-98f6-dacbd58a85a6', 'sevcikovar', '1d7c2923c1684726dc23d2901c4d8157', 42, '', 'USER', 'rsevcikova@mukrnov.cz', 'Ševčíková Regína', '2017-01-01 14:22:56.884', '2100-12-31 14:22:56.884', '2017-08-17 14:23:17.484', '2017-11-24 12:29:30.367', 'postgres');
INSERT INTO osoba (id, name, password, extid, komentar, skupina, email, popis, platiod, platido, timeinsert, timemodify, usermodify) VALUES ('328e1cd6-2bf1-463c-a849-c45b236d888d', 'silinkova', 'e70f59632bf17ffb43b4b27a558af326', 43, '', 'USER', 'isilinkova@mukrnov.cz', 'Šilinková Irena', '2017-01-01 14:22:56.884', '2100-12-31 14:22:56.884', '2017-08-17 14:23:17.583', '2017-11-24 12:29:30.367', 'postgres');
INSERT INTO osoba (id, name, password, extid, komentar, skupina, email, popis, platiod, platido, timeinsert, timemodify, usermodify) VALUES ('5e586704-c46b-415c-951b-099f2402a8bc', 'visnovska', 'a16ef59051cf3401b939ded7b288b192', 44, '', 'USER', 'kvisnovska@mukrnov.cz', 'Višňovská Kateřina, DiS.', '2017-01-01 14:22:56.884', '2100-12-31 14:22:56.884', '2017-08-17 14:23:17.704', '2017-11-24 12:29:30.367', 'postgres');
INSERT INTO osoba (id, name, password, extid, komentar, skupina, email, popis, platiod, platido, timeinsert, timemodify, usermodify) VALUES ('a8116f31-9f7f-440b-90f1-28c9ff433796', 'volek', '3f430abf3426c78f1c35343e1621469f', 45, '', 'USER', 'jvolek@mukrnov.cz', 'Volek Jakub', '2017-01-01 14:22:56.884', '2100-12-31 14:22:56.884', '2017-08-17 14:23:17.805', '2017-11-24 12:29:30.367', 'postgres');
INSERT INTO osoba (id, name, password, extid, komentar, skupina, email, popis, platiod, platido, timeinsert, timemodify, usermodify) VALUES ('eff7dc9c-12f5-49a5-ab61-ebb69ba51abd', 'zmudova', '323823623ebd4c9e0bf7f52383cf1983', 46, '', 'USER', 'rzmudova@mukrnov.cz', 'Zmudová Radka, Bc.', '2017-01-01 14:22:56.884', '2100-12-31 14:22:56.884', '2017-08-17 14:23:17.904', '2017-11-24 12:29:30.367', 'postgres');
INSERT INTO osoba (id, name, password, extid, komentar, skupina, email, popis, platiod, platido, timeinsert, timemodify, usermodify) VALUES ('cca7a7fe-8e9f-4584-b4cf-2df64055da31', 'lastuvkova', '9a2692ff6e843ec8e4b98daccbb88c16', 54, '', 'USER', 'ilastuvkova@mukrnov.cz', 'Laštůvková Iveta, Ing.', '2017-01-01 14:22:56.884', '2100-12-31 14:22:56.884', '2017-08-17 14:23:18.005', '2017-11-24 12:29:30.367', 'postgres');
INSERT INTO osoba (id, name, password, extid, komentar, skupina, email, popis, platiod, platido, timeinsert, timemodify, usermodify) VALUES ('568d2c83-fdd8-4cef-9441-878abbc18271', 'picova', 'a3de03cb426b5e36f5c7167b21395323', 55, '', 'USER', 'epicova@mukrnov.cz', 'Pícová Eva', '2017-01-01 14:22:56.884', '2100-12-31 14:22:56.884', '2017-08-17 14:23:18.106', '2017-11-24 12:29:30.367', 'postgres');
INSERT INTO osoba (id, name, password, extid, komentar, skupina, email, popis, platiod, platido, timeinsert, timemodify, usermodify) VALUES ('d8fdbb0b-ec65-40f8-8a85-ff864af7eaab', 'prosecka', '5e1693693a6fca8460e3adce094c495f', 59, '', 'USER', 'mprosecka@mukrnov.cz', 'Prosecká Miloslava', '2017-01-01 14:22:56.884', '2100-12-31 14:22:56.884', '2017-08-17 14:23:18.205', '2017-11-24 12:29:30.367', 'postgres');
INSERT INTO osoba (id, name, password, extid, komentar, skupina, email, popis, platiod, platido, timeinsert, timemodify, usermodify) VALUES ('65f9b0e0-65ac-46e6-9137-be398ab538d6', 'odstrcilova', 'bf305af57b909b9f148a17a575cbb4cb', 63, '', 'USER', 'modstrcilova@mukrnov.cz', 'Odstrčilová Monika, Bc.', '2017-01-01 14:22:56.884', '2100-12-31 14:22:56.884', '2017-08-17 14:23:18.307', '2017-11-24 12:29:30.367', 'postgres');
INSERT INTO osoba (id, name, password, extid, komentar, skupina, email, popis, platiod, platido, timeinsert, timemodify, usermodify) VALUES ('d79dc032-3650-492b-8f9f-752dddce8dad', 'zdvyhalova', '343e889c32adc16491fcf4cee27075ad', 75, '', 'USER', 'jzdvyhalova@mukrnov.cz', 'Zdvyhalová Jana, DiS.', '2017-01-01 14:22:56.884', '2100-12-31 14:22:56.884', '2017-08-17 14:23:18.406', '2017-11-24 12:29:30.367', 'postgres');
INSERT INTO osoba (id, name, password, extid, komentar, skupina, email, popis, platiod, platido, timeinsert, timemodify, usermodify) VALUES ('ccd41989-1daa-4037-af0e-2b8d4bd16d24', 'kolarova', '407e175a4e9bbd6c1c2650bda2bacf19', 58, '', 'USER', 'skolarova@mukrnov.cz', 'Kolářová Světlana', '2017-01-01 14:22:56.884', '2100-12-31 14:22:56.884', '2017-08-17 14:23:18.507', '2017-11-24 12:29:30.367', 'postgres');
INSERT INTO osoba (id, name, password, extid, komentar, skupina, email, popis, platiod, platido, timeinsert, timemodify, usermodify) VALUES ('5b194dee-49f6-4700-8c08-35123d5f3853', 'lantova', 'e10adc3949ba59abbe56e057f20f883e', 62, '', 'USER', 'dlantova@mukrnov.cz', 'Lantová Dagmar', '2017-01-01 14:22:56.884', '2100-12-31 14:22:56.884', '2017-08-17 14:23:18.607', '2017-11-24 12:29:30.367', 'postgres');
INSERT INTO osoba (id, name, password, extid, komentar, skupina, email, popis, platiod, platido, timeinsert, timemodify, usermodify) VALUES ('86b38b61-7591-4aa1-97f9-49fcdde9aeaa', 'sedlackova', '38f093f7d5fb12eed3e53490f1ea0f28', 64, '', 'USER', 'asedlackova@mukrnov.cz', 'Sedláčková Alena', '2017-01-01 14:22:56.884', '2100-12-31 14:22:56.884', '2017-08-17 14:23:18.707', '2017-11-24 12:29:30.367', 'postgres');
INSERT INTO osoba (id, name, password, extid, komentar, skupina, email, popis, platiod, platido, timeinsert, timemodify, usermodify) VALUES ('612294bd-1a7f-4632-a21a-e7177a2e17d6', 'sebelova', '3755d125ca8e3170e69ae44ebf54d8e7', 65, '', 'USER', 'dsebelova@mukrnov.cz', 'Šebelová Daša', '2017-01-01 14:22:56.884', '2100-12-31 14:22:56.884', '2017-08-17 14:23:18.807', '2017-11-24 12:29:30.367', 'postgres');
INSERT INTO osoba (id, name, password, extid, komentar, skupina, email, popis, platiod, platido, timeinsert, timemodify, usermodify) VALUES ('84a01552-2495-4562-97d6-23dc5b77b4ab', 'klusova', '338bd015fbbcc892bd733b67623cb731', 70, '', 'USER', 'sklusova@mukrnov.cz', 'Klusová Simona', '2017-01-01 14:22:56.884', '2100-12-31 14:22:56.884', '2017-08-17 14:23:18.907', '2017-11-24 12:29:30.367', 'postgres');
INSERT INTO osoba (id, name, password, extid, komentar, skupina, email, popis, platiod, platido, timeinsert, timemodify, usermodify) VALUES ('08ff7d87-dc86-4945-b176-15797609fa41', 'musilova', 'a13df554dec7a6b7ad4e7adecbbf36a3', 71, '', 'USER', 'mmusilova@mukrnov.cz', 'Musilová Marcela', '2017-01-01 14:22:56.884', '2100-12-31 14:22:56.884', '2017-08-17 14:23:19.008', '2017-11-24 12:29:30.367', 'postgres');
INSERT INTO osoba (id, name, password, extid, komentar, skupina, email, popis, platiod, platido, timeinsert, timemodify, usermodify) VALUES ('af01de84-545b-4d3b-a7a5-6db0203b5028', 'pyszkova', '66274b3c7cf5c9bba2d48d9f6b3db4b3', 72, '', 'USER', 'rpyszkova@mukrnov.cz', 'Pyszková Romana, Mgr.', '2017-01-01 14:22:56.884', '2100-12-31 14:22:56.884', '2017-08-17 14:23:19.107', '2017-11-24 12:29:30.367', 'postgres');
INSERT INTO osoba (id, name, password, extid, komentar, skupina, email, popis, platiod, platido, timeinsert, timemodify, usermodify) VALUES ('3e682f00-8259-42eb-ab1c-3909c2e180aa', 'reminkova', 'a4d9d0542719eb69cae78e98d6650cf9', 74, '', 'USER', 'kreminkova@mukrnov.cz', 'Řemínková Kateřina', '2017-01-01 14:22:56.884', '2100-12-31 14:22:56.884', '2017-08-17 14:23:19.208', '2017-11-24 12:29:30.367', 'postgres');
INSERT INTO osoba (id, name, password, extid, komentar, skupina, email, popis, platiod, platido, timeinsert, timemodify, usermodify) VALUES ('3886f5dc-0750-4e77-9860-f253fc928f50', 'canova', 'da63586c8e4bfc904f1d33b0dc6d4827', 86, '', 'USER', 'zcanova@mukrnov.cz', 'Čáňová Zdeňka', '2017-01-01 14:22:56.884', '2100-12-31 14:22:56.884', '2017-08-17 14:23:19.328', '2017-11-24 12:29:30.367', 'postgres');
INSERT INTO osoba (id, name, password, extid, komentar, skupina, email, popis, platiod, platido, timeinsert, timemodify, usermodify) VALUES ('ded6f3a6-cf4d-4446-bd72-1b2812af3dbb', 'kotas', 'a2124e097376598419dcdbab51906daa', 87, '', 'USER', 'akotas@mukrnov.cz', 'Kotas Aleš, Ing.', '2017-01-01 14:22:56.884', '2100-12-31 14:22:56.884', '2017-08-17 14:23:19.427', '2017-11-24 12:29:30.367', 'postgres');
INSERT INTO osoba (id, name, password, extid, komentar, skupina, email, popis, platiod, platido, timeinsert, timemodify, usermodify) VALUES ('8e4a8215-0378-4735-bd93-b6385a3a6047', 'kubalova', 'fccbce33643556ee698db7d599853a1f', 88, '', 'USER', 'pkubalova@mukrnov.cz', 'Kubalová Pavlína', '2017-01-01 14:22:56.884', '2100-12-31 14:22:56.884', '2017-08-17 14:23:19.528', '2017-11-24 12:29:30.367', 'postgres');
INSERT INTO osoba (id, name, password, extid, komentar, skupina, email, popis, platiod, platido, timeinsert, timemodify, usermodify) VALUES ('af488394-9fef-433e-8717-0ce8398e1ef8', 'sarmanova', '3dc7aa37e7714f5752ee1275dc205f52', 89, '', 'USER', 'zsarmanova@mukrnov.cz', 'Šarmanová Zdena, Ing.', '2017-01-01 14:22:56.884', '2100-12-31 14:22:56.884', '2017-08-17 14:23:19.628', '2017-11-24 12:29:30.367', 'postgres');
INSERT INTO osoba (id, name, password, extid, komentar, skupina, email, popis, platiod, platido, timeinsert, timemodify, usermodify) VALUES ('044f978b-f745-4091-be3d-a7ffc985872a', 'babusova', 'e10adc3949ba59abbe56e057f20f883e', 94, '', 'USER', 'jbabusova@mukrnov.cz', 'Babušová Jana', '2017-01-01 14:22:56.884', '2100-12-31 14:22:56.884', '2017-08-17 14:23:19.727', '2017-11-24 12:29:30.367', 'postgres');
INSERT INTO osoba (id, name, password, extid, komentar, skupina, email, popis, platiod, platido, timeinsert, timemodify, usermodify) VALUES ('493e203f-08f1-4ea5-8db1-6aa3985db50e', 'herynkova', 'e10adc3949ba59abbe56e057f20f883e', 95, '', 'USER', 'jherynkova@mukrnov.cz', 'Herynková Jaroslava', '2017-01-01 14:22:56.884', '2100-12-31 14:22:56.884', '2017-08-17 14:23:19.827', '2017-11-24 12:29:30.367', 'postgres');
INSERT INTO osoba (id, name, password, extid, komentar, skupina, email, popis, platiod, platido, timeinsert, timemodify, usermodify) VALUES ('388c7961-00f9-4cc3-a65a-bcd6a90803c1', 'krcmarikova', 'e10adc3949ba59abbe56e057f20f883e', 97, '', 'USER', 'jkrcmarikova@mukrnov.cz', 'Krčmaříková Jana', '2017-01-01 14:22:56.884', '2100-12-31 14:22:56.884', '2017-08-17 14:23:19.929', '2017-11-24 12:29:30.367', 'postgres');
INSERT INTO osoba (id, name, password, extid, komentar, skupina, email, popis, platiod, platido, timeinsert, timemodify, usermodify) VALUES ('f0b06e83-5d5e-4ddf-8a15-dfb4cf66f052', 'laurova', 'e10adc3949ba59abbe56e057f20f883e', 98, '', 'USER', 'plaurova@mukrnov.cz', 'Laurová Petra', '2017-01-01 14:22:56.884', '2100-12-31 14:22:56.884', '2017-08-17 14:23:20.029', '2017-11-24 12:29:30.367', 'postgres');
INSERT INTO osoba (id, name, password, extid, komentar, skupina, email, popis, platiod, platido, timeinsert, timemodify, usermodify) VALUES ('09d8c9b6-228e-4e03-be54-2f2f11cf8434', 'petlachova', 'e10adc3949ba59abbe56e057f20f883e', 99, '', 'USER', 'kpetlachova@mukrnov.cz', 'Petlachová Kamila', '2017-01-01 14:22:56.884', '2100-12-31 14:22:56.884', '2017-08-17 14:23:20.139', '2017-11-24 12:29:30.367', 'postgres');
INSERT INTO osoba (id, name, password, extid, komentar, skupina, email, popis, platiod, platido, timeinsert, timemodify, usermodify) VALUES ('89f85b16-ac3e-44e8-9a1f-e9268052e127', 'vasiliadisova', 'e10adc3949ba59abbe56e057f20f883e', 100, '', 'USER', 'hvasiliadisova@mukrnov.cz', 'Vasiliadisová Helena', '2017-01-01 14:22:56.884', '2100-12-31 14:22:56.884', '2017-08-17 14:23:20.24', '2017-11-24 12:29:30.367', 'postgres');
INSERT INTO osoba (id, name, password, extid, komentar, skupina, email, popis, platiod, platido, timeinsert, timemodify, usermodify) VALUES ('4f228241-21eb-4e65-bf54-59ca5745af82', 'vitkova', '9c6f9c4cefbfbb2344e17ea9e92ce1cb', 101, '', 'USER', 'dvitkova@mukrnov.cz', 'Vítková Dáša', '2017-01-01 14:22:56.884', '2100-12-31 14:22:56.884', '2017-08-17 14:23:20.341', '2017-11-24 12:29:30.367', 'postgres');
INSERT INTO osoba (id, name, password, extid, komentar, skupina, email, popis, platiod, platido, timeinsert, timemodify, usermodify) VALUES ('452e7488-e357-498f-b16d-32e86dfc566e', 'zelenkova', 'e10adc3949ba59abbe56e057f20f883e', 102, '', 'USER', 'lzelenkova@mukrnov.cz', 'Zelenková Lenka', '2017-01-01 14:22:56.884', '2100-12-31 14:22:56.884', '2017-08-17 14:23:20.459', '2017-11-24 12:29:30.367', 'postgres');
INSERT INTO osoba (id, name, password, extid, komentar, skupina, email, popis, platiod, platido, timeinsert, timemodify, usermodify) VALUES ('ef50f282-ac30-423c-bb0e-1a0d35c10086', 'cileckova', 'ede9397030ba6f0431b94c0a4e874689', 112, '', 'USER', 'mcileckova@mukrnov.cz', 'Cilečková Marie, Ing.', '2017-01-01 14:22:56.884', '2100-12-31 14:22:56.884', '2017-08-17 14:23:20.569', '2017-11-24 12:29:30.367', 'postgres');
INSERT INTO osoba (id, name, password, extid, komentar, skupina, email, popis, platiod, platido, timeinsert, timemodify, usermodify) VALUES ('e06c9298-8c4f-4878-85e0-1e1d1a79c9e0', 'hubackova', '180407b4f4eaad5cd17fcdc15e55a6a1', 113, '', 'USER', 'nhubackova@mukrnov.cz', 'Hubáčková Naděžda', '2017-01-01 14:22:56.884', '2100-12-31 14:22:56.884', '2017-08-17 14:23:20.671', '2017-11-24 12:29:30.367', 'postgres');
INSERT INTO osoba (id, name, password, extid, komentar, skupina, email, popis, platiod, platido, timeinsert, timemodify, usermodify) VALUES ('f29953a9-af85-43b1-8960-fbfac0d86a42', 'konecna', 'a917e3d62640d834dab709e23187517c', 114, '', 'USER', 'pkonecna@mukrnov.cz', 'Konečná Petra', '2017-01-01 14:22:56.884', '2100-12-31 14:22:56.884', '2017-08-17 14:23:20.792', '2017-11-24 12:29:30.367', 'postgres');
INSERT INTO osoba (id, name, password, extid, komentar, skupina, email, popis, platiod, platido, timeinsert, timemodify, usermodify) VALUES ('937e5218-0a8f-430f-ba94-31dd9fe8b279', 'petrova', 'f639b3bffb0910cb1de42fee016df58d', 115, '', 'USER', 'epetrova@mukrnov.cz', 'Petrová Eva', '2017-01-01 14:22:56.884', '2100-12-31 14:22:56.884', '2017-08-17 14:23:20.891', '2017-11-24 12:29:30.367', 'postgres');
INSERT INTO osoba (id, name, password, extid, komentar, skupina, email, popis, platiod, platido, timeinsert, timemodify, usermodify) VALUES ('ac2a36f9-6f71-4f7e-ac19-20ee92533f1d', 'surmova', '9d5b0e7d1e91d1b4e8938fb37cc2dbb6', 116, '', 'USER', 'ssurmova@mukrnov.cz', 'Surmová Šárka', '2017-01-01 14:22:56.884', '2100-12-31 14:22:56.884', '2017-08-17 14:23:20.991', '2017-11-24 12:29:30.367', 'postgres');
INSERT INTO osoba (id, name, password, extid, komentar, skupina, email, popis, platiod, platido, timeinsert, timemodify, usermodify) VALUES ('beec5910-af65-4089-919a-1d691bf7d601', 'zavrel', '83241188a22b7d05bd505118b2548723', 117, '', 'USER', 'vzavrel@mukrnov.cz', 'Zavřel Vladimír, Ing.', '2017-01-01 14:22:56.884', '2100-12-31 14:22:56.884', '2017-08-17 14:23:21.095', '2017-11-24 12:29:30.367', 'postgres');
INSERT INTO osoba (id, name, password, extid, komentar, skupina, email, popis, platiod, platido, timeinsert, timemodify, usermodify) VALUES ('a9a38f4e-442b-460b-9634-690b1620de01', 'drimalova', '45f85376f4c669bbc5dd82ea4bc4872c', 124, '', 'USER', 'pdrimalova@mukrnov.cz', 'Dřímalová Pavla', '2017-01-01 14:22:56.884', '2100-12-31 14:22:56.884', '2017-08-17 14:23:21.215', '2017-11-24 12:29:30.367', 'postgres');
INSERT INTO osoba (id, name, password, extid, komentar, skupina, email, popis, platiod, platido, timeinsert, timemodify, usermodify) VALUES ('4173219b-d478-4f6e-ae3a-7803640de7a5', 'heinrich', 'e10adc3949ba59abbe56e057f20f883e', 125, '', 'USER', 'mheinrich@mukrnov.cz', 'Heinrich Michal, Bc.', '2017-01-01 14:22:56.884', '2100-12-31 14:22:56.884', '2017-08-17 14:23:21.334', '2017-11-24 12:29:30.367', 'postgres');
INSERT INTO osoba (id, name, password, extid, komentar, skupina, email, popis, platiod, platido, timeinsert, timemodify, usermodify) VALUES ('c4b7cb08-183a-4584-bb1b-71b8a9308297', 'horackova', 'eb852c1b710341453b4037dfde62441d', 126, '', 'USER', 'ehorackova@mukrnov.cz', 'Horáčková Eva', '2017-01-01 14:22:56.884', '2100-12-31 14:22:56.884', '2017-08-17 14:23:21.443', '2017-11-24 12:29:30.367', 'postgres');
INSERT INTO osoba (id, name, password, extid, komentar, skupina, email, popis, platiod, platido, timeinsert, timemodify, usermodify) VALUES ('847c5e9a-3bda-4eda-b7b1-9ad6e95585fd', 'kurejova', 'e10adc3949ba59abbe56e057f20f883e', 127, '', 'USER', 'mkurejova@mukrnov.cz', 'Kurejová Marie', '2017-01-01 14:22:56.884', '2100-12-31 14:22:56.884', '2017-08-17 14:23:21.543', '2017-11-24 12:29:30.367', 'postgres');
INSERT INTO osoba (id, name, password, extid, komentar, skupina, email, popis, platiod, platido, timeinsert, timemodify, usermodify) VALUES ('bfd4a7df-dd91-4b85-b1a8-81c0772c55be', 'rezac', 'e10adc3949ba59abbe56e057f20f883e', 129, '', 'USER', 'zrezac@mukrnov.cz', 'Řezáč Zdeněk', '2017-01-01 14:22:56.884', '2100-12-31 14:22:56.884', '2017-08-17 14:23:21.642', '2017-11-24 12:29:30.367', 'postgres');
INSERT INTO osoba (id, name, password, extid, komentar, skupina, email, popis, platiod, platido, timeinsert, timemodify, usermodify) VALUES ('cf694d25-b004-4a5e-8abf-a259b6ead4a4', 'rezacova', 'e10adc3949ba59abbe56e057f20f883e', 130, '', 'USER', 'arezacova@mukrnov.cz', 'Řezáčová Anna', '2017-01-01 14:22:56.884', '2100-12-31 14:22:56.884', '2017-08-17 14:23:21.742', '2017-11-24 12:29:30.367', 'postgres');
INSERT INTO osoba (id, name, password, extid, komentar, skupina, email, popis, platiod, platido, timeinsert, timemodify, usermodify) VALUES ('915ac053-bddc-4222-9ea3-9b462eaa699e', 'schreierova', '013c32792aa5ad020f83a97d50373d8a', 131, '', 'USER', 'dschreierova@mukrnov.cz', 'Schreierová Dagmar', '2017-01-01 14:22:56.884', '2100-12-31 14:22:56.884', '2017-08-17 14:23:21.842', '2017-11-24 12:29:30.367', 'postgres');
INSERT INTO osoba (id, name, password, extid, komentar, skupina, email, popis, platiod, platido, timeinsert, timemodify, usermodify) VALUES ('c5b6eae1-7acd-490e-9d2d-8f6ce71cb108', 'gottwaldova', 'ea68d5c4be9af9129c83e9c45caad667', 140, '', 'USER', 'egottwaldova@mukrnov.cz', 'Gottwaldová Erika', '2017-01-01 14:22:56.884', '2100-12-31 14:22:56.884', '2017-08-17 14:23:21.95', '2017-11-24 12:29:30.367', 'postgres');
INSERT INTO osoba (id, name, password, extid, komentar, skupina, email, popis, platiod, platido, timeinsert, timemodify, usermodify) VALUES ('388ed6ba-2372-4847-a3da-176c629f19b8', 'kureckova', 'f2617156ca218f818467b0bd84143827', 141, '', 'USER', 'mkureckova@mukrnov.cz', 'Kurečková Markéta', '2017-01-01 14:22:56.884', '2100-12-31 14:22:56.884', '2017-08-17 14:23:22.056', '2017-11-24 12:29:30.367', 'postgres');
INSERT INTO osoba (id, name, password, extid, komentar, skupina, email, popis, platiod, platido, timeinsert, timemodify, usermodify) VALUES ('1e4c1d2f-7896-48db-94cd-c99be37f6c0a', 'mlcuchova', 'c39464db48e18ac495585d4601d94875', 142, '', 'USER', 'emlcuchova@mukrnov.cz', 'Mlčúchová Eva', '2017-01-01 14:22:56.884', '2100-12-31 14:22:56.884', '2017-08-17 14:23:22.156', '2017-11-24 12:29:30.367', 'postgres');
INSERT INTO osoba (id, name, password, extid, komentar, skupina, email, popis, platiod, platido, timeinsert, timemodify, usermodify) VALUES ('453ea1cf-0304-4d99-9eec-38a381a3ca21', 'haldinova', 'e83d02639570acb05c81a43c2b5a71ed', 143, '', 'USER', 'dhaldinova@mukrnov.cz', 'Haldinová Daniela', '2017-01-01 14:22:56.884', '2100-12-31 14:22:56.884', '2017-08-17 14:23:22.258', '2017-11-24 12:29:30.367', 'postgres');
INSERT INTO osoba (id, name, password, extid, komentar, skupina, email, popis, platiod, platido, timeinsert, timemodify, usermodify) VALUES ('718dfe2a-aea7-4525-a550-d4358c09fa15', 'admin', '21232f297a57a5a743894a0e4a801fc3', NULL, '', 'USER', NULL, 'Administrátor', '2017-01-01 00:00:00', '2100-12-31 00:00:00', '2017-05-27 00:25:57.201', '2017-11-24 12:29:30.367', 'postgres');
INSERT INTO osoba (id, name, password, extid, komentar, skupina, email, popis, platiod, platido, timeinsert, timemodify, usermodify) VALUES ('9b9a6047-0fda-48bb-ad0d-d303ea0f8b48', 'sindlerova', 'e10adc3949ba59abbe56e057f20f883e', 144, '', 'USER', 'isindlerova@mukrnov.cz', 'Šindlerová Irena', '2017-01-01 14:22:56.884', '2100-12-31 14:22:56.884', '2017-08-17 14:23:22.358', '2017-11-24 12:29:30.367', 'postgres');
INSERT INTO osoba (id, name, password, extid, komentar, skupina, email, popis, platiod, platido, timeinsert, timemodify, usermodify) VALUES ('dcb31c8c-51f1-404a-9691-e6d16aa296b5', 'bazakasn', '141308be2d389d8e2fd51f1839e9d872', 219, '', 'USER', 'nbazakas@mukrnov.cz', 'Bazakas Nikolas', '2017-01-01 14:22:56.884', '2100-12-31 14:22:56.884', '2017-08-17 14:23:22.459', '2017-11-24 12:29:30.367', 'postgres');
INSERT INTO osoba (id, name, password, extid, komentar, skupina, email, popis, platiod, platido, timeinsert, timemodify, usermodify) VALUES ('cf7958ae-9994-4285-9a27-26764b673d64', 'cirova', 'e10adc3949ba59abbe56e057f20f883e', 220, '', 'USER', 'dcirova@mukrnov.cz', 'Círová Dita, Ing.', '2017-01-01 14:22:56.884', '2100-12-31 14:22:56.884', '2017-08-17 14:23:22.557', '2017-11-24 12:29:30.367', 'postgres');
INSERT INTO osoba (id, name, password, extid, komentar, skupina, email, popis, platiod, platido, timeinsert, timemodify, usermodify) VALUES ('44ec07a5-8664-4348-a4ee-898a9d7ee8ea', 'kenisova', 'af3d6c25fd83baac19265daafc91a2a8', 222, '', 'USER', 'akenisova@mukrnov.cz', 'Kenisová Antonie', '2017-01-01 14:22:56.884', '2100-12-31 14:22:56.884', '2017-08-17 14:23:22.657', '2017-11-24 12:29:30.367', 'postgres');
INSERT INTO osoba (id, name, password, extid, komentar, skupina, email, popis, platiod, platido, timeinsert, timemodify, usermodify) VALUES ('671e5516-4620-4b34-b53d-ace9e10fee79', 'koniarova', '3552d48ab06a492d119315e6394ff341', 223, '', 'USER', 'ikoniarova@mukrnov.cz', 'Koniarová Irena', '2017-01-01 14:22:56.884', '2100-12-31 14:22:56.884', '2017-08-17 14:23:22.757', '2017-11-24 12:29:30.367', 'postgres');
INSERT INTO osoba (id, name, password, extid, komentar, skupina, email, popis, platiod, platido, timeinsert, timemodify, usermodify) VALUES ('116d732f-5f01-48c8-bc0b-58be980ae7bf', 'smidova', '6d24fcc13b79162e8914bd5ff4146649', 225, '', 'USER', 'ssmidova@mukrnov.cz', 'Šmídová Šárka, Bc.', '2017-01-01 14:22:56.884', '2100-12-31 14:22:56.884', '2017-08-17 14:23:22.857', '2017-11-24 12:29:30.367', 'postgres');
INSERT INTO osoba (id, name, password, extid, komentar, skupina, email, popis, platiod, platido, timeinsert, timemodify, usermodify) VALUES ('e765a0dd-6e45-4bb9-9a38-94da9c72f47a', 'berkova', '4607e782c4d86fd5364d7e4508bb10d9', 344, '', 'USER', 'kberkova@mukrnov.cz', 'Berková Kateřina, Mgr.', '2017-01-01 14:22:56.884', '2100-12-31 14:22:56.884', '2017-08-17 14:23:22.957', '2017-11-24 12:29:30.367', 'postgres');
INSERT INTO osoba (id, name, password, extid, komentar, skupina, email, popis, platiod, platido, timeinsert, timemodify, usermodify) VALUES ('37722b94-a147-415b-8426-d0138efee694', 'jancikova', '1b47c118b2cc7733da05d30c67a57477', 348, '', 'USER', 'ijancikova@mukrnov.cz', 'Jančíková Iveta, Bc. DiS.', '2017-01-01 14:22:56.884', '2100-12-31 14:22:56.884', '2017-08-17 14:23:23.069', '2017-11-24 12:29:30.367', 'postgres');
INSERT INTO osoba (id, name, password, extid, komentar, skupina, email, popis, platiod, platido, timeinsert, timemodify, usermodify) VALUES ('ad0308dc-53e2-4ede-9f61-7afc9a72739a', 'pavlikova', '55326455aadd213c49334f96b6c5333a', 350, '', 'USER', 'jpavlikova@mukrnov.cz', 'Pavlíková Jana', '2017-01-01 14:22:56.884', '2100-12-31 14:22:56.884', '2017-08-17 14:23:23.169', '2017-11-24 12:29:30.367', 'postgres');
INSERT INTO osoba (id, name, password, extid, komentar, skupina, email, popis, platiod, platido, timeinsert, timemodify, usermodify) VALUES ('9ad912aa-1904-458f-a11b-de8cc7239890', 'vankovas', '92a00cef94d20c25d992c323b39c16d1', 352, '', 'USER', 'svankova@mukrnov.cz', 'Vaňková Soňa, DiS.', '2017-01-01 14:22:56.884', '2100-12-31 14:22:56.884', '2017-08-17 14:23:23.269', '2017-11-24 12:29:30.367', 'postgres');
INSERT INTO osoba (id, name, password, extid, komentar, skupina, email, popis, platiod, platido, timeinsert, timemodify, usermodify) VALUES ('5822b9fa-63ae-4c73-b733-f78664f553d0', 'gusty', 'b9b60ec80bdf53a70ed669026373067c', 403, '', 'USER', 'pgusty@mukrnov.cz', 'Gusty Petr', '2017-01-01 14:22:56.884', '2100-12-31 14:22:56.884', '2017-08-17 14:23:23.372', '2017-11-24 12:29:30.367', 'postgres');
INSERT INTO osoba (id, name, password, extid, komentar, skupina, email, popis, platiod, platido, timeinsert, timemodify, usermodify) VALUES ('48c0daff-c8ad-41fa-95f8-724f93f9c84b', 'jendrejek', 'fcb480a6806d10f4758dabfd80d7e69f', 406, '', 'USER', 'jjendrejek@mukrnov.cz', 'Jendřejek Jan', '2017-01-01 14:22:56.884', '2100-12-31 14:22:56.884', '2017-08-17 14:23:23.48', '2017-11-24 12:29:30.367', 'postgres');
INSERT INTO osoba (id, name, password, extid, komentar, skupina, email, popis, platiod, platido, timeinsert, timemodify, usermodify) VALUES ('52172647-c7e8-46e9-a78b-e4db468c7fea', 'kelner', 'bb0ed6ad56f41c6de469776171261226', 408, '', 'USER', 'jkelner@mukrnov.cz', 'Kelner Jaroslav', '2017-01-01 14:22:56.884', '2100-12-31 14:22:56.884', '2017-08-17 14:23:23.581', '2017-11-24 12:29:30.367', 'postgres');
INSERT INTO osoba (id, name, password, extid, komentar, skupina, email, popis, platiod, platido, timeinsert, timemodify, usermodify) VALUES ('985c5b53-c42f-45a9-a6df-3eebf55e5203', 'leksa', 'e10adc3949ba59abbe56e057f20f883e', 410, '', 'USER', 'jleksa@mukrnov.cz', 'Leksa Jaroslav', '2017-01-01 14:22:56.884', '2100-12-31 14:22:56.884', '2017-08-17 14:23:23.681', '2017-11-24 12:29:30.367', 'postgres');
INSERT INTO osoba (id, name, password, extid, komentar, skupina, email, popis, platiod, platido, timeinsert, timemodify, usermodify) VALUES ('6e1254ad-511f-4d30-bf7f-333a65f0bdea', 'merka', '214bf0bb930ee0f9164433064f8b2572', 411, '', 'USER', 'lmerka@mukrnov.cz', 'Měrka Lukáš', '2017-01-01 14:22:56.884', '2100-12-31 14:22:56.884', '2017-08-17 14:23:23.781', '2017-11-24 12:29:30.367', 'postgres');
INSERT INTO osoba (id, name, password, extid, komentar, skupina, email, popis, platiod, platido, timeinsert, timemodify, usermodify) VALUES ('624f8314-7cd7-4539-b615-b2d83728f03d', 'mrazek', 'e10adc3949ba59abbe56e057f20f883e', 413, '', 'USER', 'imrazek@mukrnov.cz', 'Mrázek Ivo', '2017-01-01 14:22:56.884', '2100-12-31 14:22:56.884', '2017-08-17 14:23:23.881', '2017-11-24 12:29:30.367', 'postgres');
INSERT INTO osoba (id, name, password, extid, komentar, skupina, email, popis, platiod, platido, timeinsert, timemodify, usermodify) VALUES ('8e322e57-5ddc-4695-9eb0-aeb74f13cc3d', 'ocasek', 'e5ac95a0783c568a98aefa2be1345e40', 415, '', 'USER', 'zocasek@mukrnov.cz', 'Ocásek Zbyněk', '2017-01-01 14:22:56.884', '2100-12-31 14:22:56.884', '2017-08-17 14:23:23.98', '2017-11-24 12:29:30.367', 'postgres');
INSERT INTO osoba (id, name, password, extid, komentar, skupina, email, popis, platiod, platido, timeinsert, timemodify, usermodify) VALUES ('76446b3c-9efb-4a34-884c-788b283d41c0', 'pavlik', '1b7d9167ab164f30fa0d1e47497faef3', 416, '', 'USER', 'vpavlik@mukrnov.cz', 'Pavlík Vladimír', '2017-01-01 14:22:56.884', '2100-12-31 14:22:56.884', '2017-08-17 14:23:24.091', '2017-11-24 12:29:30.367', 'postgres');
INSERT INTO osoba (id, name, password, extid, komentar, skupina, email, popis, platiod, platido, timeinsert, timemodify, usermodify) VALUES ('d15eebdd-f5f0-48ec-a9c3-3d8230f0998f', 'smeja', 'e10adc3949ba59abbe56e057f20f883e', 418, '', 'USER', 'msmeja@mukrnov.cz', 'Směja Milan', '2017-01-01 14:22:56.884', '2100-12-31 14:22:56.884', '2017-08-17 14:23:24.202', '2017-11-24 12:29:30.367', 'postgres');
INSERT INTO osoba (id, name, password, extid, komentar, skupina, email, popis, platiod, platido, timeinsert, timemodify, usermodify) VALUES ('760ed67b-b1d6-49d8-b0c0-592e0e4e410f', 'stodolka', '55c29d28522b4141027c511d616aadb2', 419, '', 'USER', 'mstodolka@mukrnov.cz', 'Stodolka Michal', '2017-01-01 14:22:56.884', '2100-12-31 14:22:56.884', '2017-08-17 14:23:24.299', '2017-11-24 12:29:30.367', 'postgres');
INSERT INTO osoba (id, name, password, extid, komentar, skupina, email, popis, platiod, platido, timeinsert, timemodify, usermodify) VALUES ('8aced808-ce17-4224-a486-c17d11db0dae', 'xantopulos', 'fb2fcd534b0ff3bbed73cc51df620323', 422, '', 'USER', 'txantopulos@mukrnov.cz', 'Xantopulos Tomáš', '2017-01-01 14:22:56.884', '2100-12-31 14:22:56.884', '2017-08-17 14:23:24.402', '2017-11-24 12:29:30.367', 'postgres');
INSERT INTO osoba (id, name, password, extid, komentar, skupina, email, popis, platiod, platido, timeinsert, timemodify, usermodify) VALUES ('38406c34-42b2-4641-a43e-342999935a92', 'snaselova', 'e863212b70d22363a552e22a2965b168', 306, '', 'USER', 'tsnaselova@mukrnov.cz', 'Snášelová Tereza', '2017-01-01 14:22:56.884', '2100-12-31 14:22:56.884', '2017-08-17 14:23:24.502', '2017-11-24 12:29:30.367', 'postgres');
INSERT INTO osoba (id, name, password, extid, komentar, skupina, email, popis, platiod, platido, timeinsert, timemodify, usermodify) VALUES ('994e3e0f-7a70-4791-8f51-66bef3926fc4', 'dedkova', '995d498250a15043e909d0d717c4ede0', 346, '', 'USER', 'mdedkova@mukrnov.cz', 'Dedková Monika, DiS.', '2017-01-01 14:22:56.884', '2100-12-31 14:22:56.884', '2017-08-17 14:23:24.711', '2017-11-24 12:29:30.367', 'postgres');
INSERT INTO osoba (id, name, password, extid, komentar, skupina, email, popis, platiod, platido, timeinsert, timemodify, usermodify) VALUES ('69219151-c688-4822-8a31-ba184b6eb29c', 'gasova', '69583c6b72635003f91e3bd01d7f56e7', 347, '', 'USER', 'lgasova@mukrov.cz', 'Gašová Lenka, Bc.', '2017-01-01 14:22:56.884', '2100-12-31 14:22:56.884', '2017-08-17 14:23:24.812', '2017-11-24 12:29:30.367', 'postgres');
INSERT INTO osoba (id, name, password, extid, komentar, skupina, email, popis, platiod, platido, timeinsert, timemodify, usermodify) VALUES ('ceb0193d-3731-469f-8205-6454ba489bf2', 'martikanova', 'd8d05613a5ca737e6a701b181523f493', 349, '', 'USER', 'amartikanova@mukrnov.cz', 'Martikánová Alena, Mgr.', '2017-01-01 14:22:56.884', '2100-12-31 14:22:56.884', '2017-08-17 14:23:24.912', '2017-11-24 12:29:30.367', 'postgres');
INSERT INTO osoba (id, name, password, extid, komentar, skupina, email, popis, platiod, platido, timeinsert, timemodify, usermodify) VALUES ('b8b91e85-24e9-49e0-b2ed-5594923c8d68', 'vavrova', '722e94f8c7295d2a92863448eab67f6c', 353, '', 'USER', 'mvavrova@mukrnov.cz', 'Vávrová Milada, Bc.', '2017-01-01 14:22:56.884', '2100-12-31 14:22:56.884', '2017-08-17 14:23:25.012', '2017-11-24 12:29:30.367', 'postgres');
INSERT INTO osoba (id, name, password, extid, komentar, skupina, email, popis, platiod, platido, timeinsert, timemodify, usermodify) VALUES ('eadf2f8f-7a23-4b53-9431-935520c2bb19', 'zuzanik', 'c6edfd2fced22b8c7418c9e2f0388904', 274, '', 'USER', 'mzuzanik@mukrnov.cz', 'Zuzaník Michal, Bc. DiS.', '2017-01-01 14:22:56.884', '2100-12-31 14:22:56.884', '2017-08-17 14:23:25.112', '2017-11-24 12:29:30.367', 'postgres');
INSERT INTO osoba (id, name, password, extid, komentar, skupina, email, popis, platiod, platido, timeinsert, timemodify, usermodify) VALUES ('63308ef8-fb06-4054-8900-2bf507114f90', 'sebkova', '49442dfa03b770cf9657fed7db88c375', 278, '', 'USER', 'esebkova@mukrnov.cz', 'Šebková Eva', '2017-01-01 14:22:56.884', '2100-12-31 14:22:56.884', '2017-08-17 14:23:25.223', '2017-11-24 12:29:30.367', 'postgres');
INSERT INTO osoba (id, name, password, extid, komentar, skupina, email, popis, platiod, platido, timeinsert, timemodify, usermodify) VALUES ('58a4e46f-b27b-42d8-8ed9-55bef377458b', 'styskala', 'cc10dd9c2c6bf1b0a4914cb8891e8fa4', 281, '', 'USER', 'lstyskala@mukrnov.cz', 'Stýskala Lubomír', '2017-01-01 14:22:56.884', '2100-12-31 14:22:56.884', '2017-08-17 14:23:25.324', '2017-11-24 12:29:30.367', 'postgres');
INSERT INTO osoba (id, name, password, extid, komentar, skupina, email, popis, platiod, platido, timeinsert, timemodify, usermodify) VALUES ('38880d7a-31aa-4322-86a0-01982d897d84', 'cermak', '32a0232d5ab114a66d00b027c17b95fa', 296, '', 'USER', 'zcermak@mukrnov.cz', 'Čermák Zdeněk', '2017-01-01 14:22:56.884', '2100-12-31 14:22:56.884', '2017-08-17 14:23:25.421', '2017-11-24 12:29:30.367', 'postgres');
INSERT INTO osoba (id, name, password, extid, komentar, skupina, email, popis, platiod, platido, timeinsert, timemodify, usermodify) VALUES ('82333163-15b6-4f0d-b952-dda7a2cd13fc', 'hublova', '98dbb7ad859cb434692656011a020863', 302, '', 'USER', 'jhublova@mukrnov.cz', 'Hüblová Jaroslava', '2017-01-01 14:22:56.884', '2100-12-31 14:22:56.884', '2017-08-17 14:23:25.523', '2017-11-24 12:29:30.367', 'postgres');
INSERT INTO osoba (id, name, password, extid, komentar, skupina, email, popis, platiod, platido, timeinsert, timemodify, usermodify) VALUES ('54bf7b15-47b2-4c6f-bda1-b957a0dcab2d', 'valerian', '827ccb0eea8a706c4c34a16891f84e7b', 303, '', 'USER', 'dvalerian@mukrnov.cz', 'Valerián Drahomír, DiS.', '2017-01-01 14:22:56.884', '2100-12-31 14:22:56.884', '2017-08-17 14:23:25.634', '2017-11-24 12:29:30.367', 'postgres');
INSERT INTO osoba (id, name, password, extid, komentar, skupina, email, popis, platiod, platido, timeinsert, timemodify, usermodify) VALUES ('0e4ee677-ba13-48d8-b9ed-19b8360d687f', 'rychova', '9b01e823974178c61b6f0e157228a982', 307, '', 'USER', 'mrychova@mukrnov.cz', 'Rychová Miluše', '2017-01-01 14:22:56.884', '2100-12-31 14:22:56.884', '2017-08-17 14:23:25.736', '2017-11-24 12:29:30.367', 'postgres');
INSERT INTO osoba (id, name, password, extid, komentar, skupina, email, popis, platiod, platido, timeinsert, timemodify, usermodify) VALUES ('64b4f120-d373-492a-906c-bb6865a82f3e', 'markos', 'e10adc3949ba59abbe56e057f20f883e', 308, '', 'USER', 'pmarkos@mukrnov.cz', 'Markoš Pavel, Bc.', '2017-01-01 14:22:56.884', '2100-12-31 14:22:56.884', '2017-08-17 14:23:25.838', '2017-11-24 12:29:30.367', 'postgres');
INSERT INTO osoba (id, name, password, extid, komentar, skupina, email, popis, platiod, platido, timeinsert, timemodify, usermodify) VALUES ('4c22a94b-9abe-4f34-a0e3-cd0a31b19d67', 'gas', '45cd9a14c486a5c0c94febb33424ad35', 312, '', 'USER', 'vgas@mukrnov.cz', 'Gaš Vlastimil, Bc.', '2017-01-01 14:22:56.884', '2100-12-31 14:22:56.884', '2017-08-17 14:23:25.939', '2017-11-24 12:29:30.367', 'postgres');
INSERT INTO osoba (id, name, password, extid, komentar, skupina, email, popis, platiod, platido, timeinsert, timemodify, usermodify) VALUES ('b9e2e4ba-ba4c-49e9-814d-7754d55524d2', 'strizova', 'e10adc3949ba59abbe56e057f20f883e', 313, '', 'USER', 'kstrizova@mukrnov.cz', 'Střížová Kristýna', '2017-01-01 14:22:56.884', '2100-12-31 14:22:56.884', '2017-08-17 14:23:26.039', '2017-11-24 12:29:30.367', 'postgres');
INSERT INTO osoba (id, name, password, extid, komentar, skupina, email, popis, platiod, platido, timeinsert, timemodify, usermodify) VALUES ('beeb41fa-b574-448e-b49b-2dcf2ed08ba9', 'svrcinova', '05c36997bc11292f3dd77b7a5764a4fc', 314, '', 'USER', 'isvrcinova@mukrnov.cz', 'Svrčinová Iveta, Mgr.', '2017-01-01 14:22:56.884', '2100-12-31 14:22:56.884', '2017-08-17 14:23:26.14', '2017-11-24 12:29:30.367', 'postgres');
INSERT INTO osoba (id, name, password, extid, komentar, skupina, email, popis, platiod, platido, timeinsert, timemodify, usermodify) VALUES ('f58ac02c-5a7e-4c49-ac45-daf563b43cba', 'urban', '1f052769065645ad3021d33698d04d7c', 316, '', 'USER', 'lurban@mukrnov.cz', 'Urban Lumír', '2017-01-01 14:22:56.884', '2100-12-31 14:22:56.884', '2017-08-17 14:23:26.24', '2017-11-24 12:29:30.367', 'postgres');
INSERT INTO osoba (id, name, password, extid, komentar, skupina, email, popis, platiod, platido, timeinsert, timemodify, usermodify) VALUES ('97e7b309-5260-4fd5-b1e1-46d7afa069f7', 'vagner', '1044b8a334b9f88f090e432eb841062a', 317, '', 'USER', 'rvagner@mukrnov.cz', 'Vágner Radomír', '2017-01-01 14:22:56.884', '2100-12-31 14:22:56.884', '2017-08-17 14:23:26.34', '2017-11-24 12:29:30.367', 'postgres');
INSERT INTO osoba (id, name, password, extid, komentar, skupina, email, popis, platiod, platido, timeinsert, timemodify, usermodify) VALUES ('21457537-3789-457d-a5bf-c5d4a348c866', 'zednickova', '6ebc2032a8f6e1eb3d98163990f8bba4', 318, '', 'USER', 'dzednickova@mukrnov.cz', 'Zedníčková Dagmar', '2017-01-01 14:22:56.884', '2100-12-31 14:22:56.884', '2017-08-17 14:23:26.441', '2017-11-24 12:29:30.367', 'postgres');
INSERT INTO osoba (id, name, password, extid, komentar, skupina, email, popis, platiod, platido, timeinsert, timemodify, usermodify) VALUES ('a8cb0bad-02c1-44a8-8a18-1504af6a92c6', 'balazik', 'e10adc3949ba59abbe56e057f20f883e', 326, '', 'USER', 'lbalazik@mukrnov.cz', 'Balažík Libor', '2017-01-01 14:22:56.884', '2100-12-31 14:22:56.884', '2017-08-17 14:23:26.54', '2017-11-24 12:29:30.367', 'postgres');
INSERT INTO osoba (id, name, password, extid, komentar, skupina, email, popis, platiod, platido, timeinsert, timemodify, usermodify) VALUES ('3770a8c3-8105-4d5b-a525-65445b7ac295', 'bolfova', '314025516bf84782345353a0b69a5f03', 327, '', 'USER', 'sbolfova@mukrnov.cz', 'Bolfová Soňa', '2017-01-01 14:22:56.884', '2100-12-31 14:22:56.884', '2017-08-17 14:23:26.641', '2017-11-24 12:29:30.367', 'postgres');
INSERT INTO osoba (id, name, password, extid, komentar, skupina, email, popis, platiod, platido, timeinsert, timemodify, usermodify) VALUES ('5fdc95a8-012a-46bb-9b18-03ae98378137', 'zilinsky', 'e10adc3949ba59abbe56e057f20f883e', 270, '', 'USER', 'pzilinsky@mukrnov.cz', 'Žilinský Pavel, Ing.', '2017-01-01 14:22:56.884', '2100-12-31 14:22:56.884', '2017-08-17 14:23:26.74', '2017-11-24 12:29:30.367', 'postgres');
INSERT INTO osoba (id, name, password, extid, komentar, skupina, email, popis, platiod, platido, timeinsert, timemodify, usermodify) VALUES ('dbe573e2-292c-44b5-a8bc-95a98427fad0', 'zdrahal', 'db5f700eb2cf67c9887befbdcdaee47f', 272, '', 'USER', 'izdrahal@mukrnov.cz', 'Zdráhal Ivo, Bc. DiS.', '2017-01-01 14:22:56.884', '2100-12-31 14:22:56.884', '2017-08-17 14:23:26.839', '2017-11-24 12:29:30.367', 'postgres');
INSERT INTO osoba (id, name, password, extid, komentar, skupina, email, popis, platiod, platido, timeinsert, timemodify, usermodify) VALUES ('8cf02b3d-6e99-46cd-80a4-6b560be7ae86', 'slezakova', 'c27aa1d25f1d0c4ebe92996f88c33cb3', 276, '', 'USER', 'mslezakova@mukrnov.cz', 'Slezáková Martina, Bc.', '2017-01-01 14:22:56.884', '2100-12-31 14:22:56.884', '2017-08-17 14:23:26.94', '2017-11-24 12:29:30.367', 'postgres');
INSERT INTO osoba (id, name, password, extid, komentar, skupina, email, popis, platiod, platido, timeinsert, timemodify, usermodify) VALUES ('882b1565-189c-42e1-a998-1f89884f278f', 'stverak', '4406716701a1cca0400e388ddc1427b9', 280, '', 'USER', 'vstverak@mukrnov.cz', 'Štverák Vlastimil, Bc.', '2017-01-01 14:22:56.884', '2100-12-31 14:22:56.884', '2017-08-17 14:23:27.04', '2017-11-24 12:29:30.367', 'postgres');
INSERT INTO osoba (id, name, password, extid, komentar, skupina, email, popis, platiod, platido, timeinsert, timemodify, usermodify) VALUES ('5b2b3c3b-a079-4828-a360-e1627427bc66', 'pavlickova', 'ecfb2ca9428299f31f0bbb9b5ea28dc3', 282, '', 'USER', 'bpavlickova@mukrnov.cz', 'Pavlíčková Blažena', '2017-01-01 14:22:56.884', '2100-12-31 14:22:56.884', '2017-08-17 14:23:27.151', '2017-11-24 12:29:30.367', 'postgres');
INSERT INTO osoba (id, name, password, extid, komentar, skupina, email, popis, platiod, platido, timeinsert, timemodify, usermodify) VALUES ('90302b78-e4ec-4a01-b314-04bc16ae5959', 'kolarikova', 'd06e7d1b135e4c6be41dd7d1c8d519ab', 283, '', 'USER', 'tkolarikova@mukrnov.cz', 'Koláriková Taťana, Ing.', '2017-01-01 14:22:56.884', '2100-12-31 14:22:56.884', '2017-08-17 14:23:27.323', '2017-11-24 12:29:30.367', 'postgres');
INSERT INTO osoba (id, name, password, extid, komentar, skupina, email, popis, platiod, platido, timeinsert, timemodify, usermodify) VALUES ('da67f4e0-3f66-4053-b8c4-f1a955953766', 'preisler', '8dcf9ea033a8a4a2b7865766c67dd9b7', 292, '', 'USER', 'ppreisler@mukrnov.cz', 'Preisler Petr, Ing.', '2017-01-01 14:22:56.884', '2100-12-31 14:22:56.884', '2017-08-17 14:23:27.482', '2017-11-24 12:29:30.367', 'postgres');
INSERT INTO osoba (id, name, password, extid, komentar, skupina, email, popis, platiod, platido, timeinsert, timemodify, usermodify) VALUES ('9df078a6-9af4-42a0-ba0f-c94f06a34f09', 'polachova', '4a806971771b34443341a2882e44d0f6', 293, '', 'USER', 'ipolachova@mukrnov.cz', 'Poláchová Iva', '2017-01-01 14:22:56.884', '2100-12-31 14:22:56.884', '2017-08-17 14:23:27.581', '2017-11-24 12:29:30.367', 'postgres');
INSERT INTO osoba (id, name, password, extid, komentar, skupina, email, popis, platiod, platido, timeinsert, timemodify, usermodify) VALUES ('f0686f01-e06c-4182-bfbf-cf01b7f7962e', 'kozak', 'e10adc3949ba59abbe56e057f20f883e', 294, '', 'USER', 'jkozak@mukrnov.cz', 'Kozák Jiří', '2017-01-01 14:22:56.884', '2100-12-31 14:22:56.884', '2017-08-17 14:23:27.681', '2017-11-24 12:29:30.367', 'postgres');
INSERT INTO osoba (id, name, password, extid, komentar, skupina, email, popis, platiod, platido, timeinsert, timemodify, usermodify) VALUES ('7cf4c230-41da-4f53-8034-23f9f8de8475', 'kralova', 'bbdf56e2fbd1dbb503ceb433bed825ca', 295, '', 'USER', 'skralova@mukrnov.cz', 'Králová Slavomila, Bc.', '2017-01-01 14:22:56.884', '2100-12-31 14:22:56.884', '2017-08-17 14:23:27.793', '2017-11-24 12:29:30.367', 'postgres');
INSERT INTO osoba (id, name, password, extid, komentar, skupina, email, popis, platiod, platido, timeinsert, timemodify, usermodify) VALUES ('ab34a30a-c476-4146-b5c2-73d5eff9941e', 'saskova', 'b5ebaef82560d122098a9df060db2db9', 315, '', 'USER', 'asaskova@mukrnov.cz', 'Šašková Andrea, Ing.', '2017-01-01 14:22:56.884', '2100-12-31 14:22:56.884', '2017-08-17 14:23:27.892', '2017-11-24 12:29:30.367', 'postgres');
INSERT INTO osoba (id, name, password, extid, komentar, skupina, email, popis, platiod, platido, timeinsert, timemodify, usermodify) VALUES ('4dc5529f-5c05-478c-9879-434be67ded65', 'cekotova', '08c874946846307c45c078cd5931dddc', 328, '', 'USER', 'ecekotova@mukrnov.cz', 'Cekotová Eliška, Ing. Mgr.', '2017-01-01 14:22:56.884', '2100-12-31 14:22:56.884', '2017-08-17 14:23:27.992', '2017-11-24 12:29:30.367', 'postgres');
INSERT INTO osoba (id, name, password, extid, komentar, skupina, email, popis, platiod, platido, timeinsert, timemodify, usermodify) VALUES ('8d82c15c-84ed-417a-b3f5-67fb1d34270f', 'kolarovaj', 'b3c05e0bf138e2be42a8f82e264c81c1', 330, '', 'USER', 'jkolarova@mukrnov.cz', 'Kolářová Jiřina, Bc.', '2017-01-01 14:22:56.884', '2100-12-31 14:22:56.884', '2017-08-17 14:23:28.093', '2017-11-24 12:29:30.367', 'postgres');
INSERT INTO osoba (id, name, password, extid, komentar, skupina, email, popis, platiod, platido, timeinsert, timemodify, usermodify) VALUES ('629d6c2e-c329-402a-ad33-b3b773624345', 'kolomaznikova', '1f6daf86796ca8043787d40fadee1960', 331, '', 'USER', 'mkolomaznikova@mukrnov.cz', 'Kolomazníková Monika', '2017-01-01 14:22:56.884', '2100-12-31 14:22:56.884', '2017-08-17 14:23:28.194', '2017-11-24 12:29:30.367', 'postgres');
INSERT INTO osoba (id, name, password, extid, komentar, skupina, email, popis, platiod, platido, timeinsert, timemodify, usermodify) VALUES ('8099f6cc-e1de-4d2f-8a2b-358312193736', 'richtarova', 'e014714f6589eba4d0c2c843ca55a5d1', 334, '', 'USER', 'zrichtarova@mukrnov.cz', 'Richtárová Zdeňka', '2017-01-01 14:22:56.884', '2100-12-31 14:22:56.884', '2017-08-17 14:23:28.293', '2017-11-24 12:29:30.367', 'postgres');
INSERT INTO osoba (id, name, password, extid, komentar, skupina, email, popis, platiod, platido, timeinsert, timemodify, usermodify) VALUES ('e85db869-bd25-4152-a4b3-af1bc20ea1b6', 'hlouskova', '0c9c92602241d5728b497fd5604598de', 369, '', 'USER', 'phlouskova@mukrnov.cz', 'Hloušková Pavlína, Bc.', '2017-01-01 14:22:56.884', '2100-12-31 14:22:56.884', '2017-08-17 14:23:28.495', '2017-11-24 12:29:30.367', 'postgres');
INSERT INTO osoba (id, name, password, extid, komentar, skupina, email, popis, platiod, platido, timeinsert, timemodify, usermodify) VALUES ('b18e6024-3e8f-46f4-8bbe-0f628b671878', 'klubrtova', '6d55e02f385f45605879fbeb1bb42fb9', 371, '', 'USER', 'zklubrtova@mukrnov.cz', 'Klubrtová Zdeňka, Mgr.', '2017-01-01 14:22:56.884', '2100-12-31 14:22:56.884', '2017-08-17 14:23:28.595', '2017-11-24 12:29:30.367', 'postgres');
INSERT INTO osoba (id, name, password, extid, komentar, skupina, email, popis, platiod, platido, timeinsert, timemodify, usermodify) VALUES ('3d6c49d8-0ff0-4c27-b0c5-7d129d6561aa', 'krivankova', 'ab856e16ef1fde07766d50834702c504', 372, '', 'USER', 'kkrivankova@mukrnov.cz', 'Křivánková Katrin, Bc.', '2017-01-01 14:22:56.884', '2100-12-31 14:22:56.884', '2017-08-17 14:23:28.695', '2017-11-24 12:29:30.367', 'postgres');
INSERT INTO osoba (id, name, password, extid, komentar, skupina, email, popis, platiod, platido, timeinsert, timemodify, usermodify) VALUES ('0980e2c1-10ee-4a94-bc1d-7e44c55f59ab', 'drndova', 'bd0e96caff48ea5e06a96d3355a87ad6', 380, '', 'USER', 'pdrndova@mukrnov.cz', 'Drndová Pavlína', '2017-01-01 14:22:56.884', '2100-12-31 14:22:56.884', '2017-08-17 14:23:28.795', '2017-11-24 12:29:30.367', 'postgres');
INSERT INTO osoba (id, name, password, extid, komentar, skupina, email, popis, platiod, platido, timeinsert, timemodify, usermodify) VALUES ('c9514e0d-566f-4643-9bdc-3428448fa37f', 'krivova', '202cb962ac59075b964b07152d234b70', 385, '', 'USER', 'zkrivova@mukrnov.cz', 'Křivová Zdeňka', '2017-01-01 14:22:56.884', '2100-12-31 14:22:56.884', '2017-08-17 14:23:28.895', '2017-11-24 12:29:30.367', 'postgres');
INSERT INTO osoba (id, name, password, extid, komentar, skupina, email, popis, platiod, platido, timeinsert, timemodify, usermodify) VALUES ('b72640aa-b0fd-48f9-9e52-dfcbc05ab41c', 'krizanova', '253aec92937bfcd275d7ed4e489b19eb', 387, '', 'USER', 'skrizanova@mukrnov.cz', 'Křižanová Světlana', '2017-01-01 14:22:56.884', '2100-12-31 14:22:56.884', '2017-08-17 14:23:28.997', '2017-11-24 12:29:30.367', 'postgres');
INSERT INTO osoba (id, name, password, extid, komentar, skupina, email, popis, platiod, platido, timeinsert, timemodify, usermodify) VALUES ('ec885396-92f5-4d7f-bff8-aa86f0e5a1af', 'rozansky', 'a97627a64a0142fdecad93ea5ff1c219', 389, '', 'USER', 'frozansky@mukrnov.cz', 'Rožanský Filip, Bc.', '2017-01-01 14:22:56.884', '2100-12-31 14:22:56.884', '2017-08-17 14:23:29.104', '2017-11-24 12:29:30.367', 'postgres');
INSERT INTO osoba (id, name, password, extid, komentar, skupina, email, popis, platiod, platido, timeinsert, timemodify, usermodify) VALUES ('6dd51724-2fee-417e-b4da-8f368b6e0c77', 'chudicky', 'a14e74f9db30eb3a5729356985fc7c92', 399, '', 'USER', 'schudicky@mukrnov.cz', 'Chudický Stanislav', '2017-01-01 14:22:56.884', '2100-12-31 14:22:56.884', '2017-08-17 14:23:29.205', '2017-11-24 12:29:30.367', 'postgres');
INSERT INTO osoba (id, name, password, extid, komentar, skupina, email, popis, platiod, platido, timeinsert, timemodify, usermodify) VALUES ('e0c92464-3703-43e8-a3de-27e9488bae87', 'dornak', '72d348cec4db5f47b69dd2d4917b5701', 400, '', 'USER', 'jdornak@mukrnov.cz', 'Dorňák Jaroslav', '2017-01-01 14:22:56.884', '2100-12-31 14:22:56.884', '2017-08-17 14:23:29.305', '2017-11-24 12:29:30.367', 'postgres');
INSERT INTO osoba (id, name, password, extid, komentar, skupina, email, popis, platiod, platido, timeinsert, timemodify, usermodify) VALUES ('b5a5d0f6-f948-44fe-91bf-2e2862d6854c', 'dvorak', '4a8d058052ec82594ee9712010591a32', 401, '', 'USER', 'tdvorak@mukrnov.cz', 'Dvořák Tomáš', '2017-01-01 14:22:56.884', '2100-12-31 14:22:56.884', '2017-08-17 14:23:29.405', '2017-11-24 12:29:30.367', 'postgres');
INSERT INTO osoba (id, name, password, extid, komentar, skupina, email, popis, platiod, platido, timeinsert, timemodify, usermodify) VALUES ('d0178a87-4cfb-46fd-9a38-a057a2cc06e7', 'gurtler', 'c7ddb95b84f7e2ae4f12ee2040b757f4', 402, '', 'USER', 'ngurtler@mukrnov.cz', 'Gürtler Norbert, Mgr.', '2017-01-01 14:22:56.884', '2100-12-31 14:22:56.884', '2017-08-17 14:23:29.505', '2017-11-24 12:29:30.367', 'postgres');
INSERT INTO osoba (id, name, password, extid, komentar, skupina, email, popis, platiod, platido, timeinsert, timemodify, usermodify) VALUES ('186c9739-649b-433f-8ca6-4bf5a7d627fa', 'hlavacek', '9b35088ea2ba6907e64ce877d215005d', 404, '', 'USER', 'jhlavacek@mukrnov.cz', 'Hlaváček Jaroslav', '2017-01-01 14:22:56.884', '2100-12-31 14:22:56.884', '2017-08-17 14:23:29.604', '2017-11-24 12:29:30.367', 'postgres');
INSERT INTO osoba (id, name, password, extid, komentar, skupina, email, popis, platiod, platido, timeinsert, timemodify, usermodify) VALUES ('653e0599-fd9f-4105-9e11-05c2f1365172', 'jatzek', '1c01731dd18a52e0f5e054fb3ccb676b', 405, '', 'USER', 'jjatzek@mukrnov.cz', 'Jatzek Jiří', '2017-01-01 14:22:56.884', '2100-12-31 14:22:56.884', '2017-08-17 14:23:29.704', '2017-11-24 12:29:30.367', 'postgres');
INSERT INTO osoba (id, name, password, extid, komentar, skupina, email, popis, platiod, platido, timeinsert, timemodify, usermodify) VALUES ('87c0c52f-b843-4952-9af5-07931d15310e', 'kavicky', '544237eafdefd78cf8b86d6973bb10ca', 407, '', 'USER', 'pkavicky@mukrnov.cz', 'Kavický Pavel', '2017-01-01 14:22:56.884', '2100-12-31 14:22:56.884', '2017-08-17 14:23:29.815', '2017-11-24 12:29:30.367', 'postgres');
INSERT INTO osoba (id, name, password, extid, komentar, skupina, email, popis, platiod, platido, timeinsert, timemodify, usermodify) VALUES ('4e63d29e-581b-4a64-abbf-a5a9e379307c', 'klubrt', '31df4e2c73a3278c81ef985ef2024183', 409, '', 'USER', 'jklubrt@mukrnov.cz', 'Klubrt Josef', '2017-01-01 14:22:56.884', '2100-12-31 14:22:56.884', '2017-08-17 14:23:29.914', '2017-11-24 12:29:30.367', 'postgres');
INSERT INTO osoba (id, name, password, extid, komentar, skupina, email, popis, platiod, platido, timeinsert, timemodify, usermodify) VALUES ('6d2659aa-253a-455e-b2bd-aad963ad6184', 'moravec', 'b556e6245f0ad4c82bec04a9c5044d88', 412, '', 'USER', 'pmoravec@mukrnov.cz', 'Moravec Pavel, Mgr.', '2017-01-01 14:22:56.884', '2100-12-31 14:22:56.884', '2017-08-17 14:23:30.014', '2017-11-24 12:29:30.367', 'postgres');
INSERT INTO osoba (id, name, password, extid, komentar, skupina, email, popis, platiod, platido, timeinsert, timemodify, usermodify) VALUES ('cdc12e7d-6ecb-48a4-b5d2-d45e2eb14efd', 'navratil', 'f61c4d1a1fc8f7617494ac57e5960bc1', 414, '', 'USER', 'mnavratil@mukrnov.cz', 'Navrátil Miloš', '2017-01-01 14:22:56.884', '2100-12-31 14:22:56.884', '2017-08-17 14:23:30.114', '2017-11-24 12:29:30.367', 'postgres');
INSERT INTO osoba (id, name, password, extid, komentar, skupina, email, popis, platiod, platido, timeinsert, timemodify, usermodify) VALUES ('708ccb5e-2bfc-4da2-9a23-e8fff3fea443', 'pesat', 'f91e0c207893d6369a80ce8d346d0a90', 417, '', 'USER', 'rpesat@mukrnov.cz', 'Pešat Robert', '2017-01-01 14:22:56.884', '2100-12-31 14:22:56.884', '2017-08-17 14:23:30.214', '2017-11-24 12:29:30.367', 'postgres');
INSERT INTO osoba (id, name, password, extid, komentar, skupina, email, popis, platiod, platido, timeinsert, timemodify, usermodify) VALUES ('b55b3e97-49f5-48a4-80fc-90dd75b8965d', 'supak', 'e5c861e7873de858e74e03391b785519', 420, '', 'USER', 'msupak@mukrnov.cz', 'Šupák Miroslav', '2017-01-01 14:22:56.884', '2100-12-31 14:22:56.884', '2017-08-17 14:23:30.316', '2017-11-24 12:29:30.367', 'postgres');
INSERT INTO osoba (id, name, password, extid, komentar, skupina, email, popis, platiod, platido, timeinsert, timemodify, usermodify) VALUES ('50f90db0-8dac-42fc-ae4a-a4123859e659', 'tyleckova', 'e10adc3949ba59abbe56e057f20f883e', 421, '', 'USER', 'ityleckova@mukrnov.cz', 'Tylečková Ivana', '2017-01-01 14:22:56.884', '2100-12-31 14:22:56.884', '2017-08-17 14:23:30.416', '2017-11-24 12:29:30.367', 'postgres');
INSERT INTO osoba (id, name, password, extid, komentar, skupina, email, popis, platiod, platido, timeinsert, timemodify, usermodify) VALUES ('91536511-10c2-4d2d-b16c-28bc741323e0', 'zonek', '64c46eeadbfb8dc02bd116c067af78ec', 423, '', 'USER', 'pzonek@mukrnov.cz', 'Zonek Pavel', '2017-01-01 14:22:56.884', '2100-12-31 14:22:56.884', '2017-08-17 14:23:30.517', '2017-11-24 12:29:30.367', 'postgres');
INSERT INTO osoba (id, name, password, extid, komentar, skupina, email, popis, platiod, platido, timeinsert, timemodify, usermodify) VALUES ('3100f378-48d6-495c-b0c9-0846a3f3f5ab', 'salvet', '460c385d61e803cad0904b14c49410de', 234, '', 'USER', 'tsalvet@mukrnov.cz', 'Salvet Tomáš, Ing.', '2017-01-01 14:22:56.884', '2100-12-31 14:22:56.884', '2017-08-17 14:23:30.628', '2017-11-24 12:29:30.367', 'postgres');
INSERT INTO osoba (id, name, password, extid, komentar, skupina, email, popis, platiod, platido, timeinsert, timemodify, usermodify) VALUES ('ebcaf5a2-dc4f-49f9-93bc-4cd1b9b6405b', 'suchy', 'ab1839b27a1ad2dbfb578d857c336991', 235, '', 'USER', 'psuchy@mukrnov.cz', 'Suchý Petr, Ing.', '2017-01-01 14:22:56.884', '2100-12-31 14:22:56.884', '2017-08-17 14:23:30.726', '2017-11-24 12:29:30.367', 'postgres');
INSERT INTO osoba (id, name, password, extid, komentar, skupina, email, popis, platiod, platido, timeinsert, timemodify, usermodify) VALUES ('f5b14bcc-b539-47b8-a3be-031b60f76236', 'hajkova', '4972980dcd6e9e293fc1d75c8dbe0542', 239, '', 'USER', 'phajkova@mukrnov.cz', 'Hájková Pavla, Ing.', '2017-01-01 14:22:56.884', '2100-12-31 14:22:56.884', '2017-08-17 14:23:30.822', '2017-11-24 12:29:30.367', 'postgres');
INSERT INTO osoba (id, name, password, extid, komentar, skupina, email, popis, platiod, platido, timeinsert, timemodify, usermodify) VALUES ('c1d14330-6b6a-4199-816d-0c368057c8c5', 'kovalova', '43bf3a5c3a72a8cb6885b863e7b78d26', 240, '', 'USER', 'kkovalova@mukrnov.cz', 'Kovalová Kamila, Ing.', '2017-01-01 14:22:56.884', '2100-12-31 14:22:56.884', '2017-08-17 14:23:30.922', '2017-11-24 12:29:30.367', 'postgres');
INSERT INTO osoba (id, name, password, extid, komentar, skupina, email, popis, platiod, platido, timeinsert, timemodify, usermodify) VALUES ('7c86b51b-921c-4bf6-945c-54df77f25b73', 'minarova', 'e10adc3949ba59abbe56e057f20f883e', 242, '', 'USER', 'vminarova@mukrnov.cz', 'Minářová Veronika, Mgr.', '2017-01-01 14:22:56.884', '2100-12-31 14:22:56.884', '2017-08-17 14:23:31.022', '2017-11-24 12:29:30.367', 'postgres');
INSERT INTO osoba (id, name, password, extid, komentar, skupina, email, popis, platiod, platido, timeinsert, timemodify, usermodify) VALUES ('b7fbbc3c-b203-436c-922e-18c7dd21f1e7', 'vagnerova', '157b71cac2ede62c97e8e910d3bb9ae1', 244, '', 'USER', 'jvagnerova@mukrnov.cz', 'Vágnerová Jana, Ing.', '2017-01-01 14:22:56.884', '2100-12-31 14:22:56.884', '2017-08-17 14:23:31.122', '2017-11-24 12:29:30.367', 'postgres');
INSERT INTO osoba (id, name, password, extid, komentar, skupina, email, popis, platiod, platido, timeinsert, timemodify, usermodify) VALUES ('b86276cc-88e5-4484-a6f5-55646165a616', 'martinik', '8a2bc6f29f421af1f4094296ae17f244', 251, '', 'USER', 'dmartinik@mukrnov.cz', 'Martiník Dušan, Ing.', '2017-01-01 14:22:56.884', '2100-12-31 14:22:56.884', '2017-08-17 14:23:31.221', '2017-11-24 12:29:30.367', 'postgres');
INSERT INTO osoba (id, name, password, extid, komentar, skupina, email, popis, platiod, platido, timeinsert, timemodify, usermodify) VALUES ('89627179-4a44-445f-8d36-e75c3fb5c91d', 'ANONYMOUS', '294de3557d9d00b3d2d8a1e6aab028cf', NULL, '', 'USER', NULL, 'ANONYMOUS', '2017-01-01 00:00:00', '2100-12-31 00:00:00', '2017-06-13 23:02:10.519', '2017-11-24 12:29:30.367', 'postgres');
INSERT INTO osoba (id, name, password, extid, komentar, skupina, email, popis, platiod, platido, timeinsert, timemodify, usermodify) VALUES ('35677ee6-bf8a-4ac0-a4cf-f87c90dac421', 'muzikova', '36caf5121ba1babe1db3490664e973cd', 252, '', 'USER', 'pmuzikova@muzikova.cz', 'Mužíková Petra, Ing.', '2017-01-01 14:22:56.884', '2100-12-31 14:22:56.884', '2017-08-17 14:23:31.321', '2017-11-24 12:29:30.367', 'postgres');
INSERT INTO osoba (id, name, password, extid, komentar, skupina, email, popis, platiod, platido, timeinsert, timemodify, usermodify) VALUES ('e22a616c-9e02-4252-b690-6060b1f2d407', 'vitkoval', '9c6f9c4cefbfbb2344e17ea9e92ce1cb', 255, '', 'USER', 'lvitkova@mukrnov.cz', 'Vítková Lucie, Ing.', '2017-01-01 14:22:56.884', '2100-12-31 14:22:56.884', '2017-08-17 14:23:31.421', '2017-11-24 12:29:30.367', 'postgres');
INSERT INTO osoba (id, name, password, extid, komentar, skupina, email, popis, platiod, platido, timeinsert, timemodify, usermodify) VALUES ('2a80dc3f-022e-4559-aec6-83b50a46b47d', 'bednarova', 'd8a3456b1107fa255ab901c9c3535962', 260, '', 'USER', 'lbednarova@mukrnov.cz', 'Bednářová Lenka', '2017-01-01 14:22:56.884', '2100-12-31 14:22:56.884', '2017-08-17 14:23:31.522', '2017-11-24 12:29:30.367', 'postgres');
INSERT INTO osoba (id, name, password, extid, komentar, skupina, email, popis, platiod, platido, timeinsert, timemodify, usermodify) VALUES ('6fffa461-8410-4bfa-8103-414aa6174043', 'vitaskova', 'e10adc3949ba59abbe56e057f20f883e', 262, '', 'USER', 'mvitaskova@mukrnov.cz', 'Vitásková Michaela, Mgr.', '2017-01-01 14:22:56.884', '2100-12-31 14:22:56.884', '2017-08-17 14:23:31.622', '2017-11-24 12:29:30.367', 'postgres');
INSERT INTO osoba (id, name, password, extid, komentar, skupina, email, popis, platiod, platido, timeinsert, timemodify, usermodify) VALUES ('38a4f93e-4891-41af-88f8-11a57b623c55', 'krenek', '8cb273bea4aefcf205ddea6d241be474', 264, '', 'USER', 'jkrenek@mukrnov.cz', 'Křenek Jiří', '2017-01-01 14:22:56.884', '2100-12-31 14:22:56.884', '2017-08-17 14:23:31.722', '2017-11-24 12:29:30.367', 'postgres');
INSERT INTO osoba (id, name, password, extid, komentar, skupina, email, popis, platiod, platido, timeinsert, timemodify, usermodify) VALUES ('2e72c4ef-94a6-429c-9483-f8bdd200d995', 'figurova', '9e85de7cddc7b797e1189996b47ce0ce', 266, '', 'USER', 'hfigurova@mukrnov.cz', 'Figurová Helena', '2017-01-01 14:22:56.884', '2100-12-31 14:22:56.884', '2017-08-17 14:23:31.832', '2017-11-24 12:29:30.367', 'postgres');
INSERT INTO osoba (id, name, password, extid, komentar, skupina, email, popis, platiod, platido, timeinsert, timemodify, usermodify) VALUES ('c72fb1c9-89e0-45b0-80dd-2286b45025ff', 'kubisova', '7eac21b9557494bc5d4db76acb28ec72', 267, '', 'USER', 'dkubisova@mukrnov.cz', 'Kubišová Dagmar', '2017-01-01 14:22:56.884', '2100-12-31 14:22:56.884', '2017-08-17 14:23:31.932', '2017-11-24 12:29:30.367', 'postgres');
INSERT INTO osoba (id, name, password, extid, komentar, skupina, email, popis, platiod, platido, timeinsert, timemodify, usermodify) VALUES ('268c3b06-cc67-46b5-89ad-7c203e7181a6', 'rapusak', '418b27d3afeaf99bf9301efc5a6c765a', 333, '', 'USER', 'lrapusak@mukrnov.cz', 'Rapušák Lubomír', '2017-01-01 14:22:56.884', '2100-12-31 14:22:56.884', '2017-08-17 14:23:32.034', '2017-11-24 12:29:30.367', 'postgres');
INSERT INTO osoba (id, name, password, extid, komentar, skupina, email, popis, platiod, platido, timeinsert, timemodify, usermodify) VALUES ('91f22e25-5a6e-498b-823f-ff8862af0ddc', 'semianova', '16a7af0e14037b567d7782c4ef1bdeda', 335, '', 'USER', 'vsemianova@mukrnov.cz', 'Semianová Věra', '2017-01-01 14:22:56.884', '2100-12-31 14:22:56.884', '2017-08-17 14:23:32.133', '2017-11-24 12:29:30.367', 'postgres');
INSERT INTO osoba (id, name, password, extid, komentar, skupina, email, popis, platiod, platido, timeinsert, timemodify, usermodify) VALUES ('15571662-7c2e-4366-b032-035a134a3339', 'indruch', '16edd9a8b213447ad22f5df4b94fd45c', 221, '', 'USER', 'tindruch@mukrnov.cz', 'Indruch Tomáš', '2017-01-01 14:22:56.884', '2100-12-31 14:22:56.884', '2017-08-17 14:23:32.233', '2017-11-24 12:29:30.367', 'postgres');
INSERT INTO osoba (id, name, password, extid, komentar, skupina, email, popis, platiod, platido, timeinsert, timemodify, usermodify) VALUES ('db1c9818-eb78-4d2c-a7da-e49df8962426', 'snasel', 'e10adc3949ba59abbe56e057f20f883e', 224, '', 'USER', 'lsnasel@muklrnov.cz', 'Snášel Libor', '2017-01-01 14:22:56.884', '2100-12-31 14:22:56.884', '2017-08-17 14:23:32.334', '2017-11-24 12:29:30.367', 'postgres');
INSERT INTO osoba (id, name, password, extid, komentar, skupina, email, popis, platiod, platido, timeinsert, timemodify, usermodify) VALUES ('06b279cf-e753-433e-9d5f-7a19efa6f289', 'gustyova', '9fff906cb0e6e6a23599e39d59156116', 233, '', 'USER', 'lgustyova@mukrnov.cz', 'Gustyová Lenka, Bc.', '2017-01-01 14:22:56.884', '2100-12-31 14:22:56.884', '2017-08-17 14:23:32.433', '2017-11-24 12:29:30.367', 'postgres');
INSERT INTO osoba (id, name, password, extid, komentar, skupina, email, popis, platiod, platido, timeinsert, timemodify, usermodify) VALUES ('50e18118-7bbb-4b87-a771-0afdc8b491b1', 'demjanovicova', '3ab7daed4d02a80d19125f4580d600c0', 368, '', 'USER', 'ddemjanovicova@mukrnov.cz', 'Demjanovičová Dagmar', '2017-01-01 14:22:56.884', '2100-12-31 14:22:56.884', '2017-08-17 14:23:32.533', '2017-11-24 12:29:30.367', 'postgres');
INSERT INTO osoba (id, name, password, extid, komentar, skupina, email, popis, platiod, platido, timeinsert, timemodify, usermodify) VALUES ('c4b330be-573a-4c53-84b4-e56bee2332aa', 'kumarci', '9b7cd5a8f2b129fdeccdf6d682abad48', 373, '', 'USER', 'lkumarci@mukrnov.cz', 'Kumarci Lenka, Bc.', '2017-01-01 14:22:56.884', '2100-12-31 14:22:56.884', '2017-08-17 14:23:32.632', '2017-11-24 12:29:30.367', 'postgres');
INSERT INTO osoba (id, name, password, extid, komentar, skupina, email, popis, platiod, platido, timeinsert, timemodify, usermodify) VALUES ('aac687a3-5418-49b3-90bc-1b8223bd9610', 'feketova', '164e6f1f1ac8bd01ba6abbc953b334bb', 381, '', 'USER', 'rfeketova@mukrnov.cz', 'Feketová Růžena', '2017-01-01 14:22:56.884', '2100-12-31 14:22:56.884', '2017-08-17 14:23:32.734', '2017-11-24 12:29:30.367', 'postgres');
INSERT INTO osoba (id, name, password, extid, komentar, skupina, email, popis, platiod, platido, timeinsert, timemodify, usermodify) VALUES ('0d0d8058-3911-4583-a901-a29e300c833e', 'herudkova', '011386653104f4cb4abe276b9b705afd', 382, '', 'USER', 'aherudkova@mukrnov.cz', 'Herudková Alena', '2017-01-01 14:22:56.884', '2100-12-31 14:22:56.884', '2017-08-17 14:23:32.833', '2017-11-24 12:29:30.367', 'postgres');
INSERT INTO osoba (id, name, password, extid, komentar, skupina, email, popis, platiod, platido, timeinsert, timemodify, usermodify) VALUES ('cde78a40-e07a-484c-a1aa-90c9b3f71d8a', 'konecnal', 'e7fc9cc48d7c6502abc17342ce8b7eec', 384, '', 'USER', 'lkonecna@mukrnov.cz', 'Konečná Libuše, Bc.', '2017-01-01 14:22:56.884', '2100-12-31 14:22:56.884', '2017-08-17 14:23:32.933', '2017-11-24 12:29:30.367', 'postgres');
INSERT INTO osoba (id, name, password, extid, komentar, skupina, email, popis, platiod, platido, timeinsert, timemodify, usermodify) VALUES ('fbb384c3-cfef-4582-af87-a0f2a702e860', 'pucanova', 'fff64cb6beebfa10fd803f442c969238', 388, '', 'USER', 'lpucanova@mukrnov.cz', 'Pučanová Lenka', '2017-01-01 14:22:56.884', '2100-12-31 14:22:56.884', '2017-08-17 14:23:33.033', '2017-11-24 12:29:30.367', 'postgres');
INSERT INTO osoba (id, name, password, extid, komentar, skupina, email, popis, platiod, platido, timeinsert, timemodify, usermodify) VALUES ('9960cbb8-db3a-4dfc-9292-fab189f9040e', 'kozelek', '10e2a9cf565991cc04e3f18e23828218', 722, '', 'USER', 'ikozelek@mukrnov.cz', 'Kozelek Igor, Ing.', '2017-01-01 00:00:00', '2100-12-31 00:00:00', '2017-05-30 09:32:37.729', '2017-11-24 12:29:30.367', 'postgres');
INSERT INTO osoba (id, name, password, extid, komentar, skupina, email, popis, platiod, platido, timeinsert, timemodify, usermodify) VALUES ('121d9333-c221-47a2-a725-a69598124350', 'koukolova', 'e10adc3949ba59abbe56e057f20f883e', 726, '', 'USER', NULL, 'Koukolová Petrová Jana, PhDr. Mgr.', '2017-01-01 14:22:56.884', '2100-12-31 14:22:56.884', '2017-08-17 14:23:33.234', '2017-11-24 12:29:30.367', 'postgres');
INSERT INTO osoba (id, name, password, extid, komentar, skupina, email, popis, platiod, platido, timeinsert, timemodify, usermodify) VALUES ('39f0570d-42b1-410b-9cd7-33809597adb7', 'brunclik', 'e10adc3949ba59abbe56e057f20f883e', 728, '', 'USER', 'mbrunclik@mukrnov.cz', 'Brunclík Michal, Ing.', '2017-01-01 14:22:56.884', '2100-12-31 14:22:56.884', '2017-08-17 14:23:33.334', '2017-11-24 12:29:30.367', 'postgres');
INSERT INTO osoba (id, name, password, extid, komentar, skupina, email, popis, platiod, platido, timeinsert, timemodify, usermodify) VALUES ('f3cdcde5-1a1d-4902-9c65-f01658b889c9', 'krkoska', 'e10adc3949ba59abbe56e057f20f883e', 730, '', 'USER', 'jkrkoska@mukrnov.cz', 'Krkoška Jan', '2017-01-01 14:22:56.884', '2100-12-31 14:22:56.884', '2017-08-17 14:23:33.434', '2017-11-24 12:29:30.367', 'postgres');
INSERT INTO osoba (id, name, password, extid, komentar, skupina, email, popis, platiod, platido, timeinsert, timemodify, usermodify) VALUES ('c4519a6b-e313-4d4f-8fe5-4c4c5c42158a', 'tic', 'a24d86922413af2ebf46b87c3cb95978', 741, '', 'USER', 'tic@mukrnov.cz', 'TIC', '2017-01-01 14:22:56.884', '2100-12-31 14:22:56.884', '2017-08-17 14:23:33.533', '2017-11-24 12:29:30.367', 'postgres');
INSERT INTO osoba (id, name, password, extid, komentar, skupina, email, popis, platiod, platido, timeinsert, timemodify, usermodify) VALUES ('53fe5bce-5685-4718-9ab5-686d765e7ffb', 'sasakova', '4630660206f51302d55ffb4343de4bb8', 1541, '', 'USER', 'msasakova@mukrnov.cz', 'Sasáková Martina, Dis.', '2017-01-01 14:22:56.884', '2100-12-31 14:22:56.884', '2017-08-17 14:23:33.633', '2017-11-24 12:29:30.367', 'postgres');
INSERT INTO osoba (id, name, password, extid, komentar, skupina, email, popis, platiod, platido, timeinsert, timemodify, usermodify) VALUES ('ab4c4aab-0efb-4592-8ff0-635c203a3338', 'tobiasek', '281ffbf5eb2a3916b9c1eb8f28637836', 1701, '', 'USER', 'jtobiasek@mukrnov.cz', 'Tobiášek Josef, Mgr.', '2017-01-01 14:22:56.884', '2100-12-31 14:22:56.884', '2017-08-17 14:23:33.733', '2017-11-24 12:29:30.367', 'postgres');
INSERT INTO osoba (id, name, password, extid, komentar, skupina, email, popis, platiod, platido, timeinsert, timemodify, usermodify) VALUES ('1f31523f-1deb-4f4c-b455-41389a3da9a0', 'vrchovsky', 'bf5f7f09b727fa734a84d3ffa5a2ca23', 2182, '', 'USER', 'fvrchovsky@mukrnov.cz', 'Vrchovský Filip, Bc.', '2017-01-01 14:22:56.884', '2100-12-31 14:22:56.884', '2017-08-17 14:23:33.833', '2017-11-24 12:29:30.367', 'postgres');
INSERT INTO osoba (id, name, password, extid, komentar, skupina, email, popis, platiod, platido, timeinsert, timemodify, usermodify) VALUES ('cf48497e-6eac-45d5-a8d5-076771849686', 'moravecj', '6dce8359531304453a9640ce9cc0e5de', 1984, '', 'USER', 'moravecj@mukrnov.cz', 'Moravec Jakub, Bc.', '2017-01-01 14:22:56.884', '2100-12-31 14:22:56.884', '2017-08-17 14:23:33.943', '2017-11-24 12:29:30.367', 'postgres');
INSERT INTO osoba (id, name, password, extid, komentar, skupina, email, popis, platiod, platido, timeinsert, timemodify, usermodify) VALUES ('ecd8c348-cd4a-4a55-88c0-b852e2209aaf', 'caslava', 'aafd360f07cf08501299c07f903f7a0c', 2721, '', 'USER', 'jcaslava@mukrnov.cz', 'Čáslava Josef Mgr.', '2017-01-01 14:22:56.884', '2100-12-31 14:22:56.884', '2017-08-17 14:23:34.043', '2017-11-24 12:29:30.367', 'postgres');
INSERT INTO osoba (id, name, password, extid, komentar, skupina, email, popis, platiod, platido, timeinsert, timemodify, usermodify) VALUES ('64118385-6022-41df-9c5c-6ea0dcf0d77e', 'valkova', '752361fd880c9ce828ca0c34c7ba9117', 2841, '', 'USER', 'avalkova@mukrnov.cz', 'Válková Aneta Mgr.', '2017-01-01 14:22:56.884', '2100-12-31 14:22:56.884', '2017-08-17 14:23:34.143', '2017-11-24 12:29:30.367', 'postgres');
INSERT INTO osoba (id, name, password, extid, komentar, skupina, email, popis, platiod, platido, timeinsert, timemodify, usermodify) VALUES ('89ca468c-126a-41aa-9ef8-712c8d4863df', 'halfarova', 'c525bf7ce8e469b2fb0596037f9a9075', 3203, '', 'USER', NULL, 'Veronika Halfarová', '2017-01-01 14:22:56.884', '2100-12-31 14:22:56.884', '2017-08-17 14:23:34.245', '2017-11-24 12:29:30.367', 'postgres');
INSERT INTO osoba (id, name, password, extid, komentar, skupina, email, popis, platiod, platido, timeinsert, timemodify, usermodify) VALUES ('eec8e570-5c30-4471-ab6c-17a6e7ced242', 'hoferkova', '641e2ec241d47bd3dcf9ecdfe9c3e816', 3225, '', 'USER', 'zhoferkova@mukrnov.cz', 'Zuzana Hoferková', '2017-01-01 14:22:56.884', '2100-12-31 14:22:56.884', '2017-08-17 14:23:34.344', '2017-11-24 12:29:30.367', 'postgres');
INSERT INTO osoba (id, name, password, extid, komentar, skupina, email, popis, platiod, platido, timeinsert, timemodify, usermodify) VALUES ('3af12962-68d3-461d-9746-f6b402b136e3', 'nykodymova', '2b114123f38c166616f66a4b724a6e6f', 3281, '', 'USER', 'mnykodymova@mukrnov.cz', 'Marcela Nykodymová', '2017-01-01 14:22:56.884', '2100-12-31 14:22:56.884', '2017-08-17 14:23:34.447', '2017-11-24 12:29:30.367', 'postgres');
INSERT INTO osoba (id, name, password, extid, komentar, skupina, email, popis, platiod, platido, timeinsert, timemodify, usermodify) VALUES ('adf8c4b7-e84a-4836-9cb1-cadef227472e', 'predikantova', '1bf02f8a21dcc6cb9b4e7bc11cff4706', 3321, '', 'USER', NULL, 'Kamila Predikantová', '2017-01-01 14:22:56.884', '2100-12-31 14:22:56.884', '2017-08-17 14:23:34.564', '2017-11-24 12:29:30.367', 'postgres');
INSERT INTO osoba (id, name, password, extid, komentar, skupina, email, popis, platiod, platido, timeinsert, timemodify, usermodify) VALUES ('d4a1976f-70b8-47c8-85ec-8a7da0a40a11', 'miklusova', 'e79bb4b84e7535727fb8eb45cf5262e4', 3001, '', 'USER', 'gmiklusova@mukrnov.cz', 'Ing. Gabriela Miklušová', '2017-01-01 14:22:56.884', '2100-12-31 14:22:56.884', '2017-08-17 14:23:34.664', '2017-11-24 12:29:30.367', 'postgres');
INSERT INTO osoba (id, name, password, extid, komentar, skupina, email, popis, platiod, platido, timeinsert, timemodify, usermodify) VALUES ('0ab8ccac-3ad1-4823-a2da-ddbc7ef918ad', 'klimkova', 'c525bf7ce8e469b2fb0596037f9a9075', 3201, '', 'USER', NULL, 'Mgr. Kateřina Klímková', '2017-01-01 14:22:56.884', '2100-12-31 14:22:56.884', '2017-08-17 14:23:34.764', '2017-11-24 12:29:30.367', 'postgres');
INSERT INTO osoba (id, name, password, extid, komentar, skupina, email, popis, platiod, platido, timeinsert, timemodify, usermodify) VALUES ('5f98cf7e-8149-419b-83d6-65f9b2b292de', 'carnecka', 'ea3ee14723b4d9c0d03e510a5dfae290', 3461, '', 'USER', 'rcarnecka@mukrnov.cz', 'Čarnecká Romana', '2017-01-01 14:22:56.884', '2100-12-31 14:22:56.884', '2017-08-17 14:23:34.863', '2017-11-24 12:29:30.367', 'postgres');
INSERT INTO osoba (id, name, password, extid, komentar, skupina, email, popis, platiod, platido, timeinsert, timemodify, usermodify) VALUES ('c7c698d1-e89e-4073-984a-33810adbf0bb', 'hazuchova', 'e79bb4b84e7535727fb8eb45cf5262e4', 2981, '', 'USER', 'khazuchova@mukrnov.cz', 'Ing. Klára Hazuchová', '2017-01-01 14:22:56.884', '2100-12-31 14:22:56.884', '2017-08-17 14:23:34.975', '2017-11-24 12:29:30.367', 'postgres');
INSERT INTO osoba (id, name, password, extid, komentar, skupina, email, popis, platiod, platido, timeinsert, timemodify, usermodify) VALUES ('92f15399-8183-4474-a3f0-70bb4cab5470', 'osadnik', '87e1fecf07c5238b69935e815172a659', 2801, '', 'USER', 'posadnik@mukrnov.cz', 'Osadník Pavel Ing.', '2017-01-01 14:22:56.884', '2100-12-31 14:22:56.884', '2017-08-17 14:23:35.076', '2017-11-24 12:29:30.367', 'postgres');
INSERT INTO osoba (id, name, password, extid, komentar, skupina, email, popis, platiod, platido, timeinsert, timemodify, usermodify) VALUES ('3dd356e1-98c2-4805-b1e1-96eb4271516e', 'juricova', '4ace0cf70cf689c21cc37c696afe940a', 3701, '', 'USER', 'rjuricova@mukrnov.cz', 'Mgr. Radka Juřicová', '2017-01-01 14:22:56.884', '2100-12-31 14:22:56.884', '2017-08-17 14:23:35.177', '2017-11-24 12:29:30.367', 'postgres');
INSERT INTO osoba (id, name, password, extid, komentar, skupina, email, popis, platiod, platido, timeinsert, timemodify, usermodify) VALUES ('44d0c656-4b80-49fc-9faf-55370d987d62', 'dornakova', '45dedfbaf9dc7eeaa760a58c2e627d95', 3782, '', 'USER', 'ldornakova@mukrnov.cz', 'Lenka Dorňáková', '2017-01-01 14:22:56.884', '2100-12-31 14:22:56.884', '2017-08-17 14:23:35.275', '2017-11-24 12:29:30.367', 'postgres');
INSERT INTO osoba (id, name, password, extid, komentar, skupina, email, popis, platiod, platido, timeinsert, timemodify, usermodify) VALUES ('6ad53093-028d-4b9e-b3b8-82facda10274', 'drimalovak', 'a97627a64a0142fdecad93ea5ff1c219', 3822, '', 'USER', 'kdrimalova@mukrnov.cz', 'Ing. Kamila Dřímalová', '2017-01-01 14:22:56.884', '2100-12-31 14:22:56.884', '2017-08-17 14:23:35.376', '2017-11-24 12:29:30.367', 'postgres');
INSERT INTO osoba (id, name, password, extid, komentar, skupina, email, popis, platiod, platido, timeinsert, timemodify, usermodify) VALUES ('7e023002-11d8-4a9b-8404-b2b1aac6877c', 'jiras', '1fe11524b6d6d83e62bc889cdc15e03d', 3841, '', 'USER', 'mjiras@mukrnov.cz', 'Jiras Martin, Ing.', '2017-01-01 14:22:56.884', '2100-12-31 14:22:56.884', '2017-08-17 14:23:35.479', '2017-11-24 12:29:30.367', 'postgres');
INSERT INTO osoba (id, name, password, extid, komentar, skupina, email, popis, platiod, platido, timeinsert, timemodify, usermodify) VALUES ('cad403c8-0e64-4fa3-94d0-e1544f5a4713', 'mikoska', 'a84e19e5268bf01623c8a130883df668', 3842, '', 'USER', 'vmikoska@mukrnov.cz', 'Ing. Vlastislav Mikoška', '2017-01-01 14:22:56.884', '2100-12-31 14:22:56.884', '2017-08-17 14:23:35.578', '2017-11-24 12:29:30.367', 'postgres');
INSERT INTO osoba (id, name, password, extid, komentar, skupina, email, popis, platiod, platido, timeinsert, timemodify, usermodify) VALUES ('565b2abc-810d-41cc-9a71-7031907263bf', 'andrsova', '4a9ebbf5505657334b669ce98fa5496f', 25, '', 'USER', 'landrsova@mukrnov.cz', 'Andršová Lenka, Ing.', '2017-01-01 14:22:56.884', '2100-12-31 14:22:56.884', '2017-08-17 14:23:13.341', '2017-11-24 12:29:30.367', 'postgres');
INSERT INTO osoba (id, name, password, extid, komentar, skupina, email, popis, platiod, platido, timeinsert, timemodify, usermodify) VALUES ('35b32e8d-5503-4045-820c-1bc0624c018d', 'tribusova', '76263bc4f4136a03060bc44ef2d92a1b', 145, '', 'USER', 'ptribusova@mukrnov.cz', 'Tribusová Pavla, Bc.', '2017-01-01 14:22:56.884', '2100-12-31 14:22:56.884', '2017-08-17 14:23:13.533', '2017-11-24 12:29:30.367', 'postgres');
INSERT INTO osoba (id, name, password, extid, komentar, skupina, email, popis, platiod, platido, timeinsert, timemodify, usermodify) VALUES ('02af2a3b-c5b5-46dc-abb2-4298eeb26541', 'mylkova', 'a84e19e5268bf01623c8a130883df668', 3843, '', 'USER', 'lmylkova@mukrnov.cz', 'Bc. Lenka Mýlková', '2017-01-01 14:22:56.884', '2100-12-31 14:22:56.884', '2017-08-17 14:23:35.677', '2017-11-24 12:29:30.367', 'postgres');
INSERT INTO osoba (id, name, password, extid, komentar, skupina, email, popis, platiod, platido, timeinsert, timemodify, usermodify) VALUES ('c29c650a-6a77-485c-ab7c-ca389f2c877b', 'melcrova', 'b01b3da33c0d6bcf4117191d7ea2471f', 3881, '', 'USER', NULL, 'Zuzana Melcrová', '2017-01-01 14:22:56.884', '2100-12-31 14:22:56.884', '2017-08-17 14:23:35.776', '2017-11-24 12:29:30.367', 'postgres');
INSERT INTO osoba (id, name, password, extid, komentar, skupina, email, popis, platiod, platido, timeinsert, timemodify, usermodify) VALUES ('c8f4089e-5574-4aa1-a248-4a2a8768360e', 'gadasova', 'a97627a64a0142fdecad93ea5ff1c219', 4741, '', 'USER', 'lgadasova@mukrnov.cz', 'Lenka Gadasová', '2017-01-01 14:22:56.884', '2100-12-31 14:22:56.884', '2017-08-17 14:23:35.872', '2017-11-24 12:29:30.367', 'postgres');
INSERT INTO osoba (id, name, password, extid, komentar, skupina, email, popis, platiod, platido, timeinsert, timemodify, usermodify) VALUES ('d585fa23-dd71-413a-bea8-b06e7c120862', 'janouskova', '01f24637b91076d16f4ea33c82e107a3', 4925, '', 'USER', 'ajanouskova@mukrnov.cz', 'Mgr. Aneta Janoušková', '2017-01-01 14:22:56.884', '2100-12-31 14:22:56.884', '2017-08-17 14:23:35.974', '2017-11-24 12:29:30.367', 'postgres');
INSERT INTO osoba (id, name, password, extid, komentar, skupina, email, popis, platiod, platido, timeinsert, timemodify, usermodify) VALUES ('02c09122-e44b-4d79-a2e5-f14c590049b7', 'brindzakova', '4e037e9a8e3746b91711cf9d49f5bcbc', 4926, '', 'USER', 'mbrindzakova@mukrnov.cz', 'Markéta Brindžáková', '2017-01-01 14:22:56.884', '2100-12-31 14:22:56.884', '2017-08-17 14:23:36.074', '2017-11-24 12:29:30.367', 'postgres');
INSERT INTO osoba (id, name, password, extid, komentar, skupina, email, popis, platiod, platido, timeinsert, timemodify, usermodify) VALUES ('8a166aed-4c73-4d3b-b9f6-35dd3b71130b', 'zdrahalova', '9bba41e820dd21330e9745df9a71038f', 4183, '', 'USER', 'rzdrahalova@mukrnov.cz', 'ZDRAHALOVA', '2017-01-01 14:22:56.884', '2100-12-31 14:22:56.884', '2017-08-17 14:23:36.173', '2017-11-24 12:29:30.367', 'postgres');
INSERT INTO osoba (id, name, password, extid, komentar, skupina, email, popis, platiod, platido, timeinsert, timemodify, usermodify) VALUES ('19d999a1-fbef-4c74-bde5-e2a47ee3e419', 'parma', '75d0e1d423af4692be197452c6d94062', 4485, '', 'USER', 'jparma@mukrnov.cz', 'Ing. Jaromír Parma', '2017-01-01 14:22:56.884', '2100-12-31 14:22:56.884', '2017-08-17 14:23:36.273', '2017-11-24 12:29:30.367', 'postgres');
INSERT INTO osoba (id, name, password, extid, komentar, skupina, email, popis, platiod, platido, timeinsert, timemodify, usermodify) VALUES ('878764b3-6463-4456-9f17-538082d2ba53', 'kotalova', '7fed56b0bdd91520d5830a0e95c7ad53', 4486, '', 'USER', 'dkotalova@mukrnov.cz', 'Dana Kotalová Ing. Mgr.', '2017-01-01 14:22:56.884', '2100-12-31 14:22:56.884', '2017-08-17 14:23:36.374', '2017-11-24 12:29:30.367', 'postgres');
INSERT INTO osoba (id, name, password, extid, komentar, skupina, email, popis, platiod, platido, timeinsert, timemodify, usermodify) VALUES ('63b1d979-c048-4a19-b733-80b37330d5e0', 'vlachova', '31fa02864c1e0261a829d209e17ff31f', 5301, '', 'USER', 'jvlachova@mukrnov.cz', 'Jiřina Vlachová', '2017-01-01 14:22:56.884', '2100-12-31 14:22:56.884', '2017-08-17 14:23:36.474', '2017-11-24 12:29:30.367', 'postgres');
INSERT INTO osoba (id, name, password, extid, komentar, skupina, email, popis, platiod, platido, timeinsert, timemodify, usermodify) VALUES ('413a79b8-1e1b-4fc1-8246-2f8df165a0dd', 'frnkova', '71cf9e76e7c65b211dc647335b4529f6', 4021, '', 'USER', 'zfrnkova@mukrnov.cz', 'Mgr. Zdeňka Frnková', '2017-01-01 14:22:56.884', '2100-12-31 14:22:56.884', '2017-08-17 14:23:36.573', '2017-11-24 12:29:30.367', 'postgres');
INSERT INTO osoba (id, name, password, extid, komentar, skupina, email, popis, platiod, platido, timeinsert, timemodify, usermodify) VALUES ('cadf088b-abe1-4839-b3d6-60a380b5a2f7', 'heckova', 'cd823308d308acf78fd6ac0409b70955', 4482, '', 'USER', 'eheckova@mukrnov.cz', 'Eva Hečková', '2017-01-01 14:22:56.884', '2100-12-31 14:22:56.884', '2017-08-17 14:23:36.674', '2017-11-24 12:29:30.367', 'postgres');
INSERT INTO osoba (id, name, password, extid, komentar, skupina, email, popis, platiod, platido, timeinsert, timemodify, usermodify) VALUES ('3e12bb0e-8993-4a5f-b2c2-f44999866acb', 'sivakova', '7fed56b0bdd91520d5830a0e95c7ad53', 4483, '', 'USER', 'msivakova@mukrnov.cz', 'Bc. Monika Siváková', '2017-01-01 14:22:56.884', '2100-12-31 14:22:56.884', '2017-08-17 14:23:36.775', '2017-11-24 12:29:30.367', 'postgres');
INSERT INTO osoba (id, name, password, extid, komentar, skupina, email, popis, platiod, platido, timeinsert, timemodify, usermodify) VALUES ('f6cd231b-380c-4cf8-ba09-d158d5d5315c', 'svachova', '8e245b65bbb35b483740c6a2e0ea1cb6', 4763, '', 'USER', 'rsvachova@mukrnov.cz', 'Ing. Romana Švachová', '2017-01-01 14:22:56.884', '2100-12-31 14:22:56.884', '2017-08-17 14:23:36.876', '2017-11-24 12:29:30.367', 'postgres');
INSERT INTO osoba (id, name, password, extid, komentar, skupina, email, popis, platiod, platido, timeinsert, timemodify, usermodify) VALUES ('56c5a942-ef0d-41ab-8b83-993b3dff20f1', 'lazar', '156b4a51aa2a3f324960575ef2dc23fe', 4841, '', 'USER', 'mlazar@mukrnov.cz', NULL, '2017-01-01 14:22:56.884', '2100-12-31 14:22:56.884', '2017-08-17 14:23:36.985', '2017-11-24 12:29:30.367', 'postgres');
INSERT INTO osoba (id, name, password, extid, komentar, skupina, email, popis, platiod, platido, timeinsert, timemodify, usermodify) VALUES ('e6d106fb-6963-4de4-b4b8-4e57eb2b2d01', 'srubar', '102b1411651236801bc228c443df2009', 4361, '', 'USER', 'jsrubar@mukrnov.cz', 'Šrubař Jan, Bc', '2017-01-01 14:22:56.884', '2100-12-31 14:22:56.884', '2017-08-17 14:23:37.086', '2017-11-24 12:29:30.367', 'postgres');
INSERT INTO osoba (id, name, password, extid, komentar, skupina, email, popis, platiod, platido, timeinsert, timemodify, usermodify) VALUES ('e691f9cb-b6f8-402a-9b12-08d3f33809f1', 'moravecz', '102b1411651236801bc228c443df2009', 4362, '', 'USER', 'zmoravec@mukrnov.cz', 'Ing. Zbyněk Moravec', '2017-01-01 14:22:56.884', '2100-12-31 14:22:56.884', '2017-08-17 14:23:37.186', '2017-11-24 12:29:30.367', 'postgres');
INSERT INTO osoba (id, name, password, extid, komentar, skupina, email, popis, platiod, platido, timeinsert, timemodify, usermodify) VALUES ('7620415c-78e9-4d92-a34f-5735212235f5', 'kurnicka', 'c4ca823dc9a9941052070624b7311228', 4363, '', 'USER', 'vkurnicka@mukrnov.cz', 'Bc. Veronika Kurnická', '2017-01-01 14:22:56.884', '2100-12-31 14:22:56.884', '2017-08-17 14:23:37.291', '2017-11-24 12:29:30.367', 'postgres');
INSERT INTO osoba (id, name, password, extid, komentar, skupina, email, popis, platiod, platido, timeinsert, timemodify, usermodify) VALUES ('da640687-4ab9-416c-8689-edcb5758e443', 'lopatova', '01f24637b91076d16f4ea33c82e107a3', 4921, '', 'USER', 'mlopatova@mukrnov.cz', 'Marie Lopatová', '2017-01-01 14:22:56.884', '2100-12-31 14:22:56.884', '2017-08-17 14:23:37.391', '2017-11-24 12:29:30.367', 'postgres');
INSERT INTO osoba (id, name, password, extid, komentar, skupina, email, popis, platiod, platido, timeinsert, timemodify, usermodify) VALUES ('00000000-0000-0000-0000-000000000001', 'default', 'd41d8cd98f00b204e9800998ecf8427e', NULL, NULL, 'USER', '@mukrnov.cz', ' default', '2017-01-01 00:00:00', '2100-12-31 00:00:00', '2017-11-24 14:53:17.23', '2017-11-24 14:56:12.464', 'postgres');
INSERT INTO osoba (id, name, password, extid, komentar, skupina, email, popis, platiod, platido, timeinsert, timemodify, usermodify) VALUES ('8b24fa34-03aa-4a82-bfeb-bb044d252be8', 'sosyn', '07a88e756847244f3496f63f473d6085', 21, '', 'USER', 'isosyn@mukrnov.cz', 'Sosýn Ivo Ing.', '2017-01-01 00:00:00', '2100-12-31 00:00:00', '2017-05-27 00:31:57.88', '2017-11-24 12:29:30.367', 'postgres');
INSERT INTO osoba (id, name, password, extid, komentar, skupina, email, popis, platiod, platido, timeinsert, timemodify, usermodify) VALUES ('eb8c0aca-e74e-4190-9bef-14dd9270dafa', 'ivanicova', 'be6f3369f3d1e8cb81e39c3f680ce46d', 5305, '', 'USER', 'kivanicova@mukrnov.cz', 'DiS. Bc. Kateřina Ivaničová', '2017-01-01 14:22:56.884', '2100-12-31 14:22:56.884', '2017-08-17 14:23:37.491', '2017-11-24 12:29:30.367', 'postgres');
INSERT INTO osoba (id, name, password, extid, komentar, skupina, email, popis, platiod, platido, timeinsert, timemodify, usermodify) VALUES ('c0693d97-95b4-4034-83f1-aed3b48dfc41', 'brazdilova', '281ffbf5eb2a3916b9c1eb8f28637836', 367, '', 'USER', 'rbrazdilova@mukrnov.cz', 'Brázdilová Rostislava, Bc.', '2017-01-01 00:00:00', '2100-12-31 00:00:00', '2017-08-17 14:23:28.395', '2017-11-24 12:29:30.367', 'postgres');
INSERT INTO osoba (id, name, password, extid, komentar, skupina, email, popis, platiod, platido, timeinsert, timemodify, usermodify) VALUES ('6a000635-8c86-4bf3-b39d-32018414a482', 'brazdilovak', '3354bc123e420ccd341842be1e8e8241', 345, '', 'USER', 'kbrazdilova@mukrnov.cz', 'Brázdilová Kateřina, DiS.', '2017-01-01 00:00:00', '2100-12-31 00:00:00', '2017-08-17 14:23:24.603', '2017-11-24 12:29:30.367', 'postgres');


--
-- TOC entry 3000 (class 0 OID 24746)
-- Dependencies: 203
-- Data for Name: rezervace; Type: TABLE DATA; Schema: public; Owner: postgres
--

INSERT INTO rezervace (id, idakt, idcest, idzdr, komentar, popis, platiod, platido, timeinsert, timemodify, usermodify) VALUES ('252aa6be-e52d-40f2-83df-b4111a254d91', 'c2d29867-3d0b-d497-9191-18a9d8ee7830', 'a8bea246-d7c2-4ead-8609-65bdbe032e7d', 'e09f2a43-a6cb-4453-9263-90d8b62f285b', NULL, NULL, '2018-02-16 10:31:47.909', '2018-02-19 15:31:47.909', '2017-07-19 10:32:55.011', '2018-02-15 20:42:10.264357', 'postgres');
INSERT INTO rezervace (id, idakt, idcest, idzdr, komentar, popis, platiod, platido, timeinsert, timemodify, usermodify) VALUES ('2594ae5e-e2f8-42d8-bde2-ee8b8b29a377', 'c2d29867-3d0b-d497-9191-18a9d8ee7830', '7b7a3a62-fc9b-4ba6-a85b-36ce313b28b6', 'e09f2a43-a6cb-4453-9263-90d8b62f285b', NULL, NULL, '2018-02-18 16:57:51.506', '2017-02-19 19:57:51.506', '2017-07-17 16:58:34.599', '2018-02-15 20:42:47.724023', 'postgres');
INSERT INTO rezervace (id, idakt, idcest, idzdr, komentar, popis, platiod, platido, timeinsert, timemodify, usermodify) VALUES ('6e53cd59-1171-4196-aacb-c6975064423f', 'c2d29867-3d0b-d497-9191-18a9d8ee7830', '97d19489-5aee-447d-bef8-d429dcc5dd2d', 'e09f2a43-a6cb-4453-9263-90d8b62f285b', NULL, NULL, '2018-02-15 11:06:00', '2018-02-16 23:06:00', '2017-07-31 15:55:05.603', '2018-02-15 20:48:13.519995', 'postgres');
INSERT INTO rezervace (id, idakt, idcest, idzdr, komentar, popis, platiod, platido, timeinsert, timemodify, usermodify) VALUES ('a709ff84-0d13-40ec-acdf-5ddb9183ee56', 'c2d29867-3d0b-d497-9191-18a9d8ee7830', '851d99ef-58b7-4921-87bf-32e7c9875823', 'a04baad7-09b9-4153-8d89-7ffd3341d023', NULL, NULL, '2018-02-15 13:42:00', '2018-02-22 21:23:00', '2017-07-17 16:30:52.87', '2018-02-15 20:58:44.886497', 'postgres');
INSERT INTO rezervace (id, idakt, idcest, idzdr, komentar, popis, platiod, platido, timeinsert, timemodify, usermodify) VALUES ('9754c291-18d8-4e50-a9be-f2e767a19ddb', 'c2d29867-3d0b-d497-9191-18a9d8ee7830', '5816840e-fe8b-4ef7-83c5-8c6658083a70', '8f677b81-a268-4c6a-8387-c7b9518ed514', NULL, NULL, '2018-02-15 13:42:00', '2018-02-22 21:23:00', '2017-07-17 15:27:04.229', '2018-02-15 20:58:44.886497', 'postgres');
INSERT INTO rezervace (id, idakt, idcest, idzdr, komentar, popis, platiod, platido, timeinsert, timemodify, usermodify) VALUES ('e5b77be0-7e51-4dd0-87ad-df674f286c3a', 'c2d29867-3d0b-d497-9191-18a9d8ee7830', 'd2133c13-6df8-4e3b-994c-fd83782a3d2a', '99529a46-dae0-4992-9e44-0915ced80fe4', NULL, NULL, '2018-02-15 13:42:00', '2018-02-22 21:23:00', '2017-07-17 17:04:38.781', '2018-02-15 20:58:44.886497', 'postgres');
INSERT INTO rezervace (id, idakt, idcest, idzdr, komentar, popis, platiod, platido, timeinsert, timemodify, usermodify) VALUES ('0de9ea60-c3ca-49ab-b0f1-d435750af708', 'c2d29867-3d0b-d497-9191-18a9d8ee7830', 'd00a95e6-81b3-4d12-8520-e8e7bd8edb49', '99529a46-dae0-4992-9e44-0915ced80fe4', NULL, NULL, '2018-02-15 13:42:00', '2018-02-22 21:23:00', '2017-07-20 14:23:54.408', '2018-02-15 20:58:44.886497', 'postgres');
INSERT INTO rezervace (id, idakt, idcest, idzdr, komentar, popis, platiod, platido, timeinsert, timemodify, usermodify) VALUES ('0c5b673a-8602-458d-8936-12d7d42ea608', 'c2d29867-3d0b-d497-9191-18a9d8ee7830', '70c51e7f-9cd7-48b6-9c35-65836d42ba05', '99529a46-dae0-4992-9e44-0915ced80fe4', NULL, NULL, '2018-02-15 13:42:00', '2018-02-22 21:23:00', '2017-07-17 16:23:43.377', '2018-02-15 20:58:44.886497', 'postgres');
INSERT INTO rezervace (id, idakt, idcest, idzdr, komentar, popis, platiod, platido, timeinsert, timemodify, usermodify) VALUES ('3a839613-c3aa-4509-861c-01328fe11c24', 'c2d29867-3d0b-d497-9191-18a9d8ee7830', '7ddd944a-c488-4932-aab3-d0ea0fab98e0', '99529a46-dae0-4992-9e44-0915ced80fe4', NULL, NULL, '2018-02-15 13:42:00', '2018-02-22 21:23:00', '2017-07-20 14:23:18.493', '2018-02-15 20:58:44.886497', 'postgres');
INSERT INTO rezervace (id, idakt, idcest, idzdr, komentar, popis, platiod, platido, timeinsert, timemodify, usermodify) VALUES ('2db96fcb-0a30-4049-b738-9f7b5df17602', 'c2d29867-3d0b-d497-9191-18a9d8ee7830', 'a8bea246-d7c2-4ead-8609-65bdbe032e7d', '08518a36-2ba2-43df-a882-ee95539a86a4', NULL, NULL, '2018-02-15 13:42:00', '2018-02-22 21:23:00', '2017-07-19 10:32:40.784', '2018-02-15 20:58:44.886497', 'postgres');
INSERT INTO rezervace (id, idakt, idcest, idzdr, komentar, popis, platiod, platido, timeinsert, timemodify, usermodify) VALUES ('6c6231cd-a0c6-4f43-8921-923c2929d22c', 'c2d29867-3d0b-d497-9191-18a9d8ee7830', 'd00a95e6-81b3-4d12-8520-e8e7bd8edb49', '32297651-b39e-4eb6-9bd6-2777cfcb1ba3', NULL, NULL, '2018-02-15 13:42:00', '2018-02-22 21:23:00', '2017-07-20 14:21:30.44', '2018-02-15 20:58:44.886497', 'postgres');
INSERT INTO rezervace (id, idakt, idcest, idzdr, komentar, popis, platiod, platido, timeinsert, timemodify, usermodify) VALUES ('3f039f72-e179-4369-a029-b400d4b13de8', 'c2d29867-3d0b-d497-9191-18a9d8ee7830', 'd00a95e6-81b3-4d12-8520-e8e7bd8edb49', 'a04baad7-09b9-4153-8d89-7ffd3341d023', NULL, NULL, '2018-02-15 13:42:00', '2018-02-22 21:23:00', '2017-07-20 14:21:22.871', '2018-02-15 20:58:44.886497', 'postgres');
INSERT INTO rezervace (id, idakt, idcest, idzdr, komentar, popis, platiod, platido, timeinsert, timemodify, usermodify) VALUES ('00beab89-b041-45fe-8d68-c28eb879f51b', 'c2d29867-3d0b-d497-9191-18a9d8ee7830', 'b2d1500b-06fa-4e28-b572-2fbf7c705adc', '29c7d88d-d1a5-49cb-bb68-1fa0323c0f47', NULL, NULL, '2018-03-24 11:04:00', '2018-03-24 11:30:00', '2018-03-21 12:17:01.558603', '2018-03-28 19:26:32.369848', 'postgres');
INSERT INTO rezervace (id, idakt, idcest, idzdr, komentar, popis, platiod, platido, timeinsert, timemodify, usermodify) VALUES ('5b182c6c-36d9-4c31-8d32-9587ee19fd20', 'c2d29867-3d0b-d497-9191-18a9d8ee7830', '11b1a3a1-0314-4e21-8537-8a206eda4e48', 'e09f2a43-a6cb-4453-9263-90d8b62f285b', NULL, NULL, '2018-03-20 07:00:00', '2018-03-25 17:00:00', '2018-03-20 16:08:45.633304', '2018-04-04 22:44:07.649299', 'postgres');
INSERT INTO rezervace (id, idakt, idcest, idzdr, komentar, popis, platiod, platido, timeinsert, timemodify, usermodify) VALUES ('c2ed3031-5455-4643-82a1-1f3c58dc08c9', 'c2d29867-3d0b-d497-9191-18a9d8ee7830', 'af00fd57-be6e-4aef-87b5-5561af73d717', 'a04baad7-09b9-4153-8d89-7ffd3341d023', NULL, NULL, '2018-02-15 13:42:00', '2018-02-22 21:23:00', '2017-07-17 15:30:23.173', '2018-04-04 22:47:51.503445', 'postgres');
INSERT INTO rezervace (id, idakt, idcest, idzdr, komentar, popis, platiod, platido, timeinsert, timemodify, usermodify) VALUES ('98962673-477c-4768-b7b7-630b9cc5c9cc', 'c2d29867-3d0b-d497-9191-18a9d8ee7830', '87e56165-22d6-46bd-9c5e-bf7c7e0e28a1', '08518a36-2ba2-43df-a882-ee95539a86a4', NULL, NULL, '2018-03-24 07:00:00', '2018-03-24 17:00:00', '2018-03-21 12:02:03.90326', '2018-04-04 23:43:49.820657', 'postgres');
INSERT INTO rezervace (id, idakt, idcest, idzdr, komentar, popis, platiod, platido, timeinsert, timemodify, usermodify) VALUES ('06fc42a5-5067-4d0d-a503-4da1fb42ea1d', 'c2d29867-3d0b-d497-9191-18a9d8ee7830', '87e56165-22d6-46bd-9c5e-bf7c7e0e28a1', 'e09f2a43-a6cb-4453-9263-90d8b62f285b', NULL, NULL, '2018-03-24 07:00:00', '2018-03-24 17:00:00', '2018-03-21 12:02:03.90926', '2018-04-04 23:43:49.820657', 'postgres');


--
-- TOC entry 3001 (class 0 OID 24752)
-- Dependencies: 204
-- Data for Name: schvaleni; Type: TABLE DATA; Schema: public; Owner: postgres
--

INSERT INTO schvaleni (id, idoso, idcest, iducast, idrez, stav, komentar, popis, platiod, platido, timeinsert, timemodify, usermodify, uroven) VALUES ('68dbf86e-02c3-4164-bae9-0561bf03b43e', '89627179-4a44-445f-8d36-e75c3fb5c91d', '5816840e-fe8b-4ef7-83c5-8c6658083a70', '5e501da3-3c40-44cc-9af2-1b4a588c76fa', '9754c291-18d8-4e50-a9be-f2e767a19ddb', 1, 'Schválení: ANONYMOUS Tue Apr 03 23:43:12 CEST 2018', NULL, '2018-04-03 23:43:12.051', '2018-04-03 23:43:12.051', '2018-04-03 23:43:12.052', '2018-04-03 23:43:21.192942', 'postgres', 0);
INSERT INTO schvaleni (id, idoso, idcest, iducast, idrez, stav, komentar, popis, platiod, platido, timeinsert, timemodify, usermodify, uroven) VALUES ('2fd4ef86-9d34-4d67-b7f3-db25a60348e1', '89627179-4a44-445f-8d36-e75c3fb5c91d', '5816840e-fe8b-4ef7-83c5-8c6658083a70', '1affc7af-6ea2-4b5c-90d8-88bbf65b3315', '9754c291-18d8-4e50-a9be-f2e767a19ddb', 1, 'Schválení: ANONYMOUS Tue Apr 03 23:43:49 CEST 2018', NULL, '2018-04-03 23:43:49.687', '2018-04-03 23:43:49.687', '2018-04-03 23:43:49.687', '2018-04-03 23:43:53.520725', 'postgres', 0);
INSERT INTO schvaleni (id, idoso, idcest, iducast, idrez, stav, komentar, popis, platiod, platido, timeinsert, timemodify, usermodify, uroven) VALUES ('935fcb24-d74d-4c8a-9f30-3bea5f9fdb43', '89627179-4a44-445f-8d36-e75c3fb5c91d', 'af00fd57-be6e-4aef-87b5-5561af73d717', 'c743be80-c404-448a-a6a6-2a0ce1125e75', 'c2ed3031-5455-4643-82a1-1f3c58dc08c9', 1, 'Schválení: ANONYMOUS Tue Apr 03 23:43:53 CEST 2018', NULL, '2018-04-03 23:43:53.522', '2018-04-03 23:43:53.522', '2018-04-03 23:43:53.522', '2018-04-03 23:43:54.080428', 'postgres', 0);
INSERT INTO schvaleni (id, idoso, idcest, iducast, idrez, stav, komentar, popis, platiod, platido, timeinsert, timemodify, usermodify, uroven) VALUES ('4511db1f-927b-437d-b8d9-5dac69fa983d', '89627179-4a44-445f-8d36-e75c3fb5c91d', 'af00fd57-be6e-4aef-87b5-5561af73d717', 'c4e15c5c-0a75-4115-978a-0c9f4d9aad0a', 'c2ed3031-5455-4643-82a1-1f3c58dc08c9', 1, 'Schválení: ANONYMOUS Tue Apr 03 23:43:54 CEST 2018', NULL, '2018-04-03 23:43:54.081', '2018-04-03 23:43:54.081', '2018-04-03 23:43:54.081', '2018-04-03 23:43:54.662845', 'postgres', 0);
INSERT INTO schvaleni (id, idoso, idcest, iducast, idrez, stav, komentar, popis, platiod, platido, timeinsert, timemodify, usermodify, uroven) VALUES ('1936d27c-7161-4275-8a1d-b24edcd59906', '89627179-4a44-445f-8d36-e75c3fb5c91d', 'd00a95e6-81b3-4d12-8520-e8e7bd8edb49', 'e086795a-8674-47cd-9b22-a7b1e1258e2c', '0de9ea60-c3ca-49ab-b0f1-d435750af708', 1, 'Schválení: ANONYMOUS Tue Apr 03 23:51:59 CEST 2018', NULL, '2018-04-03 23:51:59.827', '2018-04-03 23:51:59.827', '2018-04-03 23:51:59.827', '2018-04-03 23:51:59.853405', 'postgres', 0);
INSERT INTO schvaleni (id, idoso, idcest, iducast, idrez, stav, komentar, popis, platiod, platido, timeinsert, timemodify, usermodify, uroven) VALUES ('e3bce809-4293-4c1c-90f2-0e65a7463881', '89627179-4a44-445f-8d36-e75c3fb5c91d', '7ddd944a-c488-4932-aab3-d0ea0fab98e0', '20e0d460-896e-4ed5-8ede-5e87a79924bb', '3a839613-c3aa-4509-861c-01328fe11c24', 1, 'Schválení: ANONYMOUS Tue Apr 03 23:51:59 CEST 2018', NULL, '2018-04-03 23:51:59.855', '2018-04-03 23:51:59.855', '2018-04-03 23:51:59.855', '2018-04-03 23:51:59.860294', 'postgres', 0);
INSERT INTO schvaleni (id, idoso, idcest, iducast, idrez, stav, komentar, popis, platiod, platido, timeinsert, timemodify, usermodify, uroven) VALUES ('a23f671a-6607-4837-a011-82adef36c26e', '89627179-4a44-445f-8d36-e75c3fb5c91d', 'd00a95e6-81b3-4d12-8520-e8e7bd8edb49', '8d56d0de-075b-4357-b0c5-57ba92e22b16', '0de9ea60-c3ca-49ab-b0f1-d435750af708', 1, 'Schválení: ANONYMOUS Tue Apr 03 23:51:59 CEST 2018', NULL, '2018-04-03 23:51:59.861', '2018-04-03 23:51:59.861', '2018-04-03 23:51:59.861', '2018-04-03 23:51:59.867927', 'postgres', 0);
INSERT INTO schvaleni (id, idoso, idcest, iducast, idrez, stav, komentar, popis, platiod, platido, timeinsert, timemodify, usermodify, uroven) VALUES ('3536ad8a-e0cb-428c-ad8f-8b06c63e027e', '89627179-4a44-445f-8d36-e75c3fb5c91d', '7ddd944a-c488-4932-aab3-d0ea0fab98e0', '20e0d460-896e-4ed5-8ede-5e87a79924bb', '3a839613-c3aa-4509-861c-01328fe11c24', 1, 'Schválení: ANONYMOUS Tue Apr 03 23:52:05 CEST 2018', NULL, '2018-04-03 23:52:05.491', '2018-04-03 23:52:05.491', '2018-04-03 23:52:05.491', '2018-04-03 23:52:05.496886', 'postgres', 0);
INSERT INTO schvaleni (id, idoso, idcest, iducast, idrez, stav, komentar, popis, platiod, platido, timeinsert, timemodify, usermodify, uroven) VALUES ('495047c7-aa5d-49b4-bbca-9b5a7399cf99', '89627179-4a44-445f-8d36-e75c3fb5c91d', 'b2d1500b-06fa-4e28-b572-2fbf7c705adc', '485af81e-626e-4a4b-bdf8-54730913b269', '00beab89-b041-45fe-8d68-c28eb879f51b', 1, 'Schválení: ANONYMOUS Tue Apr 03 23:52:50 CEST 2018', NULL, '2018-04-03 23:52:50.727', '2018-04-03 23:52:50.727', '2018-04-03 23:52:50.727', '2018-04-03 23:52:50.737401', 'postgres', 0);
INSERT INTO schvaleni (id, idoso, idcest, iducast, idrez, stav, komentar, popis, platiod, platido, timeinsert, timemodify, usermodify, uroven) VALUES ('e83da591-53dc-4e88-a62e-8d2a89ac6fa0', '89627179-4a44-445f-8d36-e75c3fb5c91d', 'b2d1500b-06fa-4e28-b572-2fbf7c705adc', 'c1c2c41c-f733-4549-a82d-d6d94c88728a', '00beab89-b041-45fe-8d68-c28eb879f51b', 1, 'Schválení: ANONYMOUS Tue Apr 03 23:52:50 CEST 2018', NULL, '2018-04-03 23:52:50.738', '2018-04-03 23:52:50.738', '2018-04-03 23:52:50.738', '2018-04-03 23:52:50.742253', 'postgres', 0);
INSERT INTO schvaleni (id, idoso, idcest, iducast, idrez, stav, komentar, popis, platiod, platido, timeinsert, timemodify, usermodify, uroven) VALUES ('0c457fe0-d8db-41d7-ba3c-fd9813a35a2f', '89627179-4a44-445f-8d36-e75c3fb5c91d', 'b2d1500b-06fa-4e28-b572-2fbf7c705adc', '4f8b3beb-7483-4518-9c66-c1568347cbc2', '00beab89-b041-45fe-8d68-c28eb879f51b', 1, 'Schválení: ANONYMOUS Tue Apr 03 23:52:50 CEST 2018', NULL, '2018-04-03 23:52:50.743', '2018-04-03 23:52:50.743', '2018-04-03 23:52:50.743', '2018-04-03 23:52:50.748706', 'postgres', 0);
INSERT INTO schvaleni (id, idoso, idcest, iducast, idrez, stav, komentar, popis, platiod, platido, timeinsert, timemodify, usermodify, uroven) VALUES ('76d9734b-3be8-4d57-860a-e068911761c8', '89627179-4a44-445f-8d36-e75c3fb5c91d', 'b2d1500b-06fa-4e28-b572-2fbf7c705adc', '485af81e-626e-4a4b-bdf8-54730913b269', '00beab89-b041-45fe-8d68-c28eb879f51b', 2, 'Schválení: ANONYMOUS Tue Apr 03 23:55:04 CEST 2018', NULL, '2018-04-03 23:55:04.317', '2018-04-03 23:55:04.317', '2018-04-03 23:55:04.317', '2018-04-03 23:55:04.332247', 'postgres', 0);
INSERT INTO schvaleni (id, idoso, idcest, iducast, idrez, stav, komentar, popis, platiod, platido, timeinsert, timemodify, usermodify, uroven) VALUES ('f2a0cbf5-839b-4215-b040-7ae701d43cc6', '89627179-4a44-445f-8d36-e75c3fb5c91d', 'b2d1500b-06fa-4e28-b572-2fbf7c705adc', 'c1c2c41c-f733-4549-a82d-d6d94c88728a', '00beab89-b041-45fe-8d68-c28eb879f51b', 2, 'Schválení: ANONYMOUS Tue Apr 03 23:55:04 CEST 2018', NULL, '2018-04-03 23:55:04.333', '2018-04-03 23:55:04.333', '2018-04-03 23:55:04.333', '2018-04-03 23:55:04.338129', 'postgres', 0);
INSERT INTO schvaleni (id, idoso, idcest, iducast, idrez, stav, komentar, popis, platiod, platido, timeinsert, timemodify, usermodify, uroven) VALUES ('9d3fb89d-dae9-4ec9-913b-73b396b3cfec', '89627179-4a44-445f-8d36-e75c3fb5c91d', 'b2d1500b-06fa-4e28-b572-2fbf7c705adc', '4f8b3beb-7483-4518-9c66-c1568347cbc2', '00beab89-b041-45fe-8d68-c28eb879f51b', 2, 'Schválení: ANONYMOUS Tue Apr 03 23:55:04 CEST 2018', NULL, '2018-04-03 23:55:04.339', '2018-04-03 23:55:04.339', '2018-04-03 23:55:04.339', '2018-04-03 23:55:04.343686', 'postgres', 0);
INSERT INTO schvaleni (id, idoso, idcest, iducast, idrez, stav, komentar, popis, platiod, platido, timeinsert, timemodify, usermodify, uroven) VALUES ('4c1884d1-2b2f-489f-a23c-c595fe430b05', '89627179-4a44-445f-8d36-e75c3fb5c91d', 'b2d1500b-06fa-4e28-b572-2fbf7c705adc', '4f8b3beb-7483-4518-9c66-c1568347cbc2', '00beab89-b041-45fe-8d68-c28eb879f51b', 1, 'Schválení: ANONYMOUS Tue Apr 03 23:58:11 CEST 2018', NULL, '2018-04-03 23:58:11.878', '2018-04-03 23:58:11.878', '2018-04-03 23:58:11.878', '2018-04-03 23:58:11.88597', 'postgres', 0);
INSERT INTO schvaleni (id, idoso, idcest, iducast, idrez, stav, komentar, popis, platiod, platido, timeinsert, timemodify, usermodify, uroven) VALUES ('9c3aa3a1-99ca-4b63-91e9-afaf3ebdbdca', '89627179-4a44-445f-8d36-e75c3fb5c91d', 'b2d1500b-06fa-4e28-b572-2fbf7c705adc', '485af81e-626e-4a4b-bdf8-54730913b269', '00beab89-b041-45fe-8d68-c28eb879f51b', 1, 'Schválení: ANONYMOUS Tue Apr 03 23:58:11 CEST 2018', NULL, '2018-04-03 23:58:11.886', '2018-04-03 23:58:11.886', '2018-04-03 23:58:11.886', '2018-04-03 23:58:11.891316', 'postgres', 0);
INSERT INTO schvaleni (id, idoso, idcest, iducast, idrez, stav, komentar, popis, platiod, platido, timeinsert, timemodify, usermodify, uroven) VALUES ('82a7e4b3-5454-4e36-b4ff-89f870e1253c', '89627179-4a44-445f-8d36-e75c3fb5c91d', 'b2d1500b-06fa-4e28-b572-2fbf7c705adc', 'c1c2c41c-f733-4549-a82d-d6d94c88728a', '00beab89-b041-45fe-8d68-c28eb879f51b', 1, 'Schválení: ANONYMOUS Tue Apr 03 23:58:11 CEST 2018', NULL, '2018-04-03 23:58:11.891', '2018-04-03 23:58:11.891', '2018-04-03 23:58:11.892', '2018-04-03 23:58:11.896066', 'postgres', 0);
INSERT INTO schvaleni (id, idoso, idcest, iducast, idrez, stav, komentar, popis, platiod, platido, timeinsert, timemodify, usermodify, uroven) VALUES ('237c573a-b277-4b47-b788-56ba479e7d39', '89627179-4a44-445f-8d36-e75c3fb5c91d', 'af00fd57-be6e-4aef-87b5-5561af73d717', '34fdcc9c-a830-447c-bb93-477b2fecd29a', NULL, 2, 'Schválení: ANONYMOUS', ' Wed Apr 04 22:48:50 CEST 2018', '2018-04-04 22:48:50.313', '2018-04-04 22:48:50.313', '2018-04-04 22:48:57.890261', '2018-04-04 22:48:57.890261', 'postgres', 1);
INSERT INTO schvaleni (id, idoso, idcest, iducast, idrez, stav, komentar, popis, platiod, platido, timeinsert, timemodify, usermodify, uroven) VALUES ('7af6b2b8-5d96-4263-91c0-efc8da3ed8ec', '89627179-4a44-445f-8d36-e75c3fb5c91d', '11b1a3a1-0314-4e21-8537-8a206eda4e48', 'c1b6a676-dca8-4b75-a27a-7ec1b4a33ecb', NULL, 2, 'Schválení: ANONYMOUS', ' Wed Apr 04 23:05:16 CEST 2018', '2018-04-04 23:05:16.284', '2018-04-04 23:05:16.284', '2018-04-04 23:05:16.288934', '2018-04-04 23:05:16.288934', 'postgres', 2);
INSERT INTO schvaleni (id, idoso, idcest, iducast, idrez, stav, komentar, popis, platiod, platido, timeinsert, timemodify, usermodify, uroven) VALUES ('d02fea36-491e-413c-bc65-a55fefeeea01', '89627179-4a44-445f-8d36-e75c3fb5c91d', 'b2d1500b-06fa-4e28-b572-2fbf7c705adc', '485af81e-626e-4a4b-bdf8-54730913b269', NULL, 2, 'Schválení: ANONYMOUS', ' Wed Apr 04 23:05:16 CEST 2018', '2018-04-04 23:05:16.3', '2018-04-04 23:05:16.3', '2018-04-04 23:05:16.301098', '2018-04-04 23:05:16.301098', 'postgres', 1);


--
-- TOC entry 3002 (class 0 OID 24759)
-- Dependencies: 205
-- Data for Name: skupina; Type: TABLE DATA; Schema: public; Owner: postgres
--

INSERT INTO skupina (id, name, skupina, popis, platiod, platido, timeinsert, timemodify, usermodify) VALUES ('8b24fa34-03aa-4a82-bfeb-bb044d252be9', 'sosyn', 'USER', ' ', '2017-01-01 00:00:00', '2100-12-31 00:00:00', '2017-10-06 13:16:35.748', '2017-10-06 13:16:35.748', 'postgres');
INSERT INTO skupina (id, name, skupina, popis, platiod, platido, timeinsert, timemodify, usermodify) VALUES ('8b24fa34-03aa-4a82-bfeb-bb044d252be8', 'sosyn', 'admin', ' ', '2017-01-01 00:00:00', '2100-12-31 00:00:00', '2017-10-06 13:16:14.067', '2017-10-06 13:22:20.756', 'postgres');


--
-- TOC entry 3003 (class 0 OID 24765)
-- Dependencies: 206
-- Data for Name: typaktivity; Type: TABLE DATA; Schema: public; Owner: postgres
--

INSERT INTO typaktivity (id, typakt, popis, platiod, platido, timeinsert, timemodify, usermodify) VALUES ('06e8a07d-5c6a-4031-83d0-70b323d90ea0', 0, 'Služební cesta', '2017-01-01 00:00:00', '2100-12-31 00:00:00', '2017-05-22 22:23:26.188', '2017-05-22 22:23:40.749', 'postgres');
INSERT INTO typaktivity (id, typakt, popis, platiod, platido, timeinsert, timemodify, usermodify) VALUES ('c2b0789b-258d-4418-9d13-dec68bfd1381', 1, 'Rezervace zdrojů, jiných než vozidel', '2017-01-01 00:00:00', '2100-12-31 00:00:00', '2017-05-22 14:07:17.4', '2017-05-24 14:32:17.447', 'postgres');


--
-- TOC entry 3004 (class 0 OID 24771)
-- Dependencies: 207
-- Data for Name: typschv; Type: TABLE DATA; Schema: public; Owner: postgres
--

INSERT INTO typschv (id, typschv, popis, platiod, platido, timeinsert, timemodify, usermodify) VALUES ('68c11075-ff60-45a3-818e-4f4d0be9ea8f', 'A', 'Administrátor', '2017-01-01 00:00:00', '2100-12-31 00:00:00', '2017-05-24 14:23:10.809', '2017-05-24 14:23:20.198', 'postgres');
INSERT INTO typschv (id, typschv, popis, platiod, platido, timeinsert, timemodify, usermodify) VALUES ('dd32144f-12d4-485b-83a3-182d5602da0f', 'T', 'Tajemník MěÚ Krnov', '2017-01-01 00:00:00', '2100-12-31 00:00:00', '2017-05-24 14:23:29.911', '2017-05-24 14:23:45.894', 'postgres');
INSERT INTO typschv (id, typschv, popis, platiod, platido, timeinsert, timemodify, usermodify) VALUES ('11c78229-8f45-4011-a70a-8b176a590bb8', 'VO', 'Vedoucí odboru', '2017-01-01 00:00:00', '2100-12-31 00:00:00', '2017-06-20 16:31:34.261', '2017-06-20 16:31:50.82', 'postgres');
INSERT INTO typschv (id, typschv, popis, platiod, platido, timeinsert, timemodify, usermodify) VALUES ('7a0031b9-b997-43f5-b1ad-f51074a00b03', 'VOdd', 'Vedocí oddělení', '2017-01-01 00:00:00', '2100-12-31 00:00:00', '2017-12-27 17:01:02.198', '2017-12-27 17:01:17.264', 'postgres');
INSERT INTO typschv (id, typschv, popis, platiod, platido, timeinsert, timemodify, usermodify) VALUES ('afc7b221-7f74-4999-ada5-e35334fd3440', 'D', 'Dispečer vozidel', '2017-01-01 00:00:00', '2100-12-31 00:00:00', '2017-12-27 17:01:42.569', '2017-12-27 17:01:59.027', 'postgres');


--
-- TOC entry 3005 (class 0 OID 24778)
-- Dependencies: 208
-- Data for Name: typucast; Type: TABLE DATA; Schema: public; Owner: postgres
--

INSERT INTO typucast (id, typucast, popis, platiod, platido, timeinsert, timemodify, usermodify) VALUES ('0c6c51fb-6308-4796-8d63-f9c0136f7537', 1, 'Spolujezdec', '2017-01-01 00:00:00', '2100-12-31 00:00:00', '2017-05-24 12:45:56.59', '2017-05-24 12:46:07.448', 'postgres');
INSERT INTO typucast (id, typucast, popis, platiod, platido, timeinsert, timemodify, usermodify) VALUES ('15deaa1b-e534-417d-b771-02778d28b9df', 0, 'Řidič', '2017-01-01 00:00:00', '2100-12-31 00:00:00', '2017-05-24 12:43:33.377', '2017-05-24 12:46:34.973', 'postgres');
INSERT INTO typucast (id, typucast, popis, platiod, platido, timeinsert, timemodify, usermodify) VALUES ('05cf6f86-d9de-44d9-8ee1-37e67570415e', 0, 'Řidič cizího vozidla', '2017-01-01 00:00:00', '2100-12-31 00:00:00', '2017-05-24 12:46:39.299', '2017-05-24 12:46:42.867', 'postgres');
INSERT INTO typucast (id, typucast, popis, platiod, platido, timeinsert, timemodify, usermodify) VALUES ('695a6a02-e9a7-4399-8372-8e536993c1fc', 1, 'Spolujezdec v cizím vozidle', '2017-01-01 00:00:00', '2100-12-31 00:00:00', '2017-05-24 12:47:16.238', '2017-05-24 12:47:49.916', 'postgres');
INSERT INTO typucast (id, typucast, popis, platiod, platido, timeinsert, timemodify, usermodify) VALUES ('cb197dbb-8b87-4f5c-a930-8078b81fbac6', 1, 'Spolujezdec cizí osoba', '2017-01-01 00:00:00', '2100-12-31 00:00:00', '2017-05-24 12:47:54.948', '2017-05-24 12:48:19.423', 'postgres');
INSERT INTO typucast (id, typucast, popis, platiod, platido, timeinsert, timemodify, usermodify) VALUES ('10857730-6057-4fa4-80da-c784df57796a', 2, 'Organizátor akce', '2017-01-01 00:00:00', '2100-12-31 00:00:00', '2017-05-24 12:49:02.947', '2017-05-24 12:49:17.711', 'postgres');
INSERT INTO typucast (id, typucast, popis, platiod, platido, timeinsert, timemodify, usermodify) VALUES ('f9dd1edc-d1aa-4439-854a-75380bd5c9a2', 3, 'Účastník akce', '2017-01-01 00:00:00', '2100-12-31 00:00:00', '2017-05-24 12:49:19.936', '2017-05-24 12:49:30.969', 'postgres');
INSERT INTO typucast (id, typucast, popis, platiod, platido, timeinsert, timemodify, usermodify) VALUES ('07e3a887-dcf9-4919-8fa3-c8f9461f0d45', 4, 'Uživatel techniky', '2017-01-01 00:00:00', '2100-12-31 00:00:00', '2017-05-24 12:49:46.786', '2017-05-24 12:50:03.359', 'postgres');


--
-- TOC entry 3006 (class 0 OID 24784)
-- Dependencies: 209
-- Data for Name: typzdroje; Type: TABLE DATA; Schema: public; Owner: postgres
--

INSERT INTO typzdroje (id, typzdr, cesta, rezervace, osoba, popis, platiod, platido, timeinsert, timemodify, usermodify) VALUES ('c2d29867-3d0b-d497-9191-18a9d8ee7800', 0, 0, 0, NULL, 'Vozidlo soukromé', '2017-01-01 00:00:00', '2100-12-31 00:00:00', '2017-05-11 20:25:17', '2017-06-20 16:29:34.143', 'postgres');
INSERT INTO typzdroje (id, typzdr, cesta, rezervace, osoba, popis, platiod, platido, timeinsert, timemodify, usermodify) VALUES ('50ca4787-6d49-4b29-a8fb-5c82acf5523e', 1, 1, 0, NULL, 'Zasedací místnost', '2017-01-01 00:00:00', '2100-12-31 00:00:00', '2017-06-20 16:30:16.492', '2017-06-20 16:36:54.044', 'postgres');
INSERT INTO typzdroje (id, typzdr, cesta, rezervace, osoba, popis, platiod, platido, timeinsert, timemodify, usermodify) VALUES ('823ca1d8-60dd-4f59-99e7-76138e997cb9', 0, 0, 0, NULL, 'Vozidlo služební', '2017-01-01 00:00:00', '2100-12-31 00:00:00', '2017-06-20 16:37:22.092', '2017-06-20 16:37:36.346', 'postgres');
INSERT INTO typzdroje (id, typzdr, cesta, rezervace, osoba, popis, platiod, platido, timeinsert, timemodify, usermodify) VALUES ('f9043670-6118-4b7b-a4a4-a9ea77621483', 3, 1, 0, NULL, 'Notebook', '2017-01-01 00:00:00', '2100-12-31 00:00:00', '2017-06-20 16:38:22.743', '2017-06-20 16:38:34.192', 'postgres');
INSERT INTO typzdroje (id, typzdr, cesta, rezervace, osoba, popis, platiod, platido, timeinsert, timemodify, usermodify) VALUES ('699e4b0e-54c1-4213-bb8e-4dc74629e3c4', 3, 1, 0, NULL, 'Dataprojektor', '2017-01-01 00:00:00', '2100-12-31 00:00:00', '2017-06-20 16:38:37.484', '2017-06-20 16:39:37.956', 'postgres');
INSERT INTO typzdroje (id, typzdr, cesta, rezervace, osoba, popis, platiod, platido, timeinsert, timemodify, usermodify) VALUES ('ac94579b-b602-4994-87b4-d0ebfc3f4dda', 5, 1, 1, 0, 'Uživatel', '2017-01-01 00:00:00', '2100-12-31 00:00:00', '2017-11-26 23:24:55.649', '2017-11-26 23:25:15.559', 'postgres');


--
-- TOC entry 3007 (class 0 OID 24790)
-- Dependencies: 210
-- Data for Name: ucastnik; Type: TABLE DATA; Schema: public; Owner: postgres
--

INSERT INTO ucastnik (id, idoso, idtypucast, idcest, popis, platiod, platido, timeinsert, timemodify, usermodify) VALUES ('0e09b146-71a8-4169-a856-0e6027f03cdc', '89627179-4a44-445f-8d36-e75c3fb5c91d', '0c6c51fb-6308-4796-8d63-f9c0136f7537', 'fea46dc4-b947-432f-a4bd-591e8c31c807', NULL, '2017-01-01 22:41:19.546', '2100-12-31 22:41:19.546', '2017-06-28 22:41:48.74', '2017-06-28 22:42:00.32', 'postgres');
INSERT INTO ucastnik (id, idoso, idtypucast, idcest, popis, platiod, platido, timeinsert, timemodify, usermodify) VALUES ('7b8e2c7a-40cc-40d6-82e9-e38a86e09cdc', '89627179-4a44-445f-8d36-e75c3fb5c91d', '0c6c51fb-6308-4796-8d63-f9c0136f7537', '5816840e-fe8b-4ef7-83c5-8c6658083a70', NULL, '2017-01-01 15:25:51.828', '2100-12-31 15:25:51.828', '2017-07-17 15:26:08.837', '2017-07-17 15:27:26.548', 'postgres');
INSERT INTO ucastnik (id, idoso, idtypucast, idcest, popis, platiod, platido, timeinsert, timemodify, usermodify) VALUES ('5e501da3-3c40-44cc-9af2-1b4a588c76fa', '8b24fa34-03aa-4a82-bfeb-bb044d252be8', '0c6c51fb-6308-4796-8d63-f9c0136f7537', '5816840e-fe8b-4ef7-83c5-8c6658083a70', NULL, '2017-07-17 15:26:08.711', '2017-07-17 15:26:08.711', '2017-07-17 15:26:46.366', '2017-07-17 15:27:26.719', 'postgres');
INSERT INTO ucastnik (id, idoso, idtypucast, idcest, popis, platiod, platido, timeinsert, timemodify, usermodify) VALUES ('1affc7af-6ea2-4b5c-90d8-88bbf65b3315', '9960cbb8-db3a-4dfc-9292-fab189f9040e', '0c6c51fb-6308-4796-8d63-f9c0136f7537', '5816840e-fe8b-4ef7-83c5-8c6658083a70', NULL, '2017-07-17 15:26:08.711', '2017-07-17 15:26:08.711', '2017-07-17 15:26:46.366', '2017-07-17 15:27:26.766', 'postgres');
INSERT INTO ucastnik (id, idoso, idtypucast, idcest, popis, platiod, platido, timeinsert, timemodify, usermodify) VALUES ('858155c6-5b0a-415a-b181-b57ebbd31398', '89627179-4a44-445f-8d36-e75c3fb5c91d', '0c6c51fb-6308-4796-8d63-f9c0136f7537', '5816840e-fe8b-4ef7-83c5-8c6658083a70', NULL, '2017-07-17 15:26:08.711', '2017-07-17 15:26:08.711', '2017-07-17 15:26:46.366', '2017-07-17 15:27:26.813', 'postgres');
INSERT INTO ucastnik (id, idoso, idtypucast, idcest, popis, platiod, platido, timeinsert, timemodify, usermodify) VALUES ('2fbb86c3-c8cb-49d0-ac68-8a17443497c9', '89627179-4a44-445f-8d36-e75c3fb5c91d', '0c6c51fb-6308-4796-8d63-f9c0136f7537', '70c51e7f-9cd7-48b6-9c35-65836d42ba05', NULL, '2017-01-01 16:20:35.811', '2100-12-31 16:20:35.811', '2017-07-17 16:21:36.033', '2017-07-17 16:24:16.034', 'postgres');
INSERT INTO ucastnik (id, idoso, idtypucast, idcest, popis, platiod, platido, timeinsert, timemodify, usermodify) VALUES ('61dbb8b9-8719-41ed-8b8a-0a1509ea25e2', '8b24fa34-03aa-4a82-bfeb-bb044d252be8', '0c6c51fb-6308-4796-8d63-f9c0136f7537', '70c51e7f-9cd7-48b6-9c35-65836d42ba05', NULL, '2017-07-17 16:21:35.922', '2017-07-17 16:21:35.922', '2017-07-17 16:23:34.343', '2017-07-17 16:24:18.53', 'postgres');
INSERT INTO ucastnik (id, idoso, idtypucast, idcest, popis, platiod, platido, timeinsert, timemodify, usermodify) VALUES ('afa95c0c-7e34-44e5-a5c9-0c42145f2e56', '9960cbb8-db3a-4dfc-9292-fab189f9040e', '0c6c51fb-6308-4796-8d63-f9c0136f7537', '70c51e7f-9cd7-48b6-9c35-65836d42ba05', NULL, '2017-07-17 16:21:35.922', '2017-07-17 16:21:35.922', '2017-07-17 16:23:34.343', '2017-07-17 16:24:19.716', 'postgres');
INSERT INTO ucastnik (id, idoso, idtypucast, idcest, popis, platiod, platido, timeinsert, timemodify, usermodify) VALUES ('381d6f88-5552-4eab-9fd2-2a5030fbfc8a', '89627179-4a44-445f-8d36-e75c3fb5c91d', '0c6c51fb-6308-4796-8d63-f9c0136f7537', '851d99ef-58b7-4921-87bf-32e7c9875823', NULL, '2017-01-01 16:28:31.887', '2100-12-31 16:28:31.887', '2017-07-17 16:30:24.222', '2017-07-17 16:30:58.193', 'postgres');
INSERT INTO ucastnik (id, idoso, idtypucast, idcest, popis, platiod, platido, timeinsert, timemodify, usermodify) VALUES ('db456892-50fc-48f8-b52b-42b13b48f30b', '89627179-4a44-445f-8d36-e75c3fb5c91d', '0c6c51fb-6308-4796-8d63-f9c0136f7537', '7b7a3a62-fc9b-4ba6-a85b-36ce313b28b6', NULL, '2017-01-01 16:56:33.515', '2100-12-31 16:56:33.515', '2017-07-17 16:57:51.617', '2017-07-17 16:58:38.611', 'postgres');
INSERT INTO ucastnik (id, idoso, idtypucast, idcest, popis, platiod, platido, timeinsert, timemodify, usermodify) VALUES ('7a205485-ce14-4791-a914-b3e8168d239a', '89627179-4a44-445f-8d36-e75c3fb5c91d', '0c6c51fb-6308-4796-8d63-f9c0136f7537', 'd2133c13-6df8-4e3b-994c-fd83782a3d2a', NULL, '2017-01-01 17:03:51.018', '2100-12-31 17:03:51.018', '2017-07-17 17:04:04.129', '2017-07-17 17:04:48.862', 'postgres');
INSERT INTO ucastnik (id, idoso, idtypucast, idcest, popis, platiod, platido, timeinsert, timemodify, usermodify) VALUES ('e4c28bda-9d67-4dd3-9f66-5227d8354011', '8b24fa34-03aa-4a82-bfeb-bb044d252be8', '0c6c51fb-6308-4796-8d63-f9c0136f7537', 'd2133c13-6df8-4e3b-994c-fd83782a3d2a', NULL, '2017-07-17 17:04:04.018', '2017-07-17 17:04:04.018', '2017-07-17 17:04:33.553', '2017-07-17 17:04:48.909', 'postgres');
INSERT INTO ucastnik (id, idoso, idtypucast, idcest, popis, platiod, platido, timeinsert, timemodify, usermodify) VALUES ('3f726a65-7343-4d18-b342-0729ad5574b0', '9960cbb8-db3a-4dfc-9292-fab189f9040e', '0c6c51fb-6308-4796-8d63-f9c0136f7537', 'd2133c13-6df8-4e3b-994c-fd83782a3d2a', NULL, '2017-07-17 17:04:04.018', '2017-07-17 17:04:04.018', '2017-07-17 17:04:33.553', '2017-07-17 17:04:48.956', 'postgres');
INSERT INTO ucastnik (id, idoso, idtypucast, idcest, popis, platiod, platido, timeinsert, timemodify, usermodify) VALUES ('d761ec34-0378-483c-b522-eab3d0118bae', '89627179-4a44-445f-8d36-e75c3fb5c91d', '0c6c51fb-6308-4796-8d63-f9c0136f7537', 'a8bea246-d7c2-4ead-8609-65bdbe032e7d', NULL, '2017-01-01 10:31:28.407', '2100-12-31 10:31:28.407', '2017-07-19 10:31:48.035', '2017-07-19 10:33:45.082', 'postgres');
INSERT INTO ucastnik (id, idoso, idtypucast, idcest, popis, platiod, platido, timeinsert, timemodify, usermodify) VALUES ('4ff9a367-887f-4ec4-ad9f-524210c2bc7c', '9960cbb8-db3a-4dfc-9292-fab189f9040e', '0c6c51fb-6308-4796-8d63-f9c0136f7537', 'a8bea246-d7c2-4ead-8609-65bdbe032e7d', NULL, '2017-07-19 10:31:47.909', '2017-07-19 10:31:47.909', '2017-07-19 10:32:23.874', '2017-07-19 10:33:45.255', 'postgres');
INSERT INTO ucastnik (id, idoso, idtypucast, idcest, popis, platiod, platido, timeinsert, timemodify, usermodify) VALUES ('20e0d460-896e-4ed5-8ede-5e87a79924bb', '8b24fa34-03aa-4a82-bfeb-bb044d252be8', '0c6c51fb-6308-4796-8d63-f9c0136f7537', '7ddd944a-c488-4932-aab3-d0ea0fab98e0', NULL, '2017-07-20 14:20:36.391', '2017-07-20 14:20:36.391', '2017-07-20 14:22:58.92', '2017-07-20 14:23:25.921', 'postgres');
INSERT INTO ucastnik (id, idoso, idtypucast, idcest, popis, platiod, platido, timeinsert, timemodify, usermodify) VALUES ('e086795a-8674-47cd-9b22-a7b1e1258e2c', '8b24fa34-03aa-4a82-bfeb-bb044d252be8', '0c6c51fb-6308-4796-8d63-f9c0136f7537', 'd00a95e6-81b3-4d12-8520-e8e7bd8edb49', NULL, '2017-07-20 14:20:36.391', '2017-07-20 14:20:36.391', '2017-07-20 14:23:37.191', '2017-07-20 14:23:57.39', 'postgres');
INSERT INTO ucastnik (id, idoso, idtypucast, idcest, popis, platiod, platido, timeinsert, timemodify, usermodify) VALUES ('8d56d0de-075b-4357-b0c5-57ba92e22b16', '9960cbb8-db3a-4dfc-9292-fab189f9040e', '0c6c51fb-6308-4796-8d63-f9c0136f7537', 'd00a95e6-81b3-4d12-8520-e8e7bd8edb49', NULL, '2017-07-30 07:00:00', '2017-07-30 17:00:00', '2017-07-20 14:42:42.113', '2017-07-20 14:43:44.827', 'postgres');
INSERT INTO ucastnik (id, idoso, idtypucast, idcest, popis, platiod, platido, timeinsert, timemodify, usermodify) VALUES ('3e2acc99-580f-45e7-93eb-0e9fc1405e09', '89627179-4a44-445f-8d36-e75c3fb5c91d', '15deaa1b-e534-417d-b771-02778d28b9df', '7ddd944a-c488-4932-aab3-d0ea0fab98e0', NULL, '2017-07-19 07:00:00', '2017-07-19 17:00:00', '2017-07-20 15:16:16.094', '2017-07-20 15:18:20.86', 'postgres');
INSERT INTO ucastnik (id, idoso, idtypucast, idcest, popis, platiod, platido, timeinsert, timemodify, usermodify) VALUES ('519ab10f-ddc2-4888-8644-d04519c04f62', '89627179-4a44-445f-8d36-e75c3fb5c91d', '0c6c51fb-6308-4796-8d63-f9c0136f7537', '97d19489-5aee-447d-bef8-d429dcc5dd2d', NULL, '2017-01-01 15:52:27.438', '2100-12-31 15:52:27.438', '2017-07-31 15:54:32.883', '2017-07-31 15:55:08.268', 'postgres');
INSERT INTO ucastnik (id, idoso, idtypucast, idcest, popis, platiod, platido, timeinsert, timemodify, usermodify) VALUES ('6b1f3323-e84e-4e1b-8bec-c8de09dd3601', '89627179-4a44-445f-8d36-e75c3fb5c91d', '0c6c51fb-6308-4796-8d63-f9c0136f7537', 'fea46dc4-b947-432f-a4bd-591e8c31c807', NULL, '2017-01-01 17:24:48.977', '2100-12-31 17:24:48.977', '2017-08-07 17:28:30.73', '2017-08-07 17:29:08.712', 'postgres');
INSERT INTO ucastnik (id, idoso, idtypucast, idcest, popis, platiod, platido, timeinsert, timemodify, usermodify) VALUES ('a170bd6d-69e6-4a65-b2f2-9e7fcae0527a', '40c4cb3e-e4b0-4151-8668-404a273f20e9', '0c6c51fb-6308-4796-8d63-f9c0136f7537', '7b7a3a62-fc9b-4ba6-a85b-36ce313b28b6', NULL, '2017-07-20 07:00:00', '2017-07-20 17:00:00', '2017-09-22 13:49:34.418', '2017-09-22 13:49:55.219', 'postgres');
INSERT INTO ucastnik (id, idoso, idtypucast, idcest, popis, platiod, platido, timeinsert, timemodify, usermodify) VALUES ('c1c2c41c-f733-4549-a82d-d6d94c88728a', 'f3cdcde5-1a1d-4902-9c65-f01658b889c9', '0c6c51fb-6308-4796-8d63-f9c0136f7537', 'b2d1500b-06fa-4e28-b572-2fbf7c705adc', NULL, '2018-03-24 11:04:00', '2018-03-24 11:30:00', '2018-03-21 12:21:17.083218', '2018-03-28 19:26:32.369848', 'postgres');
INSERT INTO ucastnik (id, idoso, idtypucast, idcest, popis, platiod, platido, timeinsert, timemodify, usermodify) VALUES ('4f8b3beb-7483-4518-9c66-c1568347cbc2', '8b24fa34-03aa-4a82-bfeb-bb044d252be8', '0c6c51fb-6308-4796-8d63-f9c0136f7537', 'b2d1500b-06fa-4e28-b572-2fbf7c705adc', NULL, '2018-03-24 11:04:00', '2018-03-24 11:30:00', '2018-03-28 19:26:32.369848', '2018-03-28 19:26:32.369848', 'postgres');
INSERT INTO ucastnik (id, idoso, idtypucast, idcest, popis, platiod, platido, timeinsert, timemodify, usermodify) VALUES ('485af81e-626e-4a4b-bdf8-54730913b269', '9960cbb8-db3a-4dfc-9292-fab189f9040e', '0c6c51fb-6308-4796-8d63-f9c0136f7537', 'b2d1500b-06fa-4e28-b572-2fbf7c705adc', NULL, '2018-03-24 11:04:00', '2018-03-24 11:30:00', '2018-03-28 19:26:32.369848', '2018-03-28 19:26:32.369848', 'postgres');
INSERT INTO ucastnik (id, idoso, idtypucast, idcest, popis, platiod, platido, timeinsert, timemodify, usermodify) VALUES ('88ff27e3-1e93-4c43-97a0-06972f19d69d', '9960cbb8-db3a-4dfc-9292-fab189f9040e', '0c6c51fb-6308-4796-8d63-f9c0136f7537', '87e56165-22d6-46bd-9c5e-bf7c7e0e28a1', NULL, '2018-03-24 07:00:00', '2018-03-24 17:00:00', '2018-03-28 19:26:49.932607', '2018-04-04 23:43:49.820657', 'postgres');
INSERT INTO ucastnik (id, idoso, idtypucast, idcest, popis, platiod, platido, timeinsert, timemodify, usermodify) VALUES ('4b3c9f8a-8316-404a-b8c4-276208baec34', '8b24fa34-03aa-4a82-bfeb-bb044d252be8', '0c6c51fb-6308-4796-8d63-f9c0136f7537', '87e56165-22d6-46bd-9c5e-bf7c7e0e28a1', NULL, '2018-03-24 07:00:00', '2018-03-24 17:00:00', '2018-04-03 20:56:38.850642', '2018-04-04 23:43:49.820657', 'postgres');
INSERT INTO ucastnik (id, idoso, idtypucast, idcest, popis, platiod, platido, timeinsert, timemodify, usermodify) VALUES ('d1886082-e0a2-4176-875a-014f1c8ee069', '89627179-4a44-445f-8d36-e75c3fb5c91d', '0c6c51fb-6308-4796-8d63-f9c0136f7537', '11b1a3a1-0314-4e21-8537-8a206eda4e48', NULL, '2017-01-01 16:28:31.887', '2100-12-31 16:28:31.887', '2017-07-17 16:29:10.1', '2018-04-04 22:44:07.649299', 'postgres');
INSERT INTO ucastnik (id, idoso, idtypucast, idcest, popis, platiod, platido, timeinsert, timemodify, usermodify) VALUES ('c1b6a676-dca8-4b75-a27a-7ec1b4a33ecb', '565b2abc-810d-41cc-9a71-7031907263bf', '0c6c51fb-6308-4796-8d63-f9c0136f7537', '11b1a3a1-0314-4e21-8537-8a206eda4e48', NULL, '2018-03-20 07:00:00', '2018-03-25 17:00:00', '2018-04-04 22:44:07.649299', '2018-04-04 22:44:07.649299', 'postgres');
INSERT INTO ucastnik (id, idoso, idtypucast, idcest, popis, platiod, platido, timeinsert, timemodify, usermodify) VALUES ('b343eebc-a6a9-4210-b440-209dbd16e8c1', '28af01c3-3e29-4a3e-ab25-be6a5dc2b0f2', '0c6c51fb-6308-4796-8d63-f9c0136f7537', '11b1a3a1-0314-4e21-8537-8a206eda4e48', NULL, '2018-03-20 07:00:00', '2018-03-25 17:00:00', '2018-04-04 22:44:07.649299', '2018-04-04 22:44:07.649299', 'postgres');
INSERT INTO ucastnik (id, idoso, idtypucast, idcest, popis, platiod, platido, timeinsert, timemodify, usermodify) VALUES ('89bb9781-a5a5-4895-984b-e45ac730be68', '4a3ef679-87d0-479b-995e-1218296efc5b', '0c6c51fb-6308-4796-8d63-f9c0136f7537', '11b1a3a1-0314-4e21-8537-8a206eda4e48', NULL, '2018-03-20 07:00:00', '2018-03-25 17:00:00', '2018-04-04 22:44:07.649299', '2018-04-04 22:44:07.649299', 'postgres');
INSERT INTO ucastnik (id, idoso, idtypucast, idcest, popis, platiod, platido, timeinsert, timemodify, usermodify) VALUES ('c4e15c5c-0a75-4115-978a-0c9f4d9aad0a', '9960cbb8-db3a-4dfc-9292-fab189f9040e', '0c6c51fb-6308-4796-8d63-f9c0136f7537', 'af00fd57-be6e-4aef-87b5-5561af73d717', NULL, '2017-07-17 15:26:08.711', '2017-07-17 15:26:08.711', '2017-07-17 15:29:57.795', '2018-04-04 22:47:51.503445', 'postgres');
INSERT INTO ucastnik (id, idoso, idtypucast, idcest, popis, platiod, platido, timeinsert, timemodify, usermodify) VALUES ('c743be80-c404-448a-a6a6-2a0ce1125e75', '8b24fa34-03aa-4a82-bfeb-bb044d252be8', '0c6c51fb-6308-4796-8d63-f9c0136f7537', 'af00fd57-be6e-4aef-87b5-5561af73d717', NULL, '2017-07-17 15:26:08.711', '2017-07-17 15:26:08.711', '2017-07-17 15:29:57.795', '2018-04-04 22:47:51.503445', 'postgres');
INSERT INTO ucastnik (id, idoso, idtypucast, idcest, popis, platiod, platido, timeinsert, timemodify, usermodify) VALUES ('34fdcc9c-a830-447c-bb93-477b2fecd29a', 'dcb31c8c-51f1-404a-9691-e6d16aa296b5', '0c6c51fb-6308-4796-8d63-f9c0136f7537', 'af00fd57-be6e-4aef-87b5-5561af73d717', NULL, '2017-07-24 07:00:00', '2017-07-24 17:00:00', '2018-04-04 22:47:51.503445', '2018-04-04 22:47:51.503445', 'postgres');
INSERT INTO ucastnik (id, idoso, idtypucast, idcest, popis, platiod, platido, timeinsert, timemodify, usermodify) VALUES ('bbe26a73-56c2-4c9e-9edf-f412349de74d', '89627179-4a44-445f-8d36-e75c3fb5c91d', '15deaa1b-e534-417d-b771-02778d28b9df', '87e56165-22d6-46bd-9c5e-bf7c7e0e28a1', NULL, '2018-01-01 00:00:00.781', '2100-01-01 00:00:00.781', '2018-03-21 12:02:03.89826', '2018-04-04 23:43:49.820657', 'postgres');
INSERT INTO ucastnik (id, idoso, idtypucast, idcest, popis, platiod, platido, timeinsert, timemodify, usermodify) VALUES ('b8b81b94-f32b-4145-be85-37ed1b003e24', '02af2a3b-c5b5-46dc-abb2-4298eeb26541', '0c6c51fb-6308-4796-8d63-f9c0136f7537', '87e56165-22d6-46bd-9c5e-bf7c7e0e28a1', NULL, '2018-03-24 07:00:00', '2018-03-24 17:00:00', '2018-03-21 12:02:03.90226', '2018-04-04 23:43:49.820657', 'postgres');


--
-- TOC entry 3008 (class 0 OID 24796)
-- Dependencies: 211
-- Data for Name: zdroj; Type: TABLE DATA; Schema: public; Owner: postgres
--

INSERT INTO zdroj (id, idtypzdr, idoso, spz, komentar, kapacita, popis, platiod, platido, timeinsert, timemodify, usermodify) VALUES ('8b76ac76-d066-46e2-a838-5632fe6b5def', '823ca1d8-60dd-4f59-99e7-76138e997cb9', '9960cbb8-db3a-4dfc-9292-fab189f9040e', '9T7 0006', 'Škoda Fabia
( přednostně přidělena Odboru dopravy)', 5, 'Škoda Fabia OD', '2017-01-01 00:00:00', '2100-12-31 00:00:00', '2017-06-20 16:44:02.312', '2017-06-20 16:45:17.602', 'postgres');
INSERT INTO zdroj (id, idtypzdr, idoso, spz, komentar, kapacita, popis, platiod, platido, timeinsert, timemodify, usermodify) VALUES ('29c7d88d-d1a5-49cb-bb68-1fa0323c0f47', '823ca1d8-60dd-4f59-99e7-76138e997cb9', '9960cbb8-db3a-4dfc-9292-fab189f9040e', '1TA 4173', 'Škoda CitiGo (modrá)
(přednostně přidělovat Sosciálnímu odboru)', 4, 'Škoda CitiGo SO', '2017-01-01 00:00:00', '2100-12-31 00:00:00', '2017-06-20 16:46:38.415', '2017-06-20 16:47:45.188', 'postgres');
INSERT INTO zdroj (id, idtypzdr, idoso, spz, komentar, kapacita, popis, platiod, platido, timeinsert, timemodify, usermodify) VALUES ('8f677b81-a268-4c6a-8387-c7b9518ed514', '823ca1d8-60dd-4f59-99e7-76138e997cb9', '9960cbb8-db3a-4dfc-9292-fab189f9040e', '1TA 4174', 'Škoda Fabia Combi (modrá)
(přednostně přidělovat Sociálnímu odboru)', 5, 'Škoda Fabia Combi SO', '2017-01-01 00:00:00', '2100-12-31 00:00:00', '2017-06-20 16:45:20.662', '2017-06-20 16:47:53.859', 'postgres');
INSERT INTO zdroj (id, idtypzdr, idoso, spz, komentar, kapacita, popis, platiod, platido, timeinsert, timemodify, usermodify) VALUES ('3f3ce6c7-e433-45b9-b75f-994e1df2c7c6', '823ca1d8-60dd-4f59-99e7-76138e997cb9', '9960cbb8-db3a-4dfc-9292-fab189f9040e', 'BRH 57-87', 'Škoda Felicia
(nemá dálniční známku)', 4, 'Škoda Felicia', '2017-01-01 00:00:00', '2100-12-31 00:00:00', '2017-06-20 16:48:12.202', '2017-06-20 16:49:17.001', 'postgres');
INSERT INTO zdroj (id, idtypzdr, idoso, spz, komentar, kapacita, popis, platiod, platido, timeinsert, timemodify, usermodify) VALUES ('bcc23fd7-3a22-45f1-b3a8-2b969a0d3969', '823ca1d8-60dd-4f59-99e7-76138e997cb9', '9960cbb8-db3a-4dfc-9292-fab189f9040e', '4T7 7890', 'Škoda Octavia Combi (stříbrná metalíza)
s dálniční známkou 2017', 5, 'Škoda Octavia Combi', '2017-01-01 00:00:00', '2100-12-31 00:00:00', '2017-06-20 16:49:29.244', '2017-06-20 16:50:31.934', 'postgres');
INSERT INTO zdroj (id, idtypzdr, idoso, spz, komentar, kapacita, popis, platiod, platido, timeinsert, timemodify, usermodify) VALUES ('08518a36-2ba2-43df-a882-ee95539a86a4', '823ca1d8-60dd-4f59-99e7-76138e997cb9', '9960cbb8-db3a-4dfc-9292-fab189f9040e', 'BRH 20-61', 'Renault (modrý) - minibus
(přednostně Odbor dopravy)', 6, 'Renault (minibus)', '2017-01-01 00:00:00', '2100-12-31 00:00:00', '2017-06-20 16:50:58', '2017-06-20 16:52:05.826', 'postgres');
INSERT INTO zdroj (id, idtypzdr, idoso, spz, komentar, kapacita, popis, platiod, platido, timeinsert, timemodify, usermodify) VALUES ('a04baad7-09b9-4153-8d89-7ffd3341d023', '823ca1d8-60dd-4f59-99e7-76138e997cb9', '9960cbb8-db3a-4dfc-9292-fab189f9040e', '1T7 7334', 'Škoda Fabia  (černá)', 5, 'Škoda Fabia (černá)', '2017-01-01 00:00:00', '2100-12-31 00:00:00', '2017-06-20 16:52:11.799', '2017-06-20 16:53:10.658', 'postgres');
INSERT INTO zdroj (id, idtypzdr, idoso, spz, komentar, kapacita, popis, platiod, platido, timeinsert, timemodify, usermodify) VALUES ('facb42c6-ff41-4b26-9990-79e717f66088', '823ca1d8-60dd-4f59-99e7-76138e997cb9', '9960cbb8-db3a-4dfc-9292-fab189f9040e', '6T6 3739', 'Škoda Roomster
(přednostně přidělovat Sociálnímu odboru)', 5, 'Škoda Roomster SO', '2017-01-01 00:00:00', '2100-12-31 00:00:00', '2017-06-20 16:53:16.64', '2017-06-20 16:54:23.397', 'postgres');
INSERT INTO zdroj (id, idtypzdr, idoso, spz, komentar, kapacita, popis, platiod, platido, timeinsert, timemodify, usermodify) VALUES ('99529a46-dae0-4992-9e44-0915ced80fe4', '823ca1d8-60dd-4f59-99e7-76138e997cb9', '9960cbb8-db3a-4dfc-9292-fab189f9040e', '8T0 0202', 'Škoda Superb Combi
(vozidlo s řidičem)', 5, 'Škoda Superb Combi (řidič)', '2017-01-01 00:00:00', '2100-12-31 00:00:00', '2017-06-20 16:56:11.952', '2017-06-20 16:57:04.445', 'postgres');
INSERT INTO zdroj (id, idtypzdr, idoso, spz, komentar, kapacita, popis, platiod, platido, timeinsert, timemodify, usermodify) VALUES ('e09f2a43-a6cb-4453-9263-90d8b62f285b', '823ca1d8-60dd-4f59-99e7-76138e997cb9', '9960cbb8-db3a-4dfc-9292-fab189f9040e', '9T6 9696', 'Škoda Superb Sedan
(přednostně přidělovat vedení)', 5, 'Škoda Superb Sedan', '2017-01-01 00:00:00', '2100-12-31 00:00:00', '2017-06-20 16:57:45.645', '2017-06-20 16:59:09.841', 'postgres');
INSERT INTO zdroj (id, idtypzdr, idoso, spz, komentar, kapacita, popis, platiod, platido, timeinsert, timemodify, usermodify) VALUES ('32297651-b39e-4eb6-9bd6-2777cfcb1ba3', '823ca1d8-60dd-4f59-99e7-76138e997cb9', '9960cbb8-db3a-4dfc-9292-fab189f9040e', '7T 8856', 'Moped Peugeot', 2, 'Moped Peugeot', '2017-01-01 00:00:00', '2100-12-31 00:00:00', '2017-06-20 17:02:01.637', '2017-06-20 17:02:44.345', 'postgres');
INSERT INTO zdroj (id, idtypzdr, idoso, spz, komentar, kapacita, popis, platiod, platido, timeinsert, timemodify, usermodify) VALUES ('1988c088-494f-464a-8dd3-d3d12a47c45c', '699e4b0e-54c1-4213-bb8e-4dc74629e3c4', '9960cbb8-db3a-4dfc-9292-fab189f9040e', '15057', 'Dataprojektor', 1, 'EPSON EB-U32 - dataprojektor', '2017-01-01 00:00:00', '2100-12-31 00:00:00', '2017-06-20 17:02:46.708', '2017-06-20 17:03:38.154', 'postgres');
INSERT INTO zdroj (id, idtypzdr, idoso, spz, komentar, kapacita, popis, platiod, platido, timeinsert, timemodify, usermodify) VALUES ('c2f21a6c-bb76-4f0c-b6c8-617ae23e0601', '699e4b0e-54c1-4213-bb8e-4dc74629e3c4', '9960cbb8-db3a-4dfc-9292-fab189f9040e', 'SP 13237', 'Dataprojektor BENQ MP624 (starší typ)', 1, 'BENQ MP624 - dataprojektor', '2017-01-01 00:00:00', '2100-12-31 00:00:00', '2017-06-20 17:03:46.858', '2017-06-20 17:05:58.031', 'postgres');
INSERT INTO zdroj (id, idtypzdr, idoso, spz, komentar, kapacita, popis, platiod, platido, timeinsert, timemodify, usermodify) VALUES ('973bcb96-b476-456e-97a7-3a05c762aeb6', '50ca4787-6d49-4b29-a8fb-5c82acf5523e', '9960cbb8-db3a-4dfc-9292-fab189f9040e', 'SMM', 'Zasedací místnost SMM
(správce Z.Čáňová kl.406) ', 12, 'SMM - zasedací místnost', '2017-01-01 00:00:00', '2100-12-31 00:00:00', '2017-06-20 17:07:29.182', '2017-06-20 17:08:39.742', 'postgres');
INSERT INTO zdroj (id, idtypzdr, idoso, spz, komentar, kapacita, popis, platiod, platido, timeinsert, timemodify, usermodify) VALUES ('ab85c582-e42c-4c55-96a3-c88d7ad1b15f', '50ca4787-6d49-4b29-a8fb-5c82acf5523e', '9960cbb8-db3a-4dfc-9292-fab189f9040e', '', 'Malá zasedačka
(správkyně I. Mondeková kl. 206)', 20, 'Malá zasedačka', '2017-01-01 00:00:00', '2100-12-31 00:00:00', '2017-06-20 17:10:31.144', '2017-06-20 17:11:05.391', 'postgres');
INSERT INTO zdroj (id, idtypzdr, idoso, spz, komentar, kapacita, popis, platiod, platido, timeinsert, timemodify, usermodify) VALUES ('1928e4da-329c-4599-943d-ba5f9e0e1147', 'f9043670-6118-4b7b-a4a4-a9ea77621483', '9960cbb8-db3a-4dfc-9292-fab189f9040e', '', 'Notebook  Hewlet Packard
(správce N.Bazakas kl. 219)', 1, 'NB HP', '2017-01-01 00:00:00', '2100-12-31 00:00:00', '2017-06-20 17:11:19.573', '2017-06-20 17:11:44.469', 'postgres');
INSERT INTO zdroj (id, idtypzdr, idoso, spz, komentar, kapacita, popis, platiod, platido, timeinsert, timemodify, usermodify) VALUES ('1897e6b9-3804-4c09-86b5-811d6d554c1e', 'f9043670-6118-4b7b-a4a4-a9ea77621483', '9960cbb8-db3a-4dfc-9292-fab189f9040e', 'SP 13895', 'Notebook Toshiba
(správce N.Bazakas kl. 219)', 1, 'NB Toshiba', '2017-01-01 00:00:00', '2100-12-31 00:00:00', '2017-06-20 17:06:43.793', '2017-06-20 17:12:33.496', 'postgres');


--
-- TOC entry 2804 (class 2606 OID 24803)
-- Name: skupina primarygroup; Type: CONSTRAINT; Schema: public; Owner: postgres
--

ALTER TABLE ONLY skupina
    ADD CONSTRAINT primarygroup PRIMARY KEY (id);


--
-- TOC entry 2759 (class 2606 OID 24805)
-- Name: aktivity primaryid; Type: CONSTRAINT; Schema: public; Owner: postgres
--

ALTER TABLE ONLY aktivity
    ADD CONSTRAINT primaryid PRIMARY KEY (id);


--
-- TOC entry 2763 (class 2606 OID 24807)
-- Name: cesta primaryidcest; Type: CONSTRAINT; Schema: public; Owner: postgres
--

ALTER TABLE ONLY cesta
    ADD CONSTRAINT primaryidcest PRIMARY KEY (id);


--
-- TOC entry 2769 (class 2606 OID 24809)
-- Name: dispecerhl primaryiddisphl; Type: CONSTRAINT; Schema: public; Owner: postgres
--

ALTER TABLE ONLY dispecerhl
    ADD CONSTRAINT primaryiddisphl PRIMARY KEY (id);


--
-- TOC entry 2774 (class 2606 OID 24813)
-- Name: dispecerpol primaryiddisppol; Type: CONSTRAINT; Schema: public; Owner: postgres
--

ALTER TABLE ONLY dispecerpol
    ADD CONSTRAINT primaryiddisppol PRIMARY KEY (id);


--
-- TOC entry 2780 (class 2606 OID 24817)
-- Name: email primaryidemail; Type: CONSTRAINT; Schema: public; Owner: postgres
--

ALTER TABLE ONLY email
    ADD CONSTRAINT primaryidemail PRIMARY KEY (id);


--
-- TOC entry 2785 (class 2606 OID 24819)
-- Name: log primaryidlog; Type: CONSTRAINT; Schema: public; Owner: postgres
--

ALTER TABLE ONLY log
    ADD CONSTRAINT primaryidlog PRIMARY KEY (id);


--
-- TOC entry 2789 (class 2606 OID 24821)
-- Name: osoba primaryidoso; Type: CONSTRAINT; Schema: public; Owner: postgres
--

ALTER TABLE ONLY osoba
    ADD CONSTRAINT primaryidoso PRIMARY KEY (id);


--
-- TOC entry 2795 (class 2606 OID 24823)
-- Name: rezervace primaryidrez; Type: CONSTRAINT; Schema: public; Owner: postgres
--

ALTER TABLE ONLY rezervace
    ADD CONSTRAINT primaryidrez PRIMARY KEY (id);


--
-- TOC entry 2797 (class 2606 OID 24825)
-- Name: schvaleni primaryidschv; Type: CONSTRAINT; Schema: public; Owner: postgres
--

ALTER TABLE ONLY schvaleni
    ADD CONSTRAINT primaryidschv PRIMARY KEY (id);


--
-- TOC entry 2806 (class 2606 OID 24827)
-- Name: typaktivity primaryidtypakt; Type: CONSTRAINT; Schema: public; Owner: postgres
--

ALTER TABLE ONLY typaktivity
    ADD CONSTRAINT primaryidtypakt PRIMARY KEY (id);


--
-- TOC entry 2808 (class 2606 OID 24829)
-- Name: typschv primaryidtypschv; Type: CONSTRAINT; Schema: public; Owner: postgres
--

ALTER TABLE ONLY typschv
    ADD CONSTRAINT primaryidtypschv PRIMARY KEY (id);


--
-- TOC entry 2810 (class 2606 OID 24831)
-- Name: typucast primaryidtypucast; Type: CONSTRAINT; Schema: public; Owner: postgres
--

ALTER TABLE ONLY typucast
    ADD CONSTRAINT primaryidtypucast PRIMARY KEY (id);


--
-- TOC entry 2812 (class 2606 OID 24833)
-- Name: typzdroje primaryidtypzdr; Type: CONSTRAINT; Schema: public; Owner: postgres
--

ALTER TABLE ONLY typzdroje
    ADD CONSTRAINT primaryidtypzdr PRIMARY KEY (id);


--
-- TOC entry 2818 (class 2606 OID 24835)
-- Name: ucastnik primaryiducast; Type: CONSTRAINT; Schema: public; Owner: postgres
--

ALTER TABLE ONLY ucastnik
    ADD CONSTRAINT primaryiducast PRIMARY KEY (id);


--
-- TOC entry 2822 (class 2606 OID 24837)
-- Name: zdroj primaryidzdr; Type: CONSTRAINT; Schema: public; Owner: postgres
--

ALTER TABLE ONLY zdroj
    ADD CONSTRAINT primaryidzdr PRIMARY KEY (id);


--
-- TOC entry 2786 (class 1259 OID 24838)
-- Name: OsobaExtId; Type: INDEX; Schema: public; Owner: postgres
--

CREATE INDEX "OsobaExtId" ON osoba USING btree (extid);


--
-- TOC entry 3216 (class 0 OID 0)
-- Dependencies: 2786
-- Name: INDEX "OsobaExtId"; Type: COMMENT; Schema: public; Owner: postgres
--

COMMENT ON INDEX "OsobaExtId" IS 'Externí ID';


--
-- TOC entry 2787 (class 1259 OID 24839)
-- Name: OsobaName; Type: INDEX; Schema: public; Owner: postgres
--

CREATE INDEX "OsobaName" ON osoba USING btree (name);


--
-- TOC entry 3217 (class 0 OID 0)
-- Dependencies: 2787
-- Name: INDEX "OsobaName"; Type: COMMENT; Schema: public; Owner: postgres
--

COMMENT ON INDEX "OsobaName" IS 'Jméno osoby-uživatele-login ';


--
-- TOC entry 2802 (class 1259 OID 24840)
-- Name: SkupinaName; Type: INDEX; Schema: public; Owner: postgres
--

CREATE INDEX "SkupinaName" ON skupina USING btree (name);


--
-- TOC entry 3218 (class 0 OID 0)
-- Dependencies: 2802
-- Name: INDEX "SkupinaName"; Type: COMMENT; Schema: public; Owner: postgres
--

COMMENT ON INDEX "SkupinaName" IS 'Jméno uživatele-osoby skupiny práv pro JdbcRealmAktivity';


--
-- TOC entry 2764 (class 1259 OID 24841)
-- Name: disphl-iddisphl; Type: INDEX; Schema: public; Owner: postgres
--

CREATE INDEX "disphl-iddisphl" ON dispecerhl USING btree (iddisphl);


--
-- TOC entry 3219 (class 0 OID 0)
-- Dependencies: 2764
-- Name: INDEX "disphl-iddisphl"; Type: COMMENT; Schema: public; Owner: postgres
--

COMMENT ON INDEX "disphl-iddisphl" IS 'Index přes iddisphl na nadřízeného dispečera';


--
-- TOC entry 2765 (class 1259 OID 24842)
-- Name: disphl-idoso; Type: INDEX; Schema: public; Owner: postgres
--

CREATE INDEX "disphl-idoso" ON dispecerhl USING btree (idoso);


--
-- TOC entry 3220 (class 0 OID 0)
-- Dependencies: 2765
-- Name: INDEX "disphl-idoso"; Type: COMMENT; Schema: public; Owner: postgres
--

COMMENT ON INDEX "disphl-idoso" IS 'Index přes idoso';


--
-- TOC entry 2766 (class 1259 OID 24843)
-- Name: disphl-idtypschv; Type: INDEX; Schema: public; Owner: postgres
--

CREATE INDEX "disphl-idtypschv" ON dispecerhl USING btree (idtypschv);


--
-- TOC entry 3221 (class 0 OID 0)
-- Dependencies: 2766
-- Name: INDEX "disphl-idtypschv"; Type: COMMENT; Schema: public; Owner: postgres
--

COMMENT ON INDEX "disphl-idtypschv" IS 'Podle ID typu schvalovatele';


--
-- TOC entry 2767 (class 1259 OID 24844)
-- Name: disphl-idtypzdr; Type: INDEX; Schema: public; Owner: postgres
--

CREATE INDEX "disphl-idtypzdr" ON dispecerhl USING btree (idtypzdr);


--
-- TOC entry 3222 (class 0 OID 0)
-- Dependencies: 2767
-- Name: INDEX "disphl-idtypzdr"; Type: COMMENT; Schema: public; Owner: postgres
--

COMMENT ON INDEX "disphl-idtypzdr" IS 'Podle ID typu zdroje';


--
-- TOC entry 2770 (class 1259 OID 24847)
-- Name: disppol-iddisphl; Type: INDEX; Schema: public; Owner: postgres
--

CREATE INDEX "disppol-iddisphl" ON dispecerpol USING btree (iddisphl);


--
-- TOC entry 3223 (class 0 OID 0)
-- Dependencies: 2770
-- Name: INDEX "disppol-iddisphl"; Type: COMMENT; Schema: public; Owner: postgres
--

COMMENT ON INDEX "disppol-iddisphl" IS 'Index přes iddisphl';


--
-- TOC entry 2771 (class 1259 OID 24848)
-- Name: disppol-idoso; Type: INDEX; Schema: public; Owner: postgres
--

CREATE INDEX "disppol-idoso" ON dispecerpol USING btree (idoso);


--
-- TOC entry 3224 (class 0 OID 0)
-- Dependencies: 2771
-- Name: INDEX "disppol-idoso"; Type: COMMENT; Schema: public; Owner: postgres
--

COMMENT ON INDEX "disppol-idoso" IS 'Index přes idoso';


--
-- TOC entry 2772 (class 1259 OID 24849)
-- Name: disppol-idzdr; Type: INDEX; Schema: public; Owner: postgres
--

CREATE INDEX "disppol-idzdr" ON dispecerpol USING btree (idzdr);


--
-- TOC entry 3225 (class 0 OID 0)
-- Dependencies: 2772
-- Name: INDEX "disppol-idzdr"; Type: COMMENT; Schema: public; Owner: postgres
--

COMMENT ON INDEX "disppol-idzdr" IS 'Index přes idzdr';


--
-- TOC entry 2819 (class 1259 OID 24852)
-- Name: fki_Zdroj-idoso; Type: INDEX; Schema: public; Owner: postgres
--

CREATE INDEX "fki_Zdroj-idoso" ON zdroj USING btree (idoso);


--
-- TOC entry 2775 (class 1259 OID 24853)
-- Name: fki_email-idcest; Type: INDEX; Schema: public; Owner: postgres
--

CREATE INDEX "fki_email-idcest" ON email USING btree (idcest);


--
-- TOC entry 2776 (class 1259 OID 24854)
-- Name: fki_email-idoso; Type: INDEX; Schema: public; Owner: postgres
--

CREATE INDEX "fki_email-idoso" ON email USING btree (idoso);


--
-- TOC entry 2777 (class 1259 OID 24855)
-- Name: fki_email-idrez; Type: INDEX; Schema: public; Owner: postgres
--

CREATE INDEX "fki_email-idrez" ON email USING btree (idrez);


--
-- TOC entry 2778 (class 1259 OID 24856)
-- Name: fki_email-iducast; Type: INDEX; Schema: public; Owner: postgres
--

CREATE INDEX "fki_email-iducast" ON email USING btree (iducast);


--
-- TOC entry 2790 (class 1259 OID 24857)
-- Name: fki_idakt; Type: INDEX; Schema: public; Owner: postgres
--

CREATE INDEX fki_idakt ON rezervace USING btree (idakt DESC);


--
-- TOC entry 2791 (class 1259 OID 24858)
-- Name: fki_idcest; Type: INDEX; Schema: public; Owner: postgres
--

CREATE INDEX fki_idcest ON rezervace USING btree (idcest DESC);


--
-- TOC entry 2760 (class 1259 OID 24859)
-- Name: fki_idoso; Type: INDEX; Schema: public; Owner: postgres
--

CREATE INDEX fki_idoso ON cesta USING btree (idoso);


--
-- TOC entry 2813 (class 1259 OID 24860)
-- Name: fki_idosouca; Type: INDEX; Schema: public; Owner: postgres
--

CREATE INDEX fki_idosouca ON ucastnik USING btree (idoso DESC);


--
-- TOC entry 2757 (class 1259 OID 24861)
-- Name: fki_idownerakt; Type: INDEX; Schema: public; Owner: postgres
--

CREATE INDEX fki_idownerakt ON aktivity USING btree (idoso);


--
-- TOC entry 2814 (class 1259 OID 24862)
-- Name: fki_idtypucastuca; Type: INDEX; Schema: public; Owner: postgres
--

CREATE INDEX fki_idtypucastuca ON ucastnik USING btree (idtypucast);


--
-- TOC entry 2761 (class 1259 OID 24863)
-- Name: fki_idtypzdrces; Type: INDEX; Schema: public; Owner: postgres
--

CREATE INDEX fki_idtypzdrces ON cesta USING btree (idtypzdr DESC);


--
-- TOC entry 2820 (class 1259 OID 24864)
-- Name: fki_idtypzdrzdr; Type: INDEX; Schema: public; Owner: postgres
--

CREATE INDEX fki_idtypzdrzdr ON zdroj USING btree (idtypzdr);


--
-- TOC entry 2792 (class 1259 OID 24865)
-- Name: fki_idzdr; Type: INDEX; Schema: public; Owner: postgres
--

CREATE INDEX fki_idzdr ON rezervace USING btree (idzdr DESC);


--
-- TOC entry 2781 (class 1259 OID 24866)
-- Name: fki_log-idoso; Type: INDEX; Schema: public; Owner: postgres
--

CREATE INDEX "fki_log-idoso" ON log USING btree (idoso);


--
-- TOC entry 2782 (class 1259 OID 24867)
-- Name: fki_log-idrez; Type: INDEX; Schema: public; Owner: postgres
--

CREATE INDEX "fki_log-idrez" ON log USING btree (idrez);


--
-- TOC entry 2783 (class 1259 OID 24868)
-- Name: fki_log-iducast; Type: INDEX; Schema: public; Owner: postgres
--

CREATE INDEX "fki_log-iducast" ON log USING btree (iducast);


--
-- TOC entry 2793 (class 1259 OID 24869)
-- Name: fki_paltioddo; Type: INDEX; Schema: public; Owner: postgres
--

CREATE INDEX fki_paltioddo ON rezervace USING btree (platiod DESC, platido DESC);


--
-- TOC entry 2815 (class 1259 OID 24870)
-- Name: fki_ucast-idcest; Type: INDEX; Schema: public; Owner: postgres
--

CREATE INDEX "fki_ucast-idcest" ON ucastnik USING btree (idcest);


--
-- TOC entry 2816 (class 1259 OID 24871)
-- Name: fki_ucast-idoso; Type: INDEX; Schema: public; Owner: postgres
--

CREATE INDEX "fki_ucast-idoso" ON ucastnik USING btree (idoso);


--
-- TOC entry 2798 (class 1259 OID 24872)
-- Name: schv-idcest; Type: INDEX; Schema: public; Owner: postgres
--

CREATE INDEX "schv-idcest" ON schvaleni USING btree (idcest);


--
-- TOC entry 3226 (class 0 OID 0)
-- Dependencies: 2798
-- Name: INDEX "schv-idcest"; Type: COMMENT; Schema: public; Owner: postgres
--

COMMENT ON INDEX "schv-idcest" IS 'ID cesty';


--
-- TOC entry 2799 (class 1259 OID 24873)
-- Name: schv-idoso; Type: INDEX; Schema: public; Owner: postgres
--

CREATE INDEX "schv-idoso" ON schvaleni USING btree (idoso);


--
-- TOC entry 3227 (class 0 OID 0)
-- Dependencies: 2799
-- Name: INDEX "schv-idoso"; Type: COMMENT; Schema: public; Owner: postgres
--

COMMENT ON INDEX "schv-idoso" IS 'Index přes idoso';


--
-- TOC entry 2800 (class 1259 OID 24874)
-- Name: schv-idrez; Type: INDEX; Schema: public; Owner: postgres
--

CREATE INDEX "schv-idrez" ON schvaleni USING btree (idrez);


--
-- TOC entry 3228 (class 0 OID 0)
-- Dependencies: 2800
-- Name: INDEX "schv-idrez"; Type: COMMENT; Schema: public; Owner: postgres
--

COMMENT ON INDEX "schv-idrez" IS 'Index přes idrez';


--
-- TOC entry 2801 (class 1259 OID 24876)
-- Name: schv-iducast; Type: INDEX; Schema: public; Owner: postgres
--

CREATE INDEX "schv-iducast" ON schvaleni USING btree (iducast);


--
-- TOC entry 3229 (class 0 OID 0)
-- Dependencies: 2801
-- Name: INDEX "schv-iducast"; Type: COMMENT; Schema: public; Owner: postgres
--

COMMENT ON INDEX "schv-iducast" IS 'Index podle cizího klíče - id účastníka';


--
-- TOC entry 2856 (class 2620 OID 24877)
-- Name: aktivity settimemodify; Type: TRIGGER; Schema: public; Owner: postgres
--

CREATE TRIGGER settimemodify BEFORE INSERT OR UPDATE ON aktivity FOR EACH ROW EXECUTE PROCEDURE settimemodify();


--
-- TOC entry 3230 (class 0 OID 0)
-- Dependencies: 2856
-- Name: TRIGGER settimemodify ON aktivity; Type: COMMENT; Schema: public; Owner: postgres
--

COMMENT ON TRIGGER settimemodify ON aktivity IS 'Nastavi cas posledni modifikace zaznamu tabulky aktivit';


--
-- TOC entry 2866 (class 2620 OID 24878)
-- Name: typaktivity settimemodify; Type: TRIGGER; Schema: public; Owner: postgres
--

CREATE TRIGGER settimemodify BEFORE INSERT OR UPDATE ON typaktivity FOR EACH ROW EXECUTE PROCEDURE settimemodify();


--
-- TOC entry 3231 (class 0 OID 0)
-- Dependencies: 2866
-- Name: TRIGGER settimemodify ON typaktivity; Type: COMMENT; Schema: public; Owner: postgres
--

COMMENT ON TRIGGER settimemodify ON typaktivity IS 'Nastavi cas posledni modifikace zaznamu tabulky typu aktivit';


--
-- TOC entry 2869 (class 2620 OID 24879)
-- Name: typzdroje settimemodify; Type: TRIGGER; Schema: public; Owner: postgres
--

CREATE TRIGGER settimemodify BEFORE INSERT OR UPDATE ON typzdroje FOR EACH ROW EXECUTE PROCEDURE settimemodify();


--
-- TOC entry 3232 (class 0 OID 0)
-- Dependencies: 2869
-- Name: TRIGGER settimemodify ON typzdroje; Type: COMMENT; Schema: public; Owner: postgres
--

COMMENT ON TRIGGER settimemodify ON typzdroje IS 'Nastavi cas posledni modifikace zaznamu tabulky zdroju';


--
-- TOC entry 2871 (class 2620 OID 24880)
-- Name: zdroj settimemodify; Type: TRIGGER; Schema: public; Owner: postgres
--

CREATE TRIGGER settimemodify BEFORE INSERT OR UPDATE ON zdroj FOR EACH ROW EXECUTE PROCEDURE settimemodify();


--
-- TOC entry 2857 (class 2620 OID 24881)
-- Name: cesta settimemodify; Type: TRIGGER; Schema: public; Owner: postgres
--

CREATE TRIGGER settimemodify BEFORE INSERT OR UPDATE ON cesta FOR EACH ROW EXECUTE PROCEDURE settimemodify();


--
-- TOC entry 2870 (class 2620 OID 24882)
-- Name: ucastnik settimemodify; Type: TRIGGER; Schema: public; Owner: postgres
--

CREATE TRIGGER settimemodify BEFORE INSERT OR UPDATE ON ucastnik FOR EACH ROW EXECUTE PROCEDURE settimemodify();


--
-- TOC entry 2868 (class 2620 OID 24883)
-- Name: typucast settimemodify; Type: TRIGGER; Schema: public; Owner: postgres
--

CREATE TRIGGER settimemodify BEFORE INSERT OR UPDATE ON typucast FOR EACH ROW EXECUTE PROCEDURE settimemodify();


--
-- TOC entry 3233 (class 0 OID 0)
-- Dependencies: 2868
-- Name: TRIGGER settimemodify ON typucast; Type: COMMENT; Schema: public; Owner: postgres
--

COMMENT ON TRIGGER settimemodify ON typucast IS 'Nastavi cas posledni modifikace zaznamu tabulky typu aktivit';


--
-- TOC entry 2867 (class 2620 OID 24884)
-- Name: typschv settimemodify; Type: TRIGGER; Schema: public; Owner: postgres
--

CREATE TRIGGER settimemodify BEFORE INSERT OR UPDATE ON typschv FOR EACH ROW EXECUTE PROCEDURE settimemodify();


--
-- TOC entry 3234 (class 0 OID 0)
-- Dependencies: 2867
-- Name: TRIGGER settimemodify ON typschv; Type: COMMENT; Schema: public; Owner: postgres
--

COMMENT ON TRIGGER settimemodify ON typschv IS 'Nastavi cas posledni modifikace zaznamu tabulky typu aktivit';


--
-- TOC entry 2863 (class 2620 OID 24885)
-- Name: rezervace settimemodify; Type: TRIGGER; Schema: public; Owner: postgres
--

CREATE TRIGGER settimemodify BEFORE INSERT OR UPDATE ON rezervace FOR EACH ROW EXECUTE PROCEDURE settimemodify();


--
-- TOC entry 2862 (class 2620 OID 24886)
-- Name: osoba settimemodify; Type: TRIGGER; Schema: public; Owner: postgres
--

CREATE TRIGGER settimemodify BEFORE INSERT OR UPDATE ON osoba FOR EACH ROW EXECUTE PROCEDURE settimemodify();


--
-- TOC entry 2864 (class 2620 OID 24887)
-- Name: schvaleni settimemodify; Type: TRIGGER; Schema: public; Owner: postgres
--

CREATE TRIGGER settimemodify BEFORE INSERT OR UPDATE ON schvaleni FOR EACH ROW EXECUTE PROCEDURE settimemodify();


--
-- TOC entry 2865 (class 2620 OID 24888)
-- Name: skupina settimemodify; Type: TRIGGER; Schema: public; Owner: postgres
--

CREATE TRIGGER settimemodify BEFORE INSERT OR UPDATE ON skupina FOR EACH ROW EXECUTE PROCEDURE settimemodify();


--
-- TOC entry 2858 (class 2620 OID 24889)
-- Name: dispecerhl settimemodify; Type: TRIGGER; Schema: public; Owner: postgres
--

CREATE TRIGGER settimemodify BEFORE INSERT OR UPDATE ON dispecerhl FOR EACH ROW EXECUTE PROCEDURE settimemodify();


--
-- TOC entry 2861 (class 2620 OID 24892)
-- Name: log settimemodify; Type: TRIGGER; Schema: public; Owner: postgres
--

CREATE TRIGGER settimemodify BEFORE INSERT OR UPDATE ON log FOR EACH ROW EXECUTE PROCEDURE settimemodify();


--
-- TOC entry 2860 (class 2620 OID 24893)
-- Name: email settimemodify; Type: TRIGGER; Schema: public; Owner: postgres
--

CREATE TRIGGER settimemodify BEFORE INSERT OR UPDATE ON email FOR EACH ROW EXECUTE PROCEDURE settimemodify();


--
-- TOC entry 2859 (class 2620 OID 24894)
-- Name: dispecerpol settimemodify; Type: TRIGGER; Schema: public; Owner: postgres
--

CREATE TRIGGER settimemodify BEFORE INSERT OR UPDATE ON dispecerpol FOR EACH ROW EXECUTE PROCEDURE settimemodify();


--
-- TOC entry 2823 (class 2606 OID 24895)
-- Name: aktivity aktivity-idoso; Type: FK CONSTRAINT; Schema: public; Owner: postgres
--

ALTER TABLE ONLY aktivity
    ADD CONSTRAINT "aktivity-idoso" FOREIGN KEY (idoso) REFERENCES osoba(id) ON UPDATE CASCADE ON DELETE CASCADE;


--
-- TOC entry 3235 (class 0 OID 0)
-- Dependencies: 2823
-- Name: CONSTRAINT "aktivity-idoso" ON aktivity; Type: COMMENT; Schema: public; Owner: postgres
--

COMMENT ON CONSTRAINT "aktivity-idoso" ON aktivity IS 'Odkaz na tabulku osoba - kdo je vlastnik aktivity';


--
-- TOC entry 2824 (class 2606 OID 24900)
-- Name: aktivity aktivity-idtypakt; Type: FK CONSTRAINT; Schema: public; Owner: postgres
--

ALTER TABLE ONLY aktivity
    ADD CONSTRAINT "aktivity-idtypakt" FOREIGN KEY (idtypakt) REFERENCES typaktivity(id) ON UPDATE CASCADE ON DELETE CASCADE;


--
-- TOC entry 3236 (class 0 OID 0)
-- Dependencies: 2824
-- Name: CONSTRAINT "aktivity-idtypakt" ON aktivity; Type: COMMENT; Schema: public; Owner: postgres
--

COMMENT ON CONSTRAINT "aktivity-idtypakt" ON aktivity IS 'Cizi klic z tabulky aktTyp';


--
-- TOC entry 2825 (class 2606 OID 24905)
-- Name: cesta cesta-idoso; Type: FK CONSTRAINT; Schema: public; Owner: postgres
--

ALTER TABLE ONLY cesta
    ADD CONSTRAINT "cesta-idoso" FOREIGN KEY (idoso) REFERENCES osoba(id) ON UPDATE CASCADE ON DELETE CASCADE;


--
-- TOC entry 3237 (class 0 OID 0)
-- Dependencies: 2825
-- Name: CONSTRAINT "cesta-idoso" ON cesta; Type: COMMENT; Schema: public; Owner: postgres
--

COMMENT ON CONSTRAINT "cesta-idoso" ON cesta IS 'Odkaz na tabulku osob';


--
-- TOC entry 2826 (class 2606 OID 24910)
-- Name: cesta cesta-idtypzdr; Type: FK CONSTRAINT; Schema: public; Owner: postgres
--

ALTER TABLE ONLY cesta
    ADD CONSTRAINT "cesta-idtypzdr" FOREIGN KEY (idtypzdr) REFERENCES typzdroje(id) ON UPDATE CASCADE ON DELETE CASCADE;


--
-- TOC entry 2827 (class 2606 OID 24915)
-- Name: dispecerhl disphl-iddisphl; Type: FK CONSTRAINT; Schema: public; Owner: postgres
--

ALTER TABLE ONLY dispecerhl
    ADD CONSTRAINT "disphl-iddisphl" FOREIGN KEY (iddisphl) REFERENCES dispecerhl(id) ON UPDATE CASCADE ON DELETE CASCADE;


--
-- TOC entry 3238 (class 0 OID 0)
-- Dependencies: 2827
-- Name: CONSTRAINT "disphl-iddisphl" ON dispecerhl; Type: COMMENT; Schema: public; Owner: postgres
--

COMMENT ON CONSTRAINT "disphl-iddisphl" ON dispecerhl IS 'Odkaz na tabulku dispeceru(redundance), jedná-li se o zástupce';


--
-- TOC entry 2828 (class 2606 OID 24920)
-- Name: dispecerhl disphl-idoso; Type: FK CONSTRAINT; Schema: public; Owner: postgres
--

ALTER TABLE ONLY dispecerhl
    ADD CONSTRAINT "disphl-idoso" FOREIGN KEY (idoso) REFERENCES osoba(id) ON UPDATE CASCADE ON DELETE CASCADE;


--
-- TOC entry 3239 (class 0 OID 0)
-- Dependencies: 2828
-- Name: CONSTRAINT "disphl-idoso" ON dispecerhl; Type: COMMENT; Schema: public; Owner: postgres
--

COMMENT ON CONSTRAINT "disphl-idoso" ON dispecerhl IS 'Cizi klic na tabulku osoba';


--
-- TOC entry 2829 (class 2606 OID 24925)
-- Name: dispecerhl disphl-idtypschv; Type: FK CONSTRAINT; Schema: public; Owner: postgres
--

ALTER TABLE ONLY dispecerhl
    ADD CONSTRAINT "disphl-idtypschv" FOREIGN KEY (idtypschv) REFERENCES typschv(id) ON UPDATE CASCADE ON DELETE CASCADE;


--
-- TOC entry 3240 (class 0 OID 0)
-- Dependencies: 2829
-- Name: CONSTRAINT "disphl-idtypschv" ON dispecerhl; Type: COMMENT; Schema: public; Owner: postgres
--

COMMENT ON CONSTRAINT "disphl-idtypschv" ON dispecerhl IS 'Odkaz na tabulku typschv';


--
-- TOC entry 2830 (class 2606 OID 24930)
-- Name: dispecerhl disphl-idtypzdr; Type: FK CONSTRAINT; Schema: public; Owner: postgres
--

ALTER TABLE ONLY dispecerhl
    ADD CONSTRAINT "disphl-idtypzdr" FOREIGN KEY (idtypzdr) REFERENCES typzdroje(id) ON UPDATE CASCADE ON DELETE CASCADE;


--
-- TOC entry 3241 (class 0 OID 0)
-- Dependencies: 2830
-- Name: CONSTRAINT "disphl-idtypzdr" ON dispecerhl; Type: COMMENT; Schema: public; Owner: postgres
--

COMMENT ON CONSTRAINT "disphl-idtypzdr" ON dispecerhl IS 'Odkaz na tabulku typzdroje';


--
-- TOC entry 2831 (class 2606 OID 24940)
-- Name: dispecerpol disppol-idoso; Type: FK CONSTRAINT; Schema: public; Owner: postgres
--

ALTER TABLE ONLY dispecerpol
    ADD CONSTRAINT "disppol-idoso" FOREIGN KEY (idoso) REFERENCES osoba(id) ON UPDATE CASCADE ON DELETE CASCADE;


--
-- TOC entry 3242 (class 0 OID 0)
-- Dependencies: 2831
-- Name: CONSTRAINT "disppol-idoso" ON dispecerpol; Type: COMMENT; Schema: public; Owner: postgres
--

COMMENT ON CONSTRAINT "disppol-idoso" ON dispecerpol IS 'Cizi klic na tabulku osoba';


--
-- TOC entry 2832 (class 2606 OID 24945)
-- Name: dispecerpol disppol-idzdr; Type: FK CONSTRAINT; Schema: public; Owner: postgres
--

ALTER TABLE ONLY dispecerpol
    ADD CONSTRAINT "disppol-idzdr" FOREIGN KEY (idzdr) REFERENCES zdroj(id) ON UPDATE CASCADE ON DELETE CASCADE;


--
-- TOC entry 3243 (class 0 OID 0)
-- Dependencies: 2832
-- Name: CONSTRAINT "disppol-idzdr" ON dispecerpol; Type: COMMENT; Schema: public; Owner: postgres
--

COMMENT ON CONSTRAINT "disppol-idzdr" ON dispecerpol IS 'Cizi klic na tabulku zdrojů';


--
-- TOC entry 2833 (class 2606 OID 24955)
-- Name: email email-idakt; Type: FK CONSTRAINT; Schema: public; Owner: postgres
--

ALTER TABLE ONLY email
    ADD CONSTRAINT "email-idakt" FOREIGN KEY (idakt) REFERENCES aktivity(id) ON UPDATE CASCADE ON DELETE CASCADE;


--
-- TOC entry 2834 (class 2606 OID 24960)
-- Name: email email-idcest; Type: FK CONSTRAINT; Schema: public; Owner: postgres
--

ALTER TABLE ONLY email
    ADD CONSTRAINT "email-idcest" FOREIGN KEY (idcest) REFERENCES cesta(id) ON UPDATE CASCADE ON DELETE CASCADE;


--
-- TOC entry 3244 (class 0 OID 0)
-- Dependencies: 2834
-- Name: CONSTRAINT "email-idcest" ON email; Type: COMMENT; Schema: public; Owner: postgres
--

COMMENT ON CONSTRAINT "email-idcest" ON email IS 'ID na tabulku cesty';


--
-- TOC entry 2835 (class 2606 OID 24965)
-- Name: email email-idoso; Type: FK CONSTRAINT; Schema: public; Owner: postgres
--

ALTER TABLE ONLY email
    ADD CONSTRAINT "email-idoso" FOREIGN KEY (idoso) REFERENCES osoba(id) ON UPDATE CASCADE ON DELETE CASCADE;


--
-- TOC entry 3245 (class 0 OID 0)
-- Dependencies: 2835
-- Name: CONSTRAINT "email-idoso" ON email; Type: COMMENT; Schema: public; Owner: postgres
--

COMMENT ON CONSTRAINT "email-idoso" ON email IS 'Odkaz na tabulku osoba';


--
-- TOC entry 2836 (class 2606 OID 24970)
-- Name: email email-idrez; Type: FK CONSTRAINT; Schema: public; Owner: postgres
--

ALTER TABLE ONLY email
    ADD CONSTRAINT "email-idrez" FOREIGN KEY (idrez) REFERENCES rezervace(id) ON UPDATE CASCADE ON DELETE CASCADE;


--
-- TOC entry 3246 (class 0 OID 0)
-- Dependencies: 2836
-- Name: CONSTRAINT "email-idrez" ON email; Type: COMMENT; Schema: public; Owner: postgres
--

COMMENT ON CONSTRAINT "email-idrez" ON email IS 'Odkaz na tabulku rezervací';


--
-- TOC entry 2837 (class 2606 OID 24975)
-- Name: email email-iducast; Type: FK CONSTRAINT; Schema: public; Owner: postgres
--

ALTER TABLE ONLY email
    ADD CONSTRAINT "email-iducast" FOREIGN KEY (iducast) REFERENCES ucastnik(id) ON UPDATE CASCADE ON DELETE CASCADE;


--
-- TOC entry 3247 (class 0 OID 0)
-- Dependencies: 2837
-- Name: CONSTRAINT "email-iducast" ON email; Type: COMMENT; Schema: public; Owner: postgres
--

COMMENT ON CONSTRAINT "email-iducast" ON email IS 'Odkaz na tabulku ucastnik';


--
-- TOC entry 2838 (class 2606 OID 24980)
-- Name: log log-idakt; Type: FK CONSTRAINT; Schema: public; Owner: postgres
--

ALTER TABLE ONLY log
    ADD CONSTRAINT "log-idakt" FOREIGN KEY (idakt) REFERENCES aktivity(id) ON UPDATE CASCADE ON DELETE CASCADE;


--
-- TOC entry 2839 (class 2606 OID 24985)
-- Name: log log-idcest; Type: FK CONSTRAINT; Schema: public; Owner: postgres
--

ALTER TABLE ONLY log
    ADD CONSTRAINT "log-idcest" FOREIGN KEY (idcest) REFERENCES cesta(id) ON UPDATE CASCADE ON DELETE CASCADE;


--
-- TOC entry 3248 (class 0 OID 0)
-- Dependencies: 2839
-- Name: CONSTRAINT "log-idcest" ON log; Type: COMMENT; Schema: public; Owner: postgres
--

COMMENT ON CONSTRAINT "log-idcest" ON log IS 'ID na tabulku cesty';


--
-- TOC entry 2840 (class 2606 OID 24990)
-- Name: log log-idoso; Type: FK CONSTRAINT; Schema: public; Owner: postgres
--

ALTER TABLE ONLY log
    ADD CONSTRAINT "log-idoso" FOREIGN KEY (idoso) REFERENCES osoba(id) ON UPDATE CASCADE ON DELETE CASCADE;


--
-- TOC entry 3249 (class 0 OID 0)
-- Dependencies: 2840
-- Name: CONSTRAINT "log-idoso" ON log; Type: COMMENT; Schema: public; Owner: postgres
--

COMMENT ON CONSTRAINT "log-idoso" ON log IS 'Odkaz na tabulku osoba';


--
-- TOC entry 2841 (class 2606 OID 24995)
-- Name: log log-idrez; Type: FK CONSTRAINT; Schema: public; Owner: postgres
--

ALTER TABLE ONLY log
    ADD CONSTRAINT "log-idrez" FOREIGN KEY (idrez) REFERENCES rezervace(id) ON UPDATE CASCADE ON DELETE CASCADE;


--
-- TOC entry 3250 (class 0 OID 0)
-- Dependencies: 2841
-- Name: CONSTRAINT "log-idrez" ON log; Type: COMMENT; Schema: public; Owner: postgres
--

COMMENT ON CONSTRAINT "log-idrez" ON log IS 'Odkaz na tabulku rezervací';


--
-- TOC entry 2842 (class 2606 OID 25000)
-- Name: log log-iducast; Type: FK CONSTRAINT; Schema: public; Owner: postgres
--

ALTER TABLE ONLY log
    ADD CONSTRAINT "log-iducast" FOREIGN KEY (iducast) REFERENCES ucastnik(id) ON UPDATE CASCADE ON DELETE CASCADE;


--
-- TOC entry 3251 (class 0 OID 0)
-- Dependencies: 2842
-- Name: CONSTRAINT "log-iducast" ON log; Type: COMMENT; Schema: public; Owner: postgres
--

COMMENT ON CONSTRAINT "log-iducast" ON log IS 'Odkaz na tabulku ucastnik';


--
-- TOC entry 2843 (class 2606 OID 25005)
-- Name: log log-idzdr; Type: FK CONSTRAINT; Schema: public; Owner: postgres
--

ALTER TABLE ONLY log
    ADD CONSTRAINT "log-idzdr" FOREIGN KEY (idzdr) REFERENCES zdroj(id) ON UPDATE SET NULL ON DELETE SET NULL;


--
-- TOC entry 3252 (class 0 OID 0)
-- Dependencies: 2843
-- Name: CONSTRAINT "log-idzdr" ON log; Type: COMMENT; Schema: public; Owner: postgres
--

COMMENT ON CONSTRAINT "log-idzdr" ON log IS 'Odkaz na zdroj - cizi klic';


--
-- TOC entry 2844 (class 2606 OID 25010)
-- Name: rezervace rez-idakt; Type: FK CONSTRAINT; Schema: public; Owner: postgres
--

ALTER TABLE ONLY rezervace
    ADD CONSTRAINT "rez-idakt" FOREIGN KEY (idakt) REFERENCES aktivity(id) ON UPDATE CASCADE ON DELETE CASCADE;


--
-- TOC entry 3253 (class 0 OID 0)
-- Dependencies: 2844
-- Name: CONSTRAINT "rez-idakt" ON rezervace; Type: COMMENT; Schema: public; Owner: postgres
--

COMMENT ON CONSTRAINT "rez-idakt" ON rezervace IS 'Odkaz na tabulku aktivity';


--
-- TOC entry 2845 (class 2606 OID 25015)
-- Name: rezervace rez-idcest; Type: FK CONSTRAINT; Schema: public; Owner: postgres
--

ALTER TABLE ONLY rezervace
    ADD CONSTRAINT "rez-idcest" FOREIGN KEY (idcest) REFERENCES cesta(id) ON UPDATE CASCADE ON DELETE CASCADE;


--
-- TOC entry 3254 (class 0 OID 0)
-- Dependencies: 2845
-- Name: CONSTRAINT "rez-idcest" ON rezervace; Type: COMMENT; Schema: public; Owner: postgres
--

COMMENT ON CONSTRAINT "rez-idcest" ON rezervace IS 'Odkaz na tabulku cest';


--
-- TOC entry 2846 (class 2606 OID 25020)
-- Name: rezervace rez-idzdr; Type: FK CONSTRAINT; Schema: public; Owner: postgres
--

ALTER TABLE ONLY rezervace
    ADD CONSTRAINT "rez-idzdr" FOREIGN KEY (idzdr) REFERENCES zdroj(id) ON UPDATE CASCADE ON DELETE CASCADE;


--
-- TOC entry 3255 (class 0 OID 0)
-- Dependencies: 2846
-- Name: CONSTRAINT "rez-idzdr" ON rezervace; Type: COMMENT; Schema: public; Owner: postgres
--

COMMENT ON CONSTRAINT "rez-idzdr" ON rezervace IS 'Odkaz na tabulku zdroje';


--
-- TOC entry 2847 (class 2606 OID 25025)
-- Name: schvaleni schv-idcest; Type: FK CONSTRAINT; Schema: public; Owner: postgres
--

ALTER TABLE ONLY schvaleni
    ADD CONSTRAINT "schv-idcest" FOREIGN KEY (idcest) REFERENCES cesta(id) ON UPDATE CASCADE ON DELETE CASCADE;


--
-- TOC entry 3256 (class 0 OID 0)
-- Dependencies: 2847
-- Name: CONSTRAINT "schv-idcest" ON schvaleni; Type: COMMENT; Schema: public; Owner: postgres
--

COMMENT ON CONSTRAINT "schv-idcest" ON schvaleni IS 'Odkaz na tabulku cesta';


--
-- TOC entry 2848 (class 2606 OID 25030)
-- Name: schvaleni schv-idoso; Type: FK CONSTRAINT; Schema: public; Owner: postgres
--

ALTER TABLE ONLY schvaleni
    ADD CONSTRAINT "schv-idoso" FOREIGN KEY (idoso) REFERENCES osoba(id) ON UPDATE CASCADE ON DELETE CASCADE;


--
-- TOC entry 3257 (class 0 OID 0)
-- Dependencies: 2848
-- Name: CONSTRAINT "schv-idoso" ON schvaleni; Type: COMMENT; Schema: public; Owner: postgres
--

COMMENT ON CONSTRAINT "schv-idoso" ON schvaleni IS 'Cizi klic na tabulku osoba';


--
-- TOC entry 2849 (class 2606 OID 25035)
-- Name: schvaleni schv-idrez; Type: FK CONSTRAINT; Schema: public; Owner: postgres
--

ALTER TABLE ONLY schvaleni
    ADD CONSTRAINT "schv-idrez" FOREIGN KEY (idrez) REFERENCES rezervace(id) ON UPDATE CASCADE ON DELETE CASCADE;


--
-- TOC entry 2850 (class 2606 OID 25077)
-- Name: schvaleni schv-iducast; Type: FK CONSTRAINT; Schema: public; Owner: postgres
--

ALTER TABLE ONLY schvaleni
    ADD CONSTRAINT "schv-iducast" FOREIGN KEY (iducast) REFERENCES ucastnik(id) ON UPDATE CASCADE ON DELETE CASCADE;


--
-- TOC entry 3258 (class 0 OID 0)
-- Dependencies: 2850
-- Name: CONSTRAINT "schv-iducast" ON schvaleni; Type: COMMENT; Schema: public; Owner: postgres
--

COMMENT ON CONSTRAINT "schv-iducast" ON schvaleni IS 'Odkaz na tabulku ucastnik';


--
-- TOC entry 2851 (class 2606 OID 25050)
-- Name: ucastnik ucast-idcest; Type: FK CONSTRAINT; Schema: public; Owner: postgres
--

ALTER TABLE ONLY ucastnik
    ADD CONSTRAINT "ucast-idcest" FOREIGN KEY (idcest) REFERENCES cesta(id) ON UPDATE CASCADE ON DELETE CASCADE;


--
-- TOC entry 3259 (class 0 OID 0)
-- Dependencies: 2851
-- Name: CONSTRAINT "ucast-idcest" ON ucastnik; Type: COMMENT; Schema: public; Owner: postgres
--

COMMENT ON CONSTRAINT "ucast-idcest" ON ucastnik IS 'Cizí klíč na tabulku cesta';


--
-- TOC entry 2852 (class 2606 OID 25055)
-- Name: ucastnik ucast-idoso; Type: FK CONSTRAINT; Schema: public; Owner: postgres
--

ALTER TABLE ONLY ucastnik
    ADD CONSTRAINT "ucast-idoso" FOREIGN KEY (idoso) REFERENCES osoba(id) ON UPDATE CASCADE ON DELETE CASCADE;


--
-- TOC entry 3260 (class 0 OID 0)
-- Dependencies: 2852
-- Name: CONSTRAINT "ucast-idoso" ON ucastnik; Type: COMMENT; Schema: public; Owner: postgres
--

COMMENT ON CONSTRAINT "ucast-idoso" ON ucastnik IS 'Odkaz na tabulku osoba';


--
-- TOC entry 2853 (class 2606 OID 25060)
-- Name: ucastnik ucast-idtypucast; Type: FK CONSTRAINT; Schema: public; Owner: postgres
--

ALTER TABLE ONLY ucastnik
    ADD CONSTRAINT "ucast-idtypucast" FOREIGN KEY (idtypucast) REFERENCES typucast(id) ON UPDATE CASCADE ON DELETE CASCADE;


--
-- TOC entry 3261 (class 0 OID 0)
-- Dependencies: 2853
-- Name: CONSTRAINT "ucast-idtypucast" ON ucastnik; Type: COMMENT; Schema: public; Owner: postgres
--

COMMENT ON CONSTRAINT "ucast-idtypucast" ON ucastnik IS 'Odkaz na ciselnik typu ucatniku';


--
-- TOC entry 2854 (class 2606 OID 25065)
-- Name: zdroj zdroj-idoso; Type: FK CONSTRAINT; Schema: public; Owner: postgres
--

ALTER TABLE ONLY zdroj
    ADD CONSTRAINT "zdroj-idoso" FOREIGN KEY (idoso) REFERENCES osoba(id) ON UPDATE CASCADE ON DELETE CASCADE;


--
-- TOC entry 3262 (class 0 OID 0)
-- Dependencies: 2854
-- Name: CONSTRAINT "zdroj-idoso" ON zdroj; Type: COMMENT; Schema: public; Owner: postgres
--

COMMENT ON CONSTRAINT "zdroj-idoso" ON zdroj IS 'Odkaz na tabulku osob';


--
-- TOC entry 2855 (class 2606 OID 25070)
-- Name: zdroj zdroj-idtypzdr; Type: FK CONSTRAINT; Schema: public; Owner: postgres
--

ALTER TABLE ONLY zdroj
    ADD CONSTRAINT "zdroj-idtypzdr" FOREIGN KEY (idtypzdr) REFERENCES typzdroje(id) ON UPDATE CASCADE ON DELETE CASCADE;


--
-- TOC entry 3263 (class 0 OID 0)
-- Dependencies: 2855
-- Name: CONSTRAINT "zdroj-idtypzdr" ON zdroj; Type: COMMENT; Schema: public; Owner: postgres
--

COMMENT ON CONSTRAINT "zdroj-idtypzdr" ON zdroj IS 'Odkaz na typ zdroje - cizi klic';


--
-- TOC entry 3016 (class 0 OID 0)
-- Dependencies: 6
-- Name: public; Type: ACL; Schema: -; Owner: postgres
--

GRANT ALL ON SCHEMA public TO PUBLIC;


-- Completed on 2018-04-05 00:14:36

--
-- PostgreSQL database dump complete
--

